#VRML V2.0 utf8
# QLG3 depiction includes KiCad connector geometry: CC BY-SA 4.0 with KiCad library exception. XY from Hans Summers; remaining envelopes approximate.
# QLG3_PCB_XY_verified_Z_provisional
Shape { appearance Appearance { material Material { diffuseColor 0.08 0.32 0.16 } } geometry IndexedFaceSet { coord Coordinate { point [ 0.000000 0.000000 4.346457,
0.000000 0.000000 4.976378,
0.000000 7.125000 4.346457,
0.000000 7.125000 4.976378,
0.000000 0.000000 4.346457,
7.250000 0.000000 4.346457,
0.000000 0.000000 4.976378,
7.250000 0.000000 4.976378,
0.000000 0.000000 4.976378,
0.000000 7.125000 4.976378,
7.250000 0.000000 4.976378,
7.250000 7.125000 4.976378,
1.879921 1.062500 4.976378,
1.878160 1.015426 4.976378,
1.872886 0.968615 4.976378,
1.864128 0.922329 4.976378,
1.851936 0.876827 4.976378,
1.836377 0.832364 4.976378,
1.817539 0.789187 4.976378,
1.795528 0.747539 4.976378,
1.770465 0.707653 4.976378,
1.742492 0.669751 4.976378,
1.711765 0.634045 4.976378,
1.678455 0.600735 4.976378,
1.642749 0.570008 4.976378,
1.604847 0.542035 4.976378,
1.564961 0.516972 4.976378,
1.523313 0.494961 4.976378,
1.480136 0.476123 4.976378,
1.435673 0.460564 4.976378,
1.390171 0.448372 4.976378,
1.343885 0.439614 4.976378,
1.297074 0.434340 4.976378,
1.250000 0.432579 4.976378,
1.202926 0.434340 4.976378,
1.156115 0.439614 4.976378,
1.109829 0.448372 4.976378,
1.064327 0.460564 4.976378,
1.019864 0.476123 4.976378,
0.976687 0.494961 4.976378,
0.935039 0.516972 4.976378,
0.895153 0.542035 4.976378,
0.857251 0.570008 4.976378,
0.821545 0.600735 4.976378,
0.788235 0.634045 4.976378,
0.757508 0.669751 4.976378,
0.729535 0.707653 4.976378,
0.704472 0.747539 4.976378,
0.682461 0.789187 4.976378,
0.663623 0.832364 4.976378,
0.648064 0.876827 4.976378,
0.635872 0.922329 4.976378,
0.627114 0.968615 4.976378,
0.621840 1.015426 4.976378,
0.620079 1.062500 4.976378,
0.621840 1.109574 4.976378,
0.627114 1.156385 4.976378,
0.635872 1.202671 4.976378,
0.648064 1.248173 4.976378,
0.663623 1.292636 4.976378,
0.682461 1.335813 4.976378,
0.704472 1.377461 4.976378,
0.729535 1.417347 4.976378,
0.757508 1.455249 4.976378,
0.788235 1.490955 4.976378,
0.821545 1.524265 4.976378,
0.857251 1.554992 4.976378,
0.895153 1.582965 4.976378,
0.935039 1.608028 4.976378,
0.976687 1.630039 4.976378,
1.019864 1.648877 4.976378,
1.064327 1.664436 4.976378,
1.109829 1.676628 4.976378,
1.156115 1.685386 4.976378,
1.202926 1.690660 4.976378,
1.250000 1.692421 4.976378,
1.297074 1.690660 4.976378,
1.343885 1.685386 4.976378,
1.390171 1.676628 4.976378,
1.435673 1.664436 4.976378,
1.480136 1.648877 4.976378,
1.523313 1.630039 4.976378,
1.564961 1.608028 4.976378,
1.604847 1.582965 4.976378,
1.642749 1.554992 4.976378,
1.678455 1.524265 4.976378,
1.711765 1.490955 4.976378,
1.742492 1.455249 4.976378,
1.770465 1.417347 4.976378,
1.795528 1.377461 4.976378,
1.817539 1.335813 4.976378,
1.836377 1.292636 4.976378,
1.851936 1.248173 4.976378,
1.864128 1.202671 4.976378,
1.872886 1.156385 4.976378,
1.878160 1.109574 4.976378,
3.009350 1.062500 4.976378,
3.008800 1.047789 4.976378,
3.007152 1.033161 4.976378,
3.004415 1.018697 4.976378,
3.000605 1.004477 4.976378,
2.995743 0.990582 4.976378,
2.989856 0.977090 4.976378,
2.982977 0.964075 4.976378,
2.975145 0.951610 4.976378,
2.966404 0.939766 4.976378,
2.956802 0.928608 4.976378,
2.946392 0.918198 4.976378,
2.935234 0.908596 4.976378,
2.923390 0.899855 4.976378,
2.910925 0.892023 4.976378,
2.897910 0.885144 4.976378,
2.884418 0.879257 4.976378,
2.870523 0.874395 4.976378,
2.856303 0.870585 4.976378,
2.841839 0.867848 4.976378,
2.827211 0.866200 4.976378,
2.812500 0.865650 4.976378,
2.797789 0.866200 4.976378,
2.783161 0.867848 4.976378,
2.768697 0.870585 4.976378,
2.754477 0.874395 4.976378,
2.740582 0.879257 4.976378,
2.727090 0.885144 4.976378,
2.714075 0.892023 4.976378,
2.701610 0.899855 4.976378,
2.689766 0.908596 4.976378,
2.678608 0.918198 4.976378,
2.668198 0.928608 4.976378,
2.658596 0.939766 4.976378,
2.649855 0.951610 4.976378,
2.642023 0.964075 4.976378,
2.635144 0.977090 4.976378,
2.629257 0.990582 4.976378,
2.624395 1.004477 4.976378,
2.620585 1.018697 4.976378,
2.617848 1.033161 4.976378,
2.616200 1.047789 4.976378,
2.615650 1.062500 4.976378,
2.616200 1.077211 4.976378,
2.617848 1.091839 4.976378,
2.620585 1.106303 4.976378,
2.624395 1.120523 4.976378,
2.629257 1.134418 4.976378,
2.635144 1.147910 4.976378,
2.642023 1.160925 4.976378,
2.649855 1.173390 4.976378,
2.658596 1.185234 4.976378,
2.668198 1.196392 4.976378,
2.678608 1.206802 4.976378,
2.689766 1.216404 4.976378,
2.701610 1.225145 4.976378,
2.714075 1.232977 4.976378,
2.727090 1.239856 4.976378,
2.740582 1.245743 4.976378,
2.754477 1.250605 4.976378,
2.768697 1.254415 4.976378,
2.783161 1.257152 4.976378,
2.797789 1.258800 4.976378,
2.812500 1.259350 4.976378,
2.827211 1.258800 4.976378,
2.841839 1.257152 4.976378,
2.856303 1.254415 4.976378,
2.870523 1.250605 4.976378,
2.884418 1.245743 4.976378,
2.897910 1.239856 4.976378,
2.910925 1.232977 4.976378,
2.923390 1.225145 4.976378,
2.935234 1.216404 4.976378,
2.946392 1.206802 4.976378,
2.956802 1.196392 4.976378,
2.966404 1.185234 4.976378,
2.975145 1.173390 4.976378,
2.982977 1.160925 4.976378,
2.989856 1.147910 4.976378,
2.995743 1.134418 4.976378,
3.000605 1.120523 4.976378,
3.004415 1.106303 4.976378,
3.007152 1.091839 4.976378,
3.008800 1.077211 4.976378,
4.009350 1.062500 4.976378,
4.008800 1.047789 4.976378,
4.007152 1.033161 4.976378,
4.004415 1.018697 4.976378,
4.000605 1.004477 4.976378,
3.995743 0.990582 4.976378,
3.989856 0.977090 4.976378,
3.982977 0.964075 4.976378,
3.975145 0.951610 4.976378,
3.966404 0.939766 4.976378,
3.956802 0.928608 4.976378,
3.946392 0.918198 4.976378,
3.935234 0.908596 4.976378,
3.923390 0.899855 4.976378,
3.910925 0.892023 4.976378,
3.897910 0.885144 4.976378,
3.884418 0.879257 4.976378,
3.870523 0.874395 4.976378,
3.856303 0.870585 4.976378,
3.841839 0.867848 4.976378,
3.827211 0.866200 4.976378,
3.812500 0.865650 4.976378,
3.797789 0.866200 4.976378,
3.783161 0.867848 4.976378,
3.768697 0.870585 4.976378,
3.754477 0.874395 4.976378,
3.740582 0.879257 4.976378,
3.727090 0.885144 4.976378,
3.714075 0.892023 4.976378,
3.701610 0.899855 4.976378,
3.689766 0.908596 4.976378,
3.678608 0.918198 4.976378,
3.668198 0.928608 4.976378,
3.658596 0.939766 4.976378,
3.649855 0.951610 4.976378,
3.642023 0.964075 4.976378,
3.635144 0.977090 4.976378,
3.629257 0.990582 4.976378,
3.624395 1.004477 4.976378,
3.620585 1.018697 4.976378,
3.617848 1.033161 4.976378,
3.616200 1.047789 4.976378,
3.615650 1.062500 4.976378,
3.616200 1.077211 4.976378,
3.617848 1.091839 4.976378,
3.620585 1.106303 4.976378,
3.624395 1.120523 4.976378,
3.629257 1.134418 4.976378,
3.635144 1.147910 4.976378,
3.642023 1.160925 4.976378,
3.649855 1.173390 4.976378,
3.658596 1.185234 4.976378,
3.668198 1.196392 4.976378,
3.678608 1.206802 4.976378,
3.689766 1.216404 4.976378,
3.701610 1.225145 4.976378,
3.714075 1.232977 4.976378,
3.727090 1.239856 4.976378,
3.740582 1.245743 4.976378,
3.754477 1.250605 4.976378,
3.768697 1.254415 4.976378,
3.783161 1.257152 4.976378,
3.797789 1.258800 4.976378,
3.812500 1.259350 4.976378,
3.827211 1.258800 4.976378,
3.841839 1.257152 4.976378,
3.856303 1.254415 4.976378,
3.870523 1.250605 4.976378,
3.884418 1.245743 4.976378,
3.897910 1.239856 4.976378,
3.910925 1.232977 4.976378,
3.923390 1.225145 4.976378,
3.935234 1.216404 4.976378,
3.946392 1.206802 4.976378,
3.956802 1.196392 4.976378,
3.966404 1.185234 4.976378,
3.975145 1.173390 4.976378,
3.982977 1.160925 4.976378,
3.989856 1.147910 4.976378,
3.995743 1.134418 4.976378,
4.000605 1.120523 4.976378,
4.004415 1.106303 4.976378,
4.007152 1.091839 4.976378,
4.008800 1.077211 4.976378,
5.009350 1.062500 4.976378,
5.008800 1.047789 4.976378,
5.007152 1.033161 4.976378,
5.004415 1.018697 4.976378,
5.000605 1.004477 4.976378,
4.995743 0.990582 4.976378,
4.989856 0.977090 4.976378,
4.982977 0.964075 4.976378,
4.975145 0.951610 4.976378,
4.966404 0.939766 4.976378,
4.956802 0.928608 4.976378,
4.946392 0.918198 4.976378,
4.935234 0.908596 4.976378,
4.923390 0.899855 4.976378,
4.910925 0.892023 4.976378,
4.897910 0.885144 4.976378,
4.884418 0.879257 4.976378,
4.870523 0.874395 4.976378,
4.856303 0.870585 4.976378,
4.841839 0.867848 4.976378,
4.827211 0.866200 4.976378,
4.812500 0.865650 4.976378,
4.797789 0.866200 4.976378,
4.783161 0.867848 4.976378,
4.768697 0.870585 4.976378,
4.754477 0.874395 4.976378,
4.740582 0.879257 4.976378,
4.727090 0.885144 4.976378,
4.714075 0.892023 4.976378,
4.701610 0.899855 4.976378,
4.689766 0.908596 4.976378,
4.678608 0.918198 4.976378,
4.668198 0.928608 4.976378,
4.658596 0.939766 4.976378,
4.649855 0.951610 4.976378,
4.642023 0.964075 4.976378,
4.635144 0.977090 4.976378,
4.629257 0.990582 4.976378,
4.624395 1.004477 4.976378,
4.620585 1.018697 4.976378,
4.617848 1.033161 4.976378,
4.616200 1.047789 4.976378,
4.615650 1.062500 4.976378,
4.616200 1.077211 4.976378,
4.617848 1.091839 4.976378,
4.620585 1.106303 4.976378,
4.624395 1.120523 4.976378,
4.629257 1.134418 4.976378,
4.635144 1.147910 4.976378,
4.642023 1.160925 4.976378,
4.649855 1.173390 4.976378,
4.658596 1.185234 4.976378,
4.668198 1.196392 4.976378,
4.678608 1.206802 4.976378,
4.689766 1.216404 4.976378,
4.701610 1.225145 4.976378,
4.714075 1.232977 4.976378,
4.727090 1.239856 4.976378,
4.740582 1.245743 4.976378,
4.754477 1.250605 4.976378,
4.768697 1.254415 4.976378,
4.783161 1.257152 4.976378,
4.797789 1.258800 4.976378,
4.812500 1.259350 4.976378,
4.827211 1.258800 4.976378,
4.841839 1.257152 4.976378,
4.856303 1.254415 4.976378,
4.870523 1.250605 4.976378,
4.884418 1.245743 4.976378,
4.897910 1.239856 4.976378,
4.910925 1.232977 4.976378,
4.923390 1.225145 4.976378,
4.935234 1.216404 4.976378,
4.946392 1.206802 4.976378,
4.956802 1.196392 4.976378,
4.966404 1.185234 4.976378,
4.975145 1.173390 4.976378,
4.982977 1.160925 4.976378,
4.989856 1.147910 4.976378,
4.995743 1.134418 4.976378,
5.000605 1.120523 4.976378,
5.004415 1.106303 4.976378,
5.007152 1.091839 4.976378,
5.008800 1.077211 4.976378,
6.009350 1.062500 4.976378,
6.008800 1.047789 4.976378,
6.007152 1.033161 4.976378,
6.004415 1.018697 4.976378,
6.000605 1.004477 4.976378,
5.995743 0.990582 4.976378,
5.989856 0.977090 4.976378,
5.982977 0.964075 4.976378,
5.975145 0.951610 4.976378,
5.966404 0.939766 4.976378,
5.956802 0.928608 4.976378,
5.946392 0.918198 4.976378,
5.935234 0.908596 4.976378,
5.923390 0.899855 4.976378,
5.910925 0.892023 4.976378,
5.897910 0.885144 4.976378,
5.884418 0.879257 4.976378,
5.870523 0.874395 4.976378,
5.856303 0.870585 4.976378,
5.841839 0.867848 4.976378,
5.827211 0.866200 4.976378,
5.812500 0.865650 4.976378,
5.797789 0.866200 4.976378,
5.783161 0.867848 4.976378,
5.768697 0.870585 4.976378,
5.754477 0.874395 4.976378,
5.740582 0.879257 4.976378,
5.727090 0.885144 4.976378,
5.714075 0.892023 4.976378,
5.701610 0.899855 4.976378,
5.689766 0.908596 4.976378,
5.678608 0.918198 4.976378,
5.668198 0.928608 4.976378,
5.658596 0.939766 4.976378,
5.649855 0.951610 4.976378,
5.642023 0.964075 4.976378,
5.635144 0.977090 4.976378,
5.629257 0.990582 4.976378,
5.624395 1.004477 4.976378,
5.620585 1.018697 4.976378,
5.617848 1.033161 4.976378,
5.616200 1.047789 4.976378,
5.615650 1.062500 4.976378,
5.616200 1.077211 4.976378,
5.617848 1.091839 4.976378,
5.620585 1.106303 4.976378,
5.624395 1.120523 4.976378,
5.629257 1.134418 4.976378,
5.635144 1.147910 4.976378,
5.642023 1.160925 4.976378,
5.649855 1.173390 4.976378,
5.658596 1.185234 4.976378,
5.668198 1.196392 4.976378,
5.678608 1.206802 4.976378,
5.689766 1.216404 4.976378,
5.701610 1.225145 4.976378,
5.714075 1.232977 4.976378,
5.727090 1.239856 4.976378,
5.740582 1.245743 4.976378,
5.754477 1.250605 4.976378,
5.768697 1.254415 4.976378,
5.783161 1.257152 4.976378,
5.797789 1.258800 4.976378,
5.812500 1.259350 4.976378,
5.827211 1.258800 4.976378,
5.841839 1.257152 4.976378,
5.856303 1.254415 4.976378,
5.870523 1.250605 4.976378,
5.884418 1.245743 4.976378,
5.897910 1.239856 4.976378,
5.910925 1.232977 4.976378,
5.923390 1.225145 4.976378,
5.935234 1.216404 4.976378,
5.946392 1.206802 4.976378,
5.956802 1.196392 4.976378,
5.966404 1.185234 4.976378,
5.975145 1.173390 4.976378,
5.982977 1.160925 4.976378,
5.989856 1.147910 4.976378,
5.995743 1.134418 4.976378,
6.000605 1.120523 4.976378,
6.004415 1.106303 4.976378,
6.007152 1.091839 4.976378,
6.008800 1.077211 4.976378,
7.009350 1.062500 4.976378,
7.008800 1.047789 4.976378,
7.007152 1.033161 4.976378,
7.004415 1.018697 4.976378,
7.000605 1.004477 4.976378,
6.995743 0.990582 4.976378,
6.989856 0.977090 4.976378,
6.982977 0.964075 4.976378,
6.975145 0.951610 4.976378,
6.966404 0.939766 4.976378,
6.956802 0.928608 4.976378,
6.946392 0.918198 4.976378,
6.935234 0.908596 4.976378,
6.923390 0.899855 4.976378,
6.910925 0.892023 4.976378,
6.897910 0.885144 4.976378,
6.884418 0.879257 4.976378,
6.870523 0.874395 4.976378,
6.856303 0.870585 4.976378,
6.841839 0.867848 4.976378,
6.827211 0.866200 4.976378,
6.812500 0.865650 4.976378,
6.797789 0.866200 4.976378,
6.783161 0.867848 4.976378,
6.768697 0.870585 4.976378,
6.754477 0.874395 4.976378,
6.740582 0.879257 4.976378,
6.727090 0.885144 4.976378,
6.714075 0.892023 4.976378,
6.701610 0.899855 4.976378,
6.689766 0.908596 4.976378,
6.678608 0.918198 4.976378,
6.668198 0.928608 4.976378,
6.658596 0.939766 4.976378,
6.649855 0.951610 4.976378,
6.642023 0.964075 4.976378,
6.635144 0.977090 4.976378,
6.629257 0.990582 4.976378,
6.624395 1.004477 4.976378,
6.620585 1.018697 4.976378,
6.617848 1.033161 4.976378,
6.616200 1.047789 4.976378,
6.615650 1.062500 4.976378,
6.616200 1.077211 4.976378,
6.617848 1.091839 4.976378,
6.620585 1.106303 4.976378,
6.624395 1.120523 4.976378,
6.629257 1.134418 4.976378,
6.635144 1.147910 4.976378,
6.642023 1.160925 4.976378,
6.649855 1.173390 4.976378,
6.658596 1.185234 4.976378,
6.668198 1.196392 4.976378,
6.678608 1.206802 4.976378,
6.689766 1.216404 4.976378,
6.701610 1.225145 4.976378,
6.714075 1.232977 4.976378,
6.727090 1.239856 4.976378,
6.740582 1.245743 4.976378,
6.754477 1.250605 4.976378,
6.768697 1.254415 4.976378,
6.783161 1.257152 4.976378,
6.797789 1.258800 4.976378,
6.812500 1.259350 4.976378,
6.827211 1.258800 4.976378,
6.841839 1.257152 4.976378,
6.856303 1.254415 4.976378,
6.870523 1.250605 4.976378,
6.884418 1.245743 4.976378,
6.897910 1.239856 4.976378,
6.910925 1.232977 4.976378,
6.923390 1.225145 4.976378,
6.935234 1.216404 4.976378,
6.946392 1.206802 4.976378,
6.956802 1.196392 4.976378,
6.966404 1.185234 4.976378,
6.975145 1.173390 4.976378,
6.982977 1.160925 4.976378,
6.989856 1.147910 4.976378,
6.995743 1.134418 4.976378,
7.000605 1.120523 4.976378,
7.004415 1.106303 4.976378,
7.007152 1.091839 4.976378,
7.008800 1.077211 4.976378,
1.879921 6.062500 4.976378,
1.878160 6.015426 4.976378,
1.872886 5.968615 4.976378,
1.864128 5.922329 4.976378,
1.851936 5.876827 4.976378,
1.836377 5.832364 4.976378,
1.817539 5.789187 4.976378,
1.795528 5.747539 4.976378,
1.770465 5.707653 4.976378,
1.742492 5.669751 4.976378,
1.711765 5.634045 4.976378,
1.678455 5.600735 4.976378,
1.642749 5.570008 4.976378,
1.604847 5.542035 4.976378,
1.564961 5.516972 4.976378,
1.523313 5.494961 4.976378,
1.480136 5.476123 4.976378,
1.435673 5.460564 4.976378,
1.390171 5.448372 4.976378,
1.343885 5.439614 4.976378,
1.297074 5.434340 4.976378,
1.250000 5.432579 4.976378,
1.202926 5.434340 4.976378,
1.156115 5.439614 4.976378,
1.109829 5.448372 4.976378,
1.064327 5.460564 4.976378,
1.019864 5.476123 4.976378,
0.976687 5.494961 4.976378,
0.935039 5.516972 4.976378,
0.895153 5.542035 4.976378,
0.857251 5.570008 4.976378,
0.821545 5.600735 4.976378,
0.788235 5.634045 4.976378,
0.757508 5.669751 4.976378,
0.729535 5.707653 4.976378,
0.704472 5.747539 4.976378,
0.682461 5.789187 4.976378,
0.663623 5.832364 4.976378,
0.648064 5.876827 4.976378,
0.635872 5.922329 4.976378,
0.627114 5.968615 4.976378,
0.621840 6.015426 4.976378,
0.620079 6.062500 4.976378,
0.621840 6.109574 4.976378,
0.627114 6.156385 4.976378,
0.635872 6.202671 4.976378,
0.648064 6.248173 4.976378,
0.663623 6.292636 4.976378,
0.682461 6.335813 4.976378,
0.704472 6.377461 4.976378,
0.729535 6.417347 4.976378,
0.757508 6.455249 4.976378,
0.788235 6.490955 4.976378,
0.821545 6.524265 4.976378,
0.857251 6.554992 4.976378,
0.895153 6.582965 4.976378,
0.935039 6.608028 4.976378,
0.976687 6.630039 4.976378,
1.019864 6.648877 4.976378,
1.064327 6.664436 4.976378,
1.109829 6.676628 4.976378,
1.156115 6.685386 4.976378,
1.202926 6.690660 4.976378,
1.250000 6.692421 4.976378,
1.297074 6.690660 4.976378,
1.343885 6.685386 4.976378,
1.390171 6.676628 4.976378,
1.435673 6.664436 4.976378,
1.480136 6.648877 4.976378,
1.523313 6.630039 4.976378,
1.564961 6.608028 4.976378,
1.604847 6.582965 4.976378,
1.642749 6.554992 4.976378,
1.678455 6.524265 4.976378,
1.711765 6.490955 4.976378,
1.742492 6.455249 4.976378,
1.770465 6.417347 4.976378,
1.795528 6.377461 4.976378,
1.817539 6.335813 4.976378,
1.836377 6.292636 4.976378,
1.851936 6.248173 4.976378,
1.864128 6.202671 4.976378,
1.872886 6.156385 4.976378,
1.878160 6.109574 4.976378,
0.000000 7.125000 4.346457,
7.250000 7.125000 4.346457,
0.000000 7.125000 4.976378,
7.250000 7.125000 4.976378,
0.000000 0.000000 4.346457,
0.000000 7.125000 4.346457,
7.250000 0.000000 4.346457,
7.250000 7.125000 4.346457,
1.879921 1.062500 4.346457,
1.878160 1.015426 4.346457,
1.872886 0.968615 4.346457,
1.864128 0.922329 4.346457,
1.851936 0.876827 4.346457,
1.836377 0.832364 4.346457,
1.817539 0.789187 4.346457,
1.795528 0.747539 4.346457,
1.770465 0.707653 4.346457,
1.742492 0.669751 4.346457,
1.711765 0.634045 4.346457,
1.678455 0.600735 4.346457,
1.642749 0.570008 4.346457,
1.604847 0.542035 4.346457,
1.564961 0.516972 4.346457,
1.523313 0.494961 4.346457,
1.480136 0.476123 4.346457,
1.435673 0.460564 4.346457,
1.390171 0.448372 4.346457,
1.343885 0.439614 4.346457,
1.297074 0.434340 4.346457,
1.250000 0.432579 4.346457,
1.202926 0.434340 4.346457,
1.156115 0.439614 4.346457,
1.109829 0.448372 4.346457,
1.064327 0.460564 4.346457,
1.019864 0.476123 4.346457,
0.976687 0.494961 4.346457,
0.935039 0.516972 4.346457,
0.895153 0.542035 4.346457,
0.857251 0.570008 4.346457,
0.821545 0.600735 4.346457,
0.788235 0.634045 4.346457,
0.757508 0.669751 4.346457,
0.729535 0.707653 4.346457,
0.704472 0.747539 4.346457,
0.682461 0.789187 4.346457,
0.663623 0.832364 4.346457,
0.648064 0.876827 4.346457,
0.635872 0.922329 4.346457,
0.627114 0.968615 4.346457,
0.621840 1.015426 4.346457,
0.620079 1.062500 4.346457,
0.621840 1.109574 4.346457,
0.627114 1.156385 4.346457,
0.635872 1.202671 4.346457,
0.648064 1.248173 4.346457,
0.663623 1.292636 4.346457,
0.682461 1.335813 4.346457,
0.704472 1.377461 4.346457,
0.729535 1.417347 4.346457,
0.757508 1.455249 4.346457,
0.788235 1.490955 4.346457,
0.821545 1.524265 4.346457,
0.857251 1.554992 4.346457,
0.895153 1.582965 4.346457,
0.935039 1.608028 4.346457,
0.976687 1.630039 4.346457,
1.019864 1.648877 4.346457,
1.064327 1.664436 4.346457,
1.109829 1.676628 4.346457,
1.156115 1.685386 4.346457,
1.202926 1.690660 4.346457,
1.250000 1.692421 4.346457,
1.297074 1.690660 4.346457,
1.343885 1.685386 4.346457,
1.390171 1.676628 4.346457,
1.435673 1.664436 4.346457,
1.480136 1.648877 4.346457,
1.523313 1.630039 4.346457,
1.564961 1.608028 4.346457,
1.604847 1.582965 4.346457,
1.642749 1.554992 4.346457,
1.678455 1.524265 4.346457,
1.711765 1.490955 4.346457,
1.742492 1.455249 4.346457,
1.770465 1.417347 4.346457,
1.795528 1.377461 4.346457,
1.817539 1.335813 4.346457,
1.836377 1.292636 4.346457,
1.851936 1.248173 4.346457,
1.864128 1.202671 4.346457,
1.872886 1.156385 4.346457,
1.878160 1.109574 4.346457,
3.009350 1.062500 4.346457,
3.008800 1.047789 4.346457,
3.007152 1.033161 4.346457,
3.004415 1.018697 4.346457,
3.000605 1.004477 4.346457,
2.995743 0.990582 4.346457,
2.989856 0.977090 4.346457,
2.982977 0.964075 4.346457,
2.975145 0.951610 4.346457,
2.966404 0.939766 4.346457,
2.956802 0.928608 4.346457,
2.946392 0.918198 4.346457,
2.935234 0.908596 4.346457,
2.923390 0.899855 4.346457,
2.910925 0.892023 4.346457,
2.897910 0.885144 4.346457,
2.884418 0.879257 4.346457,
2.870523 0.874395 4.346457,
2.856303 0.870585 4.346457,
2.841839 0.867848 4.346457,
2.827211 0.866200 4.346457,
2.812500 0.865650 4.346457,
2.797789 0.866200 4.346457,
2.783161 0.867848 4.346457,
2.768697 0.870585 4.346457,
2.754477 0.874395 4.346457,
2.740582 0.879257 4.346457,
2.727090 0.885144 4.346457,
2.714075 0.892023 4.346457,
2.701610 0.899855 4.346457,
2.689766 0.908596 4.346457,
2.678608 0.918198 4.346457,
2.668198 0.928608 4.346457,
2.658596 0.939766 4.346457,
2.649855 0.951610 4.346457,
2.642023 0.964075 4.346457,
2.635144 0.977090 4.346457,
2.629257 0.990582 4.346457,
2.624395 1.004477 4.346457,
2.620585 1.018697 4.346457,
2.617848 1.033161 4.346457,
2.616200 1.047789 4.346457,
2.615650 1.062500 4.346457,
2.616200 1.077211 4.346457,
2.617848 1.091839 4.346457,
2.620585 1.106303 4.346457,
2.624395 1.120523 4.346457,
2.629257 1.134418 4.346457,
2.635144 1.147910 4.346457,
2.642023 1.160925 4.346457,
2.649855 1.173390 4.346457,
2.658596 1.185234 4.346457,
2.668198 1.196392 4.346457,
2.678608 1.206802 4.346457,
2.689766 1.216404 4.346457,
2.701610 1.225145 4.346457,
2.714075 1.232977 4.346457,
2.727090 1.239856 4.346457,
2.740582 1.245743 4.346457,
2.754477 1.250605 4.346457,
2.768697 1.254415 4.346457,
2.783161 1.257152 4.346457,
2.797789 1.258800 4.346457,
2.812500 1.259350 4.346457,
2.827211 1.258800 4.346457,
2.841839 1.257152 4.346457,
2.856303 1.254415 4.346457,
2.870523 1.250605 4.346457,
2.884418 1.245743 4.346457,
2.897910 1.239856 4.346457,
2.910925 1.232977 4.346457,
2.923390 1.225145 4.346457,
2.935234 1.216404 4.346457,
2.946392 1.206802 4.346457,
2.956802 1.196392 4.346457,
2.966404 1.185234 4.346457,
2.975145 1.173390 4.346457,
2.982977 1.160925 4.346457,
2.989856 1.147910 4.346457,
2.995743 1.134418 4.346457,
3.000605 1.120523 4.346457,
3.004415 1.106303 4.346457,
3.007152 1.091839 4.346457,
3.008800 1.077211 4.346457,
4.009350 1.062500 4.346457,
4.008800 1.047789 4.346457,
4.007152 1.033161 4.346457,
4.004415 1.018697 4.346457,
4.000605 1.004477 4.346457,
3.995743 0.990582 4.346457,
3.989856 0.977090 4.346457,
3.982977 0.964075 4.346457,
3.975145 0.951610 4.346457,
3.966404 0.939766 4.346457,
3.956802 0.928608 4.346457,
3.946392 0.918198 4.346457,
3.935234 0.908596 4.346457,
3.923390 0.899855 4.346457,
3.910925 0.892023 4.346457,
3.897910 0.885144 4.346457,
3.884418 0.879257 4.346457,
3.870523 0.874395 4.346457,
3.856303 0.870585 4.346457,
3.841839 0.867848 4.346457,
3.827211 0.866200 4.346457,
3.812500 0.865650 4.346457,
3.797789 0.866200 4.346457,
3.783161 0.867848 4.346457,
3.768697 0.870585 4.346457,
3.754477 0.874395 4.346457,
3.740582 0.879257 4.346457,
3.727090 0.885144 4.346457,
3.714075 0.892023 4.346457,
3.701610 0.899855 4.346457,
3.689766 0.908596 4.346457,
3.678608 0.918198 4.346457,
3.668198 0.928608 4.346457,
3.658596 0.939766 4.346457,
3.649855 0.951610 4.346457,
3.642023 0.964075 4.346457,
3.635144 0.977090 4.346457,
3.629257 0.990582 4.346457,
3.624395 1.004477 4.346457,
3.620585 1.018697 4.346457,
3.617848 1.033161 4.346457,
3.616200 1.047789 4.346457,
3.615650 1.062500 4.346457,
3.616200 1.077211 4.346457,
3.617848 1.091839 4.346457,
3.620585 1.106303 4.346457,
3.624395 1.120523 4.346457,
3.629257 1.134418 4.346457,
3.635144 1.147910 4.346457,
3.642023 1.160925 4.346457,
3.649855 1.173390 4.346457,
3.658596 1.185234 4.346457,
3.668198 1.196392 4.346457,
3.678608 1.206802 4.346457,
3.689766 1.216404 4.346457,
3.701610 1.225145 4.346457,
3.714075 1.232977 4.346457,
3.727090 1.239856 4.346457,
3.740582 1.245743 4.346457,
3.754477 1.250605 4.346457,
3.768697 1.254415 4.346457,
3.783161 1.257152 4.346457,
3.797789 1.258800 4.346457,
3.812500 1.259350 4.346457,
3.827211 1.258800 4.346457,
3.841839 1.257152 4.346457,
3.856303 1.254415 4.346457,
3.870523 1.250605 4.346457,
3.884418 1.245743 4.346457,
3.897910 1.239856 4.346457,
3.910925 1.232977 4.346457,
3.923390 1.225145 4.346457,
3.935234 1.216404 4.346457,
3.946392 1.206802 4.346457,
3.956802 1.196392 4.346457,
3.966404 1.185234 4.346457,
3.975145 1.173390 4.346457,
3.982977 1.160925 4.346457,
3.989856 1.147910 4.346457,
3.995743 1.134418 4.346457,
4.000605 1.120523 4.346457,
4.004415 1.106303 4.346457,
4.007152 1.091839 4.346457,
4.008800 1.077211 4.346457,
5.009350 1.062500 4.346457,
5.008800 1.047789 4.346457,
5.007152 1.033161 4.346457,
5.004415 1.018697 4.346457,
5.000605 1.004477 4.346457,
4.995743 0.990582 4.346457,
4.989856 0.977090 4.346457,
4.982977 0.964075 4.346457,
4.975145 0.951610 4.346457,
4.966404 0.939766 4.346457,
4.956802 0.928608 4.346457,
4.946392 0.918198 4.346457,
4.935234 0.908596 4.346457,
4.923390 0.899855 4.346457,
4.910925 0.892023 4.346457,
4.897910 0.885144 4.346457,
4.884418 0.879257 4.346457,
4.870523 0.874395 4.346457,
4.856303 0.870585 4.346457,
4.841839 0.867848 4.346457,
4.827211 0.866200 4.346457,
4.812500 0.865650 4.346457,
4.797789 0.866200 4.346457,
4.783161 0.867848 4.346457,
4.768697 0.870585 4.346457,
4.754477 0.874395 4.346457,
4.740582 0.879257 4.346457,
4.727090 0.885144 4.346457,
4.714075 0.892023 4.346457,
4.701610 0.899855 4.346457,
4.689766 0.908596 4.346457,
4.678608 0.918198 4.346457,
4.668198 0.928608 4.346457,
4.658596 0.939766 4.346457,
4.649855 0.951610 4.346457,
4.642023 0.964075 4.346457,
4.635144 0.977090 4.346457,
4.629257 0.990582 4.346457,
4.624395 1.004477 4.346457,
4.620585 1.018697 4.346457,
4.617848 1.033161 4.346457,
4.616200 1.047789 4.346457,
4.615650 1.062500 4.346457,
4.616200 1.077211 4.346457,
4.617848 1.091839 4.346457,
4.620585 1.106303 4.346457,
4.624395 1.120523 4.346457,
4.629257 1.134418 4.346457,
4.635144 1.147910 4.346457,
4.642023 1.160925 4.346457,
4.649855 1.173390 4.346457,
4.658596 1.185234 4.346457,
4.668198 1.196392 4.346457,
4.678608 1.206802 4.346457,
4.689766 1.216404 4.346457,
4.701610 1.225145 4.346457,
4.714075 1.232977 4.346457,
4.727090 1.239856 4.346457,
4.740582 1.245743 4.346457,
4.754477 1.250605 4.346457,
4.768697 1.254415 4.346457,
4.783161 1.257152 4.346457,
4.797789 1.258800 4.346457,
4.812500 1.259350 4.346457,
4.827211 1.258800 4.346457,
4.841839 1.257152 4.346457,
4.856303 1.254415 4.346457,
4.870523 1.250605 4.346457,
4.884418 1.245743 4.346457,
4.897910 1.239856 4.346457,
4.910925 1.232977 4.346457,
4.923390 1.225145 4.346457,
4.935234 1.216404 4.346457,
4.946392 1.206802 4.346457,
4.956802 1.196392 4.346457,
4.966404 1.185234 4.346457,
4.975145 1.173390 4.346457,
4.982977 1.160925 4.346457,
4.989856 1.147910 4.346457,
4.995743 1.134418 4.346457,
5.000605 1.120523 4.346457,
5.004415 1.106303 4.346457,
5.007152 1.091839 4.346457,
5.008800 1.077211 4.346457,
6.009350 1.062500 4.346457,
6.008800 1.047789 4.346457,
6.007152 1.033161 4.346457,
6.004415 1.018697 4.346457,
6.000605 1.004477 4.346457,
5.995743 0.990582 4.346457,
5.989856 0.977090 4.346457,
5.982977 0.964075 4.346457,
5.975145 0.951610 4.346457,
5.966404 0.939766 4.346457,
5.956802 0.928608 4.346457,
5.946392 0.918198 4.346457,
5.935234 0.908596 4.346457,
5.923390 0.899855 4.346457,
5.910925 0.892023 4.346457,
5.897910 0.885144 4.346457,
5.884418 0.879257 4.346457,
5.870523 0.874395 4.346457,
5.856303 0.870585 4.346457,
5.841839 0.867848 4.346457,
5.827211 0.866200 4.346457,
5.812500 0.865650 4.346457,
5.797789 0.866200 4.346457,
5.783161 0.867848 4.346457,
5.768697 0.870585 4.346457,
5.754477 0.874395 4.346457,
5.740582 0.879257 4.346457,
5.727090 0.885144 4.346457,
5.714075 0.892023 4.346457,
5.701610 0.899855 4.346457,
5.689766 0.908596 4.346457,
5.678608 0.918198 4.346457,
5.668198 0.928608 4.346457,
5.658596 0.939766 4.346457,
5.649855 0.951610 4.346457,
5.642023 0.964075 4.346457,
5.635144 0.977090 4.346457,
5.629257 0.990582 4.346457,
5.624395 1.004477 4.346457,
5.620585 1.018697 4.346457,
5.617848 1.033161 4.346457,
5.616200 1.047789 4.346457,
5.615650 1.062500 4.346457,
5.616200 1.077211 4.346457,
5.617848 1.091839 4.346457,
5.620585 1.106303 4.346457,
5.624395 1.120523 4.346457,
5.629257 1.134418 4.346457,
5.635144 1.147910 4.346457,
5.642023 1.160925 4.346457,
5.649855 1.173390 4.346457,
5.658596 1.185234 4.346457,
5.668198 1.196392 4.346457,
5.678608 1.206802 4.346457,
5.689766 1.216404 4.346457,
5.701610 1.225145 4.346457,
5.714075 1.232977 4.346457,
5.727090 1.239856 4.346457,
5.740582 1.245743 4.346457,
5.754477 1.250605 4.346457,
5.768697 1.254415 4.346457,
5.783161 1.257152 4.346457,
5.797789 1.258800 4.346457,
5.812500 1.259350 4.346457,
5.827211 1.258800 4.346457,
5.841839 1.257152 4.346457,
5.856303 1.254415 4.346457,
5.870523 1.250605 4.346457,
5.884418 1.245743 4.346457,
5.897910 1.239856 4.346457,
5.910925 1.232977 4.346457,
5.923390 1.225145 4.346457,
5.935234 1.216404 4.346457,
5.946392 1.206802 4.346457,
5.956802 1.196392 4.346457,
5.966404 1.185234 4.346457,
5.975145 1.173390 4.346457,
5.982977 1.160925 4.346457,
5.989856 1.147910 4.346457,
5.995743 1.134418 4.346457,
6.000605 1.120523 4.346457,
6.004415 1.106303 4.346457,
6.007152 1.091839 4.346457,
6.008800 1.077211 4.346457,
7.009350 1.062500 4.346457,
7.008800 1.047789 4.346457,
7.007152 1.033161 4.346457,
7.004415 1.018697 4.346457,
7.000605 1.004477 4.346457,
6.995743 0.990582 4.346457,
6.989856 0.977090 4.346457,
6.982977 0.964075 4.346457,
6.975145 0.951610 4.346457,
6.966404 0.939766 4.346457,
6.956802 0.928608 4.346457,
6.946392 0.918198 4.346457,
6.935234 0.908596 4.346457,
6.923390 0.899855 4.346457,
6.910925 0.892023 4.346457,
6.897910 0.885144 4.346457,
6.884418 0.879257 4.346457,
6.870523 0.874395 4.346457,
6.856303 0.870585 4.346457,
6.841839 0.867848 4.346457,
6.827211 0.866200 4.346457,
6.812500 0.865650 4.346457,
6.797789 0.866200 4.346457,
6.783161 0.867848 4.346457,
6.768697 0.870585 4.346457,
6.754477 0.874395 4.346457,
6.740582 0.879257 4.346457,
6.727090 0.885144 4.346457,
6.714075 0.892023 4.346457,
6.701610 0.899855 4.346457,
6.689766 0.908596 4.346457,
6.678608 0.918198 4.346457,
6.668198 0.928608 4.346457,
6.658596 0.939766 4.346457,
6.649855 0.951610 4.346457,
6.642023 0.964075 4.346457,
6.635144 0.977090 4.346457,
6.629257 0.990582 4.346457,
6.624395 1.004477 4.346457,
6.620585 1.018697 4.346457,
6.617848 1.033161 4.346457,
6.616200 1.047789 4.346457,
6.615650 1.062500 4.346457,
6.616200 1.077211 4.346457,
6.617848 1.091839 4.346457,
6.620585 1.106303 4.346457,
6.624395 1.120523 4.346457,
6.629257 1.134418 4.346457,
6.635144 1.147910 4.346457,
6.642023 1.160925 4.346457,
6.649855 1.173390 4.346457,
6.658596 1.185234 4.346457,
6.668198 1.196392 4.346457,
6.678608 1.206802 4.346457,
6.689766 1.216404 4.346457,
6.701610 1.225145 4.346457,
6.714075 1.232977 4.346457,
6.727090 1.239856 4.346457,
6.740582 1.245743 4.346457,
6.754477 1.250605 4.346457,
6.768697 1.254415 4.346457,
6.783161 1.257152 4.346457,
6.797789 1.258800 4.346457,
6.812500 1.259350 4.346457,
6.827211 1.258800 4.346457,
6.841839 1.257152 4.346457,
6.856303 1.254415 4.346457,
6.870523 1.250605 4.346457,
6.884418 1.245743 4.346457,
6.897910 1.239856 4.346457,
6.910925 1.232977 4.346457,
6.923390 1.225145 4.346457,
6.935234 1.216404 4.346457,
6.946392 1.206802 4.346457,
6.956802 1.196392 4.346457,
6.966404 1.185234 4.346457,
6.975145 1.173390 4.346457,
6.982977 1.160925 4.346457,
6.989856 1.147910 4.346457,
6.995743 1.134418 4.346457,
7.000605 1.120523 4.346457,
7.004415 1.106303 4.346457,
7.007152 1.091839 4.346457,
7.008800 1.077211 4.346457,
1.879921 6.062500 4.346457,
1.878160 6.015426 4.346457,
1.872886 5.968615 4.346457,
1.864128 5.922329 4.346457,
1.851936 5.876827 4.346457,
1.836377 5.832364 4.346457,
1.817539 5.789187 4.346457,
1.795528 5.747539 4.346457,
1.770465 5.707653 4.346457,
1.742492 5.669751 4.346457,
1.711765 5.634045 4.346457,
1.678455 5.600735 4.346457,
1.642749 5.570008 4.346457,
1.604847 5.542035 4.346457,
1.564961 5.516972 4.346457,
1.523313 5.494961 4.346457,
1.480136 5.476123 4.346457,
1.435673 5.460564 4.346457,
1.390171 5.448372 4.346457,
1.343885 5.439614 4.346457,
1.297074 5.434340 4.346457,
1.250000 5.432579 4.346457,
1.202926 5.434340 4.346457,
1.156115 5.439614 4.346457,
1.109829 5.448372 4.346457,
1.064327 5.460564 4.346457,
1.019864 5.476123 4.346457,
0.976687 5.494961 4.346457,
0.935039 5.516972 4.346457,
0.895153 5.542035 4.346457,
0.857251 5.570008 4.346457,
0.821545 5.600735 4.346457,
0.788235 5.634045 4.346457,
0.757508 5.669751 4.346457,
0.729535 5.707653 4.346457,
0.704472 5.747539 4.346457,
0.682461 5.789187 4.346457,
0.663623 5.832364 4.346457,
0.648064 5.876827 4.346457,
0.635872 5.922329 4.346457,
0.627114 5.968615 4.346457,
0.621840 6.015426 4.346457,
0.620079 6.062500 4.346457,
0.621840 6.109574 4.346457,
0.627114 6.156385 4.346457,
0.635872 6.202671 4.346457,
0.648064 6.248173 4.346457,
0.663623 6.292636 4.346457,
0.682461 6.335813 4.346457,
0.704472 6.377461 4.346457,
0.729535 6.417347 4.346457,
0.757508 6.455249 4.346457,
0.788235 6.490955 4.346457,
0.821545 6.524265 4.346457,
0.857251 6.554992 4.346457,
0.895153 6.582965 4.346457,
0.935039 6.608028 4.346457,
0.976687 6.630039 4.346457,
1.019864 6.648877 4.346457,
1.064327 6.664436 4.346457,
1.109829 6.676628 4.346457,
1.156115 6.685386 4.346457,
1.202926 6.690660 4.346457,
1.250000 6.692421 4.346457,
1.297074 6.690660 4.346457,
1.343885 6.685386 4.346457,
1.390171 6.676628 4.346457,
1.435673 6.664436 4.346457,
1.480136 6.648877 4.346457,
1.523313 6.630039 4.346457,
1.564961 6.608028 4.346457,
1.604847 6.582965 4.346457,
1.642749 6.554992 4.346457,
1.678455 6.524265 4.346457,
1.711765 6.490955 4.346457,
1.742492 6.455249 4.346457,
1.770465 6.417347 4.346457,
1.795528 6.377461 4.346457,
1.817539 6.335813 4.346457,
1.836377 6.292636 4.346457,
1.851936 6.248173 4.346457,
1.864128 6.202671 4.346457,
1.872886 6.156385 4.346457,
1.878160 6.109574 4.346457,
7.250000 0.000000 4.346457,
7.250000 0.000000 4.976378,
7.250000 7.125000 4.346457,
7.250000 7.125000 4.976378,
1.879921 1.062500 4.346457,
1.878160 1.015426 4.346457,
1.872886 0.968615 4.346457,
1.864128 0.922329 4.346457,
1.851936 0.876827 4.346457,
1.836377 0.832364 4.346457,
1.817539 0.789187 4.346457,
1.795528 0.747539 4.346457,
1.770465 0.707653 4.346457,
1.742492 0.669751 4.346457,
1.711765 0.634045 4.346457,
1.678455 0.600735 4.346457,
1.642749 0.570008 4.346457,
1.604847 0.542035 4.346457,
1.564961 0.516972 4.346457,
1.523313 0.494961 4.346457,
1.480136 0.476123 4.346457,
1.435673 0.460564 4.346457,
1.390171 0.448372 4.346457,
1.343885 0.439614 4.346457,
1.297074 0.434340 4.346457,
1.250000 0.432579 4.346457,
1.202926 0.434340 4.346457,
1.156115 0.439614 4.346457,
1.109829 0.448372 4.346457,
1.064327 0.460564 4.346457,
1.019864 0.476123 4.346457,
0.976687 0.494961 4.346457,
0.935039 0.516972 4.346457,
0.895153 0.542035 4.346457,
0.857251 0.570008 4.346457,
0.821545 0.600735 4.346457,
0.788235 0.634045 4.346457,
0.757508 0.669751 4.346457,
0.729535 0.707653 4.346457,
0.704472 0.747539 4.346457,
0.682461 0.789187 4.346457,
0.663623 0.832364 4.346457,
0.648064 0.876827 4.346457,
0.635872 0.922329 4.346457,
0.627114 0.968615 4.346457,
0.621840 1.015426 4.346457,
0.620079 1.062500 4.346457,
0.621840 1.109574 4.346457,
0.627114 1.156385 4.346457,
0.635872 1.202671 4.346457,
0.648064 1.248173 4.346457,
0.663623 1.292636 4.346457,
0.682461 1.335813 4.346457,
0.704472 1.377461 4.346457,
0.729535 1.417347 4.346457,
0.757508 1.455249 4.346457,
0.788235 1.490955 4.346457,
0.821545 1.524265 4.346457,
0.857251 1.554992 4.346457,
0.895153 1.582965 4.346457,
0.935039 1.608028 4.346457,
0.976687 1.630039 4.346457,
1.019864 1.648877 4.346457,
1.064327 1.664436 4.346457,
1.109829 1.676628 4.346457,
1.156115 1.685386 4.346457,
1.202926 1.690660 4.346457,
1.250000 1.692421 4.346457,
1.297074 1.690660 4.346457,
1.343885 1.685386 4.346457,
1.390171 1.676628 4.346457,
1.435673 1.664436 4.346457,
1.480136 1.648877 4.346457,
1.523313 1.630039 4.346457,
1.564961 1.608028 4.346457,
1.604847 1.582965 4.346457,
1.642749 1.554992 4.346457,
1.678455 1.524265 4.346457,
1.711765 1.490955 4.346457,
1.742492 1.455249 4.346457,
1.770465 1.417347 4.346457,
1.795528 1.377461 4.346457,
1.817539 1.335813 4.346457,
1.836377 1.292636 4.346457,
1.851936 1.248173 4.346457,
1.864128 1.202671 4.346457,
1.872886 1.156385 4.346457,
1.878160 1.109574 4.346457,
1.879921 1.062500 4.346457,
1.879921 1.062500 4.976378,
1.879921 1.062500 4.976378,
1.878160 1.015426 4.976378,
1.872886 0.968615 4.976378,
1.864128 0.922329 4.976378,
1.851936 0.876827 4.976378,
1.836377 0.832364 4.976378,
1.817539 0.789187 4.976378,
1.795528 0.747539 4.976378,
1.770465 0.707653 4.976378,
1.742492 0.669751 4.976378,
1.711765 0.634045 4.976378,
1.678455 0.600735 4.976378,
1.642749 0.570008 4.976378,
1.604847 0.542035 4.976378,
1.564961 0.516972 4.976378,
1.523313 0.494961 4.976378,
1.480136 0.476123 4.976378,
1.435673 0.460564 4.976378,
1.390171 0.448372 4.976378,
1.343885 0.439614 4.976378,
1.297074 0.434340 4.976378,
1.250000 0.432579 4.976378,
1.202926 0.434340 4.976378,
1.156115 0.439614 4.976378,
1.109829 0.448372 4.976378,
1.064327 0.460564 4.976378,
1.019864 0.476123 4.976378,
0.976687 0.494961 4.976378,
0.935039 0.516972 4.976378,
0.895153 0.542035 4.976378,
0.857251 0.570008 4.976378,
0.821545 0.600735 4.976378,
0.788235 0.634045 4.976378,
0.757508 0.669751 4.976378,
0.729535 0.707653 4.976378,
0.704472 0.747539 4.976378,
0.682461 0.789187 4.976378,
0.663623 0.832364 4.976378,
0.648064 0.876827 4.976378,
0.635872 0.922329 4.976378,
0.627114 0.968615 4.976378,
0.621840 1.015426 4.976378,
0.620079 1.062500 4.976378,
0.621840 1.109574 4.976378,
0.627114 1.156385 4.976378,
0.635872 1.202671 4.976378,
0.648064 1.248173 4.976378,
0.663623 1.292636 4.976378,
0.682461 1.335813 4.976378,
0.704472 1.377461 4.976378,
0.729535 1.417347 4.976378,
0.757508 1.455249 4.976378,
0.788235 1.490955 4.976378,
0.821545 1.524265 4.976378,
0.857251 1.554992 4.976378,
0.895153 1.582965 4.976378,
0.935039 1.608028 4.976378,
0.976687 1.630039 4.976378,
1.019864 1.648877 4.976378,
1.064327 1.664436 4.976378,
1.109829 1.676628 4.976378,
1.156115 1.685386 4.976378,
1.202926 1.690660 4.976378,
1.250000 1.692421 4.976378,
1.297074 1.690660 4.976378,
1.343885 1.685386 4.976378,
1.390171 1.676628 4.976378,
1.435673 1.664436 4.976378,
1.480136 1.648877 4.976378,
1.523313 1.630039 4.976378,
1.564961 1.608028 4.976378,
1.604847 1.582965 4.976378,
1.642749 1.554992 4.976378,
1.678455 1.524265 4.976378,
1.711765 1.490955 4.976378,
1.742492 1.455249 4.976378,
1.770465 1.417347 4.976378,
1.795528 1.377461 4.976378,
1.817539 1.335813 4.976378,
1.836377 1.292636 4.976378,
1.851936 1.248173 4.976378,
1.864128 1.202671 4.976378,
1.872886 1.156385 4.976378,
1.878160 1.109574 4.976378,
3.009350 1.062500 4.346457,
3.008800 1.047789 4.346457,
3.007152 1.033161 4.346457,
3.004415 1.018697 4.346457,
3.000605 1.004477 4.346457,
2.995743 0.990582 4.346457,
2.989856 0.977090 4.346457,
2.982977 0.964075 4.346457,
2.975145 0.951610 4.346457,
2.966404 0.939766 4.346457,
2.956802 0.928608 4.346457,
2.946392 0.918198 4.346457,
2.935234 0.908596 4.346457,
2.923390 0.899855 4.346457,
2.910925 0.892023 4.346457,
2.897910 0.885144 4.346457,
2.884418 0.879257 4.346457,
2.870523 0.874395 4.346457,
2.856303 0.870585 4.346457,
2.841839 0.867848 4.346457,
2.827211 0.866200 4.346457,
2.812500 0.865650 4.346457,
2.797789 0.866200 4.346457,
2.783161 0.867848 4.346457,
2.768697 0.870585 4.346457,
2.754477 0.874395 4.346457,
2.740582 0.879257 4.346457,
2.727090 0.885144 4.346457,
2.714075 0.892023 4.346457,
2.701610 0.899855 4.346457,
2.689766 0.908596 4.346457,
2.678608 0.918198 4.346457,
2.668198 0.928608 4.346457,
2.658596 0.939766 4.346457,
2.649855 0.951610 4.346457,
2.642023 0.964075 4.346457,
2.635144 0.977090 4.346457,
2.629257 0.990582 4.346457,
2.624395 1.004477 4.346457,
2.620585 1.018697 4.346457,
2.617848 1.033161 4.346457,
2.616200 1.047789 4.346457,
2.615650 1.062500 4.346457,
2.616200 1.077211 4.346457,
2.617848 1.091839 4.346457,
2.620585 1.106303 4.346457,
2.624395 1.120523 4.346457,
2.629257 1.134418 4.346457,
2.635144 1.147910 4.346457,
2.642023 1.160925 4.346457,
2.649855 1.173390 4.346457,
2.658596 1.185234 4.346457,
2.668198 1.196392 4.346457,
2.678608 1.206802 4.346457,
2.689766 1.216404 4.346457,
2.701610 1.225145 4.346457,
2.714075 1.232977 4.346457,
2.727090 1.239856 4.346457,
2.740582 1.245743 4.346457,
2.754477 1.250605 4.346457,
2.768697 1.254415 4.346457,
2.783161 1.257152 4.346457,
2.797789 1.258800 4.346457,
2.812500 1.259350 4.346457,
2.827211 1.258800 4.346457,
2.841839 1.257152 4.346457,
2.856303 1.254415 4.346457,
2.870523 1.250605 4.346457,
2.884418 1.245743 4.346457,
2.897910 1.239856 4.346457,
2.910925 1.232977 4.346457,
2.923390 1.225145 4.346457,
2.935234 1.216404 4.346457,
2.946392 1.206802 4.346457,
2.956802 1.196392 4.346457,
2.966404 1.185234 4.346457,
2.975145 1.173390 4.346457,
2.982977 1.160925 4.346457,
2.989856 1.147910 4.346457,
2.995743 1.134418 4.346457,
3.000605 1.120523 4.346457,
3.004415 1.106303 4.346457,
3.007152 1.091839 4.346457,
3.008800 1.077211 4.346457,
3.009350 1.062500 4.346457,
3.009350 1.062500 4.976378,
3.009350 1.062500 4.976378,
3.008800 1.047789 4.976378,
3.007152 1.033161 4.976378,
3.004415 1.018697 4.976378,
3.000605 1.004477 4.976378,
2.995743 0.990582 4.976378,
2.989856 0.977090 4.976378,
2.982977 0.964075 4.976378,
2.975145 0.951610 4.976378,
2.966404 0.939766 4.976378,
2.956802 0.928608 4.976378,
2.946392 0.918198 4.976378,
2.935234 0.908596 4.976378,
2.923390 0.899855 4.976378,
2.910925 0.892023 4.976378,
2.897910 0.885144 4.976378,
2.884418 0.879257 4.976378,
2.870523 0.874395 4.976378,
2.856303 0.870585 4.976378,
2.841839 0.867848 4.976378,
2.827211 0.866200 4.976378,
2.812500 0.865650 4.976378,
2.797789 0.866200 4.976378,
2.783161 0.867848 4.976378,
2.768697 0.870585 4.976378,
2.754477 0.874395 4.976378,
2.740582 0.879257 4.976378,
2.727090 0.885144 4.976378,
2.714075 0.892023 4.976378,
2.701610 0.899855 4.976378,
2.689766 0.908596 4.976378,
2.678608 0.918198 4.976378,
2.668198 0.928608 4.976378,
2.658596 0.939766 4.976378,
2.649855 0.951610 4.976378,
2.642023 0.964075 4.976378,
2.635144 0.977090 4.976378,
2.629257 0.990582 4.976378,
2.624395 1.004477 4.976378,
2.620585 1.018697 4.976378,
2.617848 1.033161 4.976378,
2.616200 1.047789 4.976378,
2.615650 1.062500 4.976378,
2.616200 1.077211 4.976378,
2.617848 1.091839 4.976378,
2.620585 1.106303 4.976378,
2.624395 1.120523 4.976378,
2.629257 1.134418 4.976378,
2.635144 1.147910 4.976378,
2.642023 1.160925 4.976378,
2.649855 1.173390 4.976378,
2.658596 1.185234 4.976378,
2.668198 1.196392 4.976378,
2.678608 1.206802 4.976378,
2.689766 1.216404 4.976378,
2.701610 1.225145 4.976378,
2.714075 1.232977 4.976378,
2.727090 1.239856 4.976378,
2.740582 1.245743 4.976378,
2.754477 1.250605 4.976378,
2.768697 1.254415 4.976378,
2.783161 1.257152 4.976378,
2.797789 1.258800 4.976378,
2.812500 1.259350 4.976378,
2.827211 1.258800 4.976378,
2.841839 1.257152 4.976378,
2.856303 1.254415 4.976378,
2.870523 1.250605 4.976378,
2.884418 1.245743 4.976378,
2.897910 1.239856 4.976378,
2.910925 1.232977 4.976378,
2.923390 1.225145 4.976378,
2.935234 1.216404 4.976378,
2.946392 1.206802 4.976378,
2.956802 1.196392 4.976378,
2.966404 1.185234 4.976378,
2.975145 1.173390 4.976378,
2.982977 1.160925 4.976378,
2.989856 1.147910 4.976378,
2.995743 1.134418 4.976378,
3.000605 1.120523 4.976378,
3.004415 1.106303 4.976378,
3.007152 1.091839 4.976378,
3.008800 1.077211 4.976378,
4.009350 1.062500 4.346457,
4.008800 1.047789 4.346457,
4.007152 1.033161 4.346457,
4.004415 1.018697 4.346457,
4.000605 1.004477 4.346457,
3.995743 0.990582 4.346457,
3.989856 0.977090 4.346457,
3.982977 0.964075 4.346457,
3.975145 0.951610 4.346457,
3.966404 0.939766 4.346457,
3.956802 0.928608 4.346457,
3.946392 0.918198 4.346457,
3.935234 0.908596 4.346457,
3.923390 0.899855 4.346457,
3.910925 0.892023 4.346457,
3.897910 0.885144 4.346457,
3.884418 0.879257 4.346457,
3.870523 0.874395 4.346457,
3.856303 0.870585 4.346457,
3.841839 0.867848 4.346457,
3.827211 0.866200 4.346457,
3.812500 0.865650 4.346457,
3.797789 0.866200 4.346457,
3.783161 0.867848 4.346457,
3.768697 0.870585 4.346457,
3.754477 0.874395 4.346457,
3.740582 0.879257 4.346457,
3.727090 0.885144 4.346457,
3.714075 0.892023 4.346457,
3.701610 0.899855 4.346457,
3.689766 0.908596 4.346457,
3.678608 0.918198 4.346457,
3.668198 0.928608 4.346457,
3.658596 0.939766 4.346457,
3.649855 0.951610 4.346457,
3.642023 0.964075 4.346457,
3.635144 0.977090 4.346457,
3.629257 0.990582 4.346457,
3.624395 1.004477 4.346457,
3.620585 1.018697 4.346457,
3.617848 1.033161 4.346457,
3.616200 1.047789 4.346457,
3.615650 1.062500 4.346457,
3.616200 1.077211 4.346457,
3.617848 1.091839 4.346457,
3.620585 1.106303 4.346457,
3.624395 1.120523 4.346457,
3.629257 1.134418 4.346457,
3.635144 1.147910 4.346457,
3.642023 1.160925 4.346457,
3.649855 1.173390 4.346457,
3.658596 1.185234 4.346457,
3.668198 1.196392 4.346457,
3.678608 1.206802 4.346457,
3.689766 1.216404 4.346457,
3.701610 1.225145 4.346457,
3.714075 1.232977 4.346457,
3.727090 1.239856 4.346457,
3.740582 1.245743 4.346457,
3.754477 1.250605 4.346457,
3.768697 1.254415 4.346457,
3.783161 1.257152 4.346457,
3.797789 1.258800 4.346457,
3.812500 1.259350 4.346457,
3.827211 1.258800 4.346457,
3.841839 1.257152 4.346457,
3.856303 1.254415 4.346457,
3.870523 1.250605 4.346457,
3.884418 1.245743 4.346457,
3.897910 1.239856 4.346457,
3.910925 1.232977 4.346457,
3.923390 1.225145 4.346457,
3.935234 1.216404 4.346457,
3.946392 1.206802 4.346457,
3.956802 1.196392 4.346457,
3.966404 1.185234 4.346457,
3.975145 1.173390 4.346457,
3.982977 1.160925 4.346457,
3.989856 1.147910 4.346457,
3.995743 1.134418 4.346457,
4.000605 1.120523 4.346457,
4.004415 1.106303 4.346457,
4.007152 1.091839 4.346457,
4.008800 1.077211 4.346457,
4.009350 1.062500 4.346457,
4.009350 1.062500 4.976378,
4.009350 1.062500 4.976378,
4.008800 1.047789 4.976378,
4.007152 1.033161 4.976378,
4.004415 1.018697 4.976378,
4.000605 1.004477 4.976378,
3.995743 0.990582 4.976378,
3.989856 0.977090 4.976378,
3.982977 0.964075 4.976378,
3.975145 0.951610 4.976378,
3.966404 0.939766 4.976378,
3.956802 0.928608 4.976378,
3.946392 0.918198 4.976378,
3.935234 0.908596 4.976378,
3.923390 0.899855 4.976378,
3.910925 0.892023 4.976378,
3.897910 0.885144 4.976378,
3.884418 0.879257 4.976378,
3.870523 0.874395 4.976378,
3.856303 0.870585 4.976378,
3.841839 0.867848 4.976378,
3.827211 0.866200 4.976378,
3.812500 0.865650 4.976378,
3.797789 0.866200 4.976378,
3.783161 0.867848 4.976378,
3.768697 0.870585 4.976378,
3.754477 0.874395 4.976378,
3.740582 0.879257 4.976378,
3.727090 0.885144 4.976378,
3.714075 0.892023 4.976378,
3.701610 0.899855 4.976378,
3.689766 0.908596 4.976378,
3.678608 0.918198 4.976378,
3.668198 0.928608 4.976378,
3.658596 0.939766 4.976378,
3.649855 0.951610 4.976378,
3.642023 0.964075 4.976378,
3.635144 0.977090 4.976378,
3.629257 0.990582 4.976378,
3.624395 1.004477 4.976378,
3.620585 1.018697 4.976378,
3.617848 1.033161 4.976378,
3.616200 1.047789 4.976378,
3.615650 1.062500 4.976378,
3.616200 1.077211 4.976378,
3.617848 1.091839 4.976378,
3.620585 1.106303 4.976378,
3.624395 1.120523 4.976378,
3.629257 1.134418 4.976378,
3.635144 1.147910 4.976378,
3.642023 1.160925 4.976378,
3.649855 1.173390 4.976378,
3.658596 1.185234 4.976378,
3.668198 1.196392 4.976378,
3.678608 1.206802 4.976378,
3.689766 1.216404 4.976378,
3.701610 1.225145 4.976378,
3.714075 1.232977 4.976378,
3.727090 1.239856 4.976378,
3.740582 1.245743 4.976378,
3.754477 1.250605 4.976378,
3.768697 1.254415 4.976378,
3.783161 1.257152 4.976378,
3.797789 1.258800 4.976378,
3.812500 1.259350 4.976378,
3.827211 1.258800 4.976378,
3.841839 1.257152 4.976378,
3.856303 1.254415 4.976378,
3.870523 1.250605 4.976378,
3.884418 1.245743 4.976378,
3.897910 1.239856 4.976378,
3.910925 1.232977 4.976378,
3.923390 1.225145 4.976378,
3.935234 1.216404 4.976378,
3.946392 1.206802 4.976378,
3.956802 1.196392 4.976378,
3.966404 1.185234 4.976378,
3.975145 1.173390 4.976378,
3.982977 1.160925 4.976378,
3.989856 1.147910 4.976378,
3.995743 1.134418 4.976378,
4.000605 1.120523 4.976378,
4.004415 1.106303 4.976378,
4.007152 1.091839 4.976378,
4.008800 1.077211 4.976378,
5.009350 1.062500 4.346457,
5.008800 1.047789 4.346457,
5.007152 1.033161 4.346457,
5.004415 1.018697 4.346457,
5.000605 1.004477 4.346457,
4.995743 0.990582 4.346457,
4.989856 0.977090 4.346457,
4.982977 0.964075 4.346457,
4.975145 0.951610 4.346457,
4.966404 0.939766 4.346457,
4.956802 0.928608 4.346457,
4.946392 0.918198 4.346457,
4.935234 0.908596 4.346457,
4.923390 0.899855 4.346457,
4.910925 0.892023 4.346457,
4.897910 0.885144 4.346457,
4.884418 0.879257 4.346457,
4.870523 0.874395 4.346457,
4.856303 0.870585 4.346457,
4.841839 0.867848 4.346457,
4.827211 0.866200 4.346457,
4.812500 0.865650 4.346457,
4.797789 0.866200 4.346457,
4.783161 0.867848 4.346457,
4.768697 0.870585 4.346457,
4.754477 0.874395 4.346457,
4.740582 0.879257 4.346457,
4.727090 0.885144 4.346457,
4.714075 0.892023 4.346457,
4.701610 0.899855 4.346457,
4.689766 0.908596 4.346457,
4.678608 0.918198 4.346457,
4.668198 0.928608 4.346457,
4.658596 0.939766 4.346457,
4.649855 0.951610 4.346457,
4.642023 0.964075 4.346457,
4.635144 0.977090 4.346457,
4.629257 0.990582 4.346457,
4.624395 1.004477 4.346457,
4.620585 1.018697 4.346457,
4.617848 1.033161 4.346457,
4.616200 1.047789 4.346457,
4.615650 1.062500 4.346457,
4.616200 1.077211 4.346457,
4.617848 1.091839 4.346457,
4.620585 1.106303 4.346457,
4.624395 1.120523 4.346457,
4.629257 1.134418 4.346457,
4.635144 1.147910 4.346457,
4.642023 1.160925 4.346457,
4.649855 1.173390 4.346457,
4.658596 1.185234 4.346457,
4.668198 1.196392 4.346457,
4.678608 1.206802 4.346457,
4.689766 1.216404 4.346457,
4.701610 1.225145 4.346457,
4.714075 1.232977 4.346457,
4.727090 1.239856 4.346457,
4.740582 1.245743 4.346457,
4.754477 1.250605 4.346457,
4.768697 1.254415 4.346457,
4.783161 1.257152 4.346457,
4.797789 1.258800 4.346457,
4.812500 1.259350 4.346457,
4.827211 1.258800 4.346457,
4.841839 1.257152 4.346457,
4.856303 1.254415 4.346457,
4.870523 1.250605 4.346457,
4.884418 1.245743 4.346457,
4.897910 1.239856 4.346457,
4.910925 1.232977 4.346457,
4.923390 1.225145 4.346457,
4.935234 1.216404 4.346457,
4.946392 1.206802 4.346457,
4.956802 1.196392 4.346457,
4.966404 1.185234 4.346457,
4.975145 1.173390 4.346457,
4.982977 1.160925 4.346457,
4.989856 1.147910 4.346457,
4.995743 1.134418 4.346457,
5.000605 1.120523 4.346457,
5.004415 1.106303 4.346457,
5.007152 1.091839 4.346457,
5.008800 1.077211 4.346457,
5.009350 1.062500 4.346457,
5.009350 1.062500 4.976378,
5.009350 1.062500 4.976378,
5.008800 1.047789 4.976378,
5.007152 1.033161 4.976378,
5.004415 1.018697 4.976378,
5.000605 1.004477 4.976378,
4.995743 0.990582 4.976378,
4.989856 0.977090 4.976378,
4.982977 0.964075 4.976378,
4.975145 0.951610 4.976378,
4.966404 0.939766 4.976378,
4.956802 0.928608 4.976378,
4.946392 0.918198 4.976378,
4.935234 0.908596 4.976378,
4.923390 0.899855 4.976378,
4.910925 0.892023 4.976378,
4.897910 0.885144 4.976378,
4.884418 0.879257 4.976378,
4.870523 0.874395 4.976378,
4.856303 0.870585 4.976378,
4.841839 0.867848 4.976378,
4.827211 0.866200 4.976378,
4.812500 0.865650 4.976378,
4.797789 0.866200 4.976378,
4.783161 0.867848 4.976378,
4.768697 0.870585 4.976378,
4.754477 0.874395 4.976378,
4.740582 0.879257 4.976378,
4.727090 0.885144 4.976378,
4.714075 0.892023 4.976378,
4.701610 0.899855 4.976378,
4.689766 0.908596 4.976378,
4.678608 0.918198 4.976378,
4.668198 0.928608 4.976378,
4.658596 0.939766 4.976378,
4.649855 0.951610 4.976378,
4.642023 0.964075 4.976378,
4.635144 0.977090 4.976378,
4.629257 0.990582 4.976378,
4.624395 1.004477 4.976378,
4.620585 1.018697 4.976378,
4.617848 1.033161 4.976378,
4.616200 1.047789 4.976378,
4.615650 1.062500 4.976378,
4.616200 1.077211 4.976378,
4.617848 1.091839 4.976378,
4.620585 1.106303 4.976378,
4.624395 1.120523 4.976378,
4.629257 1.134418 4.976378,
4.635144 1.147910 4.976378,
4.642023 1.160925 4.976378,
4.649855 1.173390 4.976378,
4.658596 1.185234 4.976378,
4.668198 1.196392 4.976378,
4.678608 1.206802 4.976378,
4.689766 1.216404 4.976378,
4.701610 1.225145 4.976378,
4.714075 1.232977 4.976378,
4.727090 1.239856 4.976378,
4.740582 1.245743 4.976378,
4.754477 1.250605 4.976378,
4.768697 1.254415 4.976378,
4.783161 1.257152 4.976378,
4.797789 1.258800 4.976378,
4.812500 1.259350 4.976378,
4.827211 1.258800 4.976378,
4.841839 1.257152 4.976378,
4.856303 1.254415 4.976378,
4.870523 1.250605 4.976378,
4.884418 1.245743 4.976378,
4.897910 1.239856 4.976378,
4.910925 1.232977 4.976378,
4.923390 1.225145 4.976378,
4.935234 1.216404 4.976378,
4.946392 1.206802 4.976378,
4.956802 1.196392 4.976378,
4.966404 1.185234 4.976378,
4.975145 1.173390 4.976378,
4.982977 1.160925 4.976378,
4.989856 1.147910 4.976378,
4.995743 1.134418 4.976378,
5.000605 1.120523 4.976378,
5.004415 1.106303 4.976378,
5.007152 1.091839 4.976378,
5.008800 1.077211 4.976378,
6.009350 1.062500 4.346457,
6.008800 1.047789 4.346457,
6.007152 1.033161 4.346457,
6.004415 1.018697 4.346457,
6.000605 1.004477 4.346457,
5.995743 0.990582 4.346457,
5.989856 0.977090 4.346457,
5.982977 0.964075 4.346457,
5.975145 0.951610 4.346457,
5.966404 0.939766 4.346457,
5.956802 0.928608 4.346457,
5.946392 0.918198 4.346457,
5.935234 0.908596 4.346457,
5.923390 0.899855 4.346457,
5.910925 0.892023 4.346457,
5.897910 0.885144 4.346457,
5.884418 0.879257 4.346457,
5.870523 0.874395 4.346457,
5.856303 0.870585 4.346457,
5.841839 0.867848 4.346457,
5.827211 0.866200 4.346457,
5.812500 0.865650 4.346457,
5.797789 0.866200 4.346457,
5.783161 0.867848 4.346457,
5.768697 0.870585 4.346457,
5.754477 0.874395 4.346457,
5.740582 0.879257 4.346457,
5.727090 0.885144 4.346457,
5.714075 0.892023 4.346457,
5.701610 0.899855 4.346457,
5.689766 0.908596 4.346457,
5.678608 0.918198 4.346457,
5.668198 0.928608 4.346457,
5.658596 0.939766 4.346457,
5.649855 0.951610 4.346457,
5.642023 0.964075 4.346457,
5.635144 0.977090 4.346457,
5.629257 0.990582 4.346457,
5.624395 1.004477 4.346457,
5.620585 1.018697 4.346457,
5.617848 1.033161 4.346457,
5.616200 1.047789 4.346457,
5.615650 1.062500 4.346457,
5.616200 1.077211 4.346457,
5.617848 1.091839 4.346457,
5.620585 1.106303 4.346457,
5.624395 1.120523 4.346457,
5.629257 1.134418 4.346457,
5.635144 1.147910 4.346457,
5.642023 1.160925 4.346457,
5.649855 1.173390 4.346457,
5.658596 1.185234 4.346457,
5.668198 1.196392 4.346457,
5.678608 1.206802 4.346457,
5.689766 1.216404 4.346457,
5.701610 1.225145 4.346457,
5.714075 1.232977 4.346457,
5.727090 1.239856 4.346457,
5.740582 1.245743 4.346457,
5.754477 1.250605 4.346457,
5.768697 1.254415 4.346457,
5.783161 1.257152 4.346457,
5.797789 1.258800 4.346457,
5.812500 1.259350 4.346457,
5.827211 1.258800 4.346457,
5.841839 1.257152 4.346457,
5.856303 1.254415 4.346457,
5.870523 1.250605 4.346457,
5.884418 1.245743 4.346457,
5.897910 1.239856 4.346457,
5.910925 1.232977 4.346457,
5.923390 1.225145 4.346457,
5.935234 1.216404 4.346457,
5.946392 1.206802 4.346457,
5.956802 1.196392 4.346457,
5.966404 1.185234 4.346457,
5.975145 1.173390 4.346457,
5.982977 1.160925 4.346457,
5.989856 1.147910 4.346457,
5.995743 1.134418 4.346457,
6.000605 1.120523 4.346457,
6.004415 1.106303 4.346457,
6.007152 1.091839 4.346457,
6.008800 1.077211 4.346457,
6.009350 1.062500 4.346457,
6.009350 1.062500 4.976378,
6.009350 1.062500 4.976378,
6.008800 1.047789 4.976378,
6.007152 1.033161 4.976378,
6.004415 1.018697 4.976378,
6.000605 1.004477 4.976378,
5.995743 0.990582 4.976378,
5.989856 0.977090 4.976378,
5.982977 0.964075 4.976378,
5.975145 0.951610 4.976378,
5.966404 0.939766 4.976378,
5.956802 0.928608 4.976378,
5.946392 0.918198 4.976378,
5.935234 0.908596 4.976378,
5.923390 0.899855 4.976378,
5.910925 0.892023 4.976378,
5.897910 0.885144 4.976378,
5.884418 0.879257 4.976378,
5.870523 0.874395 4.976378,
5.856303 0.870585 4.976378,
5.841839 0.867848 4.976378,
5.827211 0.866200 4.976378,
5.812500 0.865650 4.976378,
5.797789 0.866200 4.976378,
5.783161 0.867848 4.976378,
5.768697 0.870585 4.976378,
5.754477 0.874395 4.976378,
5.740582 0.879257 4.976378,
5.727090 0.885144 4.976378,
5.714075 0.892023 4.976378,
5.701610 0.899855 4.976378,
5.689766 0.908596 4.976378,
5.678608 0.918198 4.976378,
5.668198 0.928608 4.976378,
5.658596 0.939766 4.976378,
5.649855 0.951610 4.976378,
5.642023 0.964075 4.976378,
5.635144 0.977090 4.976378,
5.629257 0.990582 4.976378,
5.624395 1.004477 4.976378,
5.620585 1.018697 4.976378,
5.617848 1.033161 4.976378,
5.616200 1.047789 4.976378,
5.615650 1.062500 4.976378,
5.616200 1.077211 4.976378,
5.617848 1.091839 4.976378,
5.620585 1.106303 4.976378,
5.624395 1.120523 4.976378,
5.629257 1.134418 4.976378,
5.635144 1.147910 4.976378,
5.642023 1.160925 4.976378,
5.649855 1.173390 4.976378,
5.658596 1.185234 4.976378,
5.668198 1.196392 4.976378,
5.678608 1.206802 4.976378,
5.689766 1.216404 4.976378,
5.701610 1.225145 4.976378,
5.714075 1.232977 4.976378,
5.727090 1.239856 4.976378,
5.740582 1.245743 4.976378,
5.754477 1.250605 4.976378,
5.768697 1.254415 4.976378,
5.783161 1.257152 4.976378,
5.797789 1.258800 4.976378,
5.812500 1.259350 4.976378,
5.827211 1.258800 4.976378,
5.841839 1.257152 4.976378,
5.856303 1.254415 4.976378,
5.870523 1.250605 4.976378,
5.884418 1.245743 4.976378,
5.897910 1.239856 4.976378,
5.910925 1.232977 4.976378,
5.923390 1.225145 4.976378,
5.935234 1.216404 4.976378,
5.946392 1.206802 4.976378,
5.956802 1.196392 4.976378,
5.966404 1.185234 4.976378,
5.975145 1.173390 4.976378,
5.982977 1.160925 4.976378,
5.989856 1.147910 4.976378,
5.995743 1.134418 4.976378,
6.000605 1.120523 4.976378,
6.004415 1.106303 4.976378,
6.007152 1.091839 4.976378,
6.008800 1.077211 4.976378,
7.009350 1.062500 4.346457,
7.008800 1.047789 4.346457,
7.007152 1.033161 4.346457,
7.004415 1.018697 4.346457,
7.000605 1.004477 4.346457,
6.995743 0.990582 4.346457,
6.989856 0.977090 4.346457,
6.982977 0.964075 4.346457,
6.975145 0.951610 4.346457,
6.966404 0.939766 4.346457,
6.956802 0.928608 4.346457,
6.946392 0.918198 4.346457,
6.935234 0.908596 4.346457,
6.923390 0.899855 4.346457,
6.910925 0.892023 4.346457,
6.897910 0.885144 4.346457,
6.884418 0.879257 4.346457,
6.870523 0.874395 4.346457,
6.856303 0.870585 4.346457,
6.841839 0.867848 4.346457,
6.827211 0.866200 4.346457,
6.812500 0.865650 4.346457,
6.797789 0.866200 4.346457,
6.783161 0.867848 4.346457,
6.768697 0.870585 4.346457,
6.754477 0.874395 4.346457,
6.740582 0.879257 4.346457,
6.727090 0.885144 4.346457,
6.714075 0.892023 4.346457,
6.701610 0.899855 4.346457,
6.689766 0.908596 4.346457,
6.678608 0.918198 4.346457,
6.668198 0.928608 4.346457,
6.658596 0.939766 4.346457,
6.649855 0.951610 4.346457,
6.642023 0.964075 4.346457,
6.635144 0.977090 4.346457,
6.629257 0.990582 4.346457,
6.624395 1.004477 4.346457,
6.620585 1.018697 4.346457,
6.617848 1.033161 4.346457,
6.616200 1.047789 4.346457,
6.615650 1.062500 4.346457,
6.616200 1.077211 4.346457,
6.617848 1.091839 4.346457,
6.620585 1.106303 4.346457,
6.624395 1.120523 4.346457,
6.629257 1.134418 4.346457,
6.635144 1.147910 4.346457,
6.642023 1.160925 4.346457,
6.649855 1.173390 4.346457,
6.658596 1.185234 4.346457,
6.668198 1.196392 4.346457,
6.678608 1.206802 4.346457,
6.689766 1.216404 4.346457,
6.701610 1.225145 4.346457,
6.714075 1.232977 4.346457,
6.727090 1.239856 4.346457,
6.740582 1.245743 4.346457,
6.754477 1.250605 4.346457,
6.768697 1.254415 4.346457,
6.783161 1.257152 4.346457,
6.797789 1.258800 4.346457,
6.812500 1.259350 4.346457,
6.827211 1.258800 4.346457,
6.841839 1.257152 4.346457,
6.856303 1.254415 4.346457,
6.870523 1.250605 4.346457,
6.884418 1.245743 4.346457,
6.897910 1.239856 4.346457,
6.910925 1.232977 4.346457,
6.923390 1.225145 4.346457,
6.935234 1.216404 4.346457,
6.946392 1.206802 4.346457,
6.956802 1.196392 4.346457,
6.966404 1.185234 4.346457,
6.975145 1.173390 4.346457,
6.982977 1.160925 4.346457,
6.989856 1.147910 4.346457,
6.995743 1.134418 4.346457,
7.000605 1.120523 4.346457,
7.004415 1.106303 4.346457,
7.007152 1.091839 4.346457,
7.008800 1.077211 4.346457,
7.009350 1.062500 4.346457,
7.009350 1.062500 4.976378,
7.009350 1.062500 4.976378,
7.008800 1.047789 4.976378,
7.007152 1.033161 4.976378,
7.004415 1.018697 4.976378,
7.000605 1.004477 4.976378,
6.995743 0.990582 4.976378,
6.989856 0.977090 4.976378,
6.982977 0.964075 4.976378,
6.975145 0.951610 4.976378,
6.966404 0.939766 4.976378,
6.956802 0.928608 4.976378,
6.946392 0.918198 4.976378,
6.935234 0.908596 4.976378,
6.923390 0.899855 4.976378,
6.910925 0.892023 4.976378,
6.897910 0.885144 4.976378,
6.884418 0.879257 4.976378,
6.870523 0.874395 4.976378,
6.856303 0.870585 4.976378,
6.841839 0.867848 4.976378,
6.827211 0.866200 4.976378,
6.812500 0.865650 4.976378,
6.797789 0.866200 4.976378,
6.783161 0.867848 4.976378,
6.768697 0.870585 4.976378,
6.754477 0.874395 4.976378,
6.740582 0.879257 4.976378,
6.727090 0.885144 4.976378,
6.714075 0.892023 4.976378,
6.701610 0.899855 4.976378,
6.689766 0.908596 4.976378,
6.678608 0.918198 4.976378,
6.668198 0.928608 4.976378,
6.658596 0.939766 4.976378,
6.649855 0.951610 4.976378,
6.642023 0.964075 4.976378,
6.635144 0.977090 4.976378,
6.629257 0.990582 4.976378,
6.624395 1.004477 4.976378,
6.620585 1.018697 4.976378,
6.617848 1.033161 4.976378,
6.616200 1.047789 4.976378,
6.615650 1.062500 4.976378,
6.616200 1.077211 4.976378,
6.617848 1.091839 4.976378,
6.620585 1.106303 4.976378,
6.624395 1.120523 4.976378,
6.629257 1.134418 4.976378,
6.635144 1.147910 4.976378,
6.642023 1.160925 4.976378,
6.649855 1.173390 4.976378,
6.658596 1.185234 4.976378,
6.668198 1.196392 4.976378,
6.678608 1.206802 4.976378,
6.689766 1.216404 4.976378,
6.701610 1.225145 4.976378,
6.714075 1.232977 4.976378,
6.727090 1.239856 4.976378,
6.740582 1.245743 4.976378,
6.754477 1.250605 4.976378,
6.768697 1.254415 4.976378,
6.783161 1.257152 4.976378,
6.797789 1.258800 4.976378,
6.812500 1.259350 4.976378,
6.827211 1.258800 4.976378,
6.841839 1.257152 4.976378,
6.856303 1.254415 4.976378,
6.870523 1.250605 4.976378,
6.884418 1.245743 4.976378,
6.897910 1.239856 4.976378,
6.910925 1.232977 4.976378,
6.923390 1.225145 4.976378,
6.935234 1.216404 4.976378,
6.946392 1.206802 4.976378,
6.956802 1.196392 4.976378,
6.966404 1.185234 4.976378,
6.975145 1.173390 4.976378,
6.982977 1.160925 4.976378,
6.989856 1.147910 4.976378,
6.995743 1.134418 4.976378,
7.000605 1.120523 4.976378,
7.004415 1.106303 4.976378,
7.007152 1.091839 4.976378,
7.008800 1.077211 4.976378,
1.879921 6.062500 4.346457,
1.878160 6.015426 4.346457,
1.872886 5.968615 4.346457,
1.864128 5.922329 4.346457,
1.851936 5.876827 4.346457,
1.836377 5.832364 4.346457,
1.817539 5.789187 4.346457,
1.795528 5.747539 4.346457,
1.770465 5.707653 4.346457,
1.742492 5.669751 4.346457,
1.711765 5.634045 4.346457,
1.678455 5.600735 4.346457,
1.642749 5.570008 4.346457,
1.604847 5.542035 4.346457,
1.564961 5.516972 4.346457,
1.523313 5.494961 4.346457,
1.480136 5.476123 4.346457,
1.435673 5.460564 4.346457,
1.390171 5.448372 4.346457,
1.343885 5.439614 4.346457,
1.297074 5.434340 4.346457,
1.250000 5.432579 4.346457,
1.202926 5.434340 4.346457,
1.156115 5.439614 4.346457,
1.109829 5.448372 4.346457,
1.064327 5.460564 4.346457,
1.019864 5.476123 4.346457,
0.976687 5.494961 4.346457,
0.935039 5.516972 4.346457,
0.895153 5.542035 4.346457,
0.857251 5.570008 4.346457,
0.821545 5.600735 4.346457,
0.788235 5.634045 4.346457,
0.757508 5.669751 4.346457,
0.729535 5.707653 4.346457,
0.704472 5.747539 4.346457,
0.682461 5.789187 4.346457,
0.663623 5.832364 4.346457,
0.648064 5.876827 4.346457,
0.635872 5.922329 4.346457,
0.627114 5.968615 4.346457,
0.621840 6.015426 4.346457,
0.620079 6.062500 4.346457,
0.621840 6.109574 4.346457,
0.627114 6.156385 4.346457,
0.635872 6.202671 4.346457,
0.648064 6.248173 4.346457,
0.663623 6.292636 4.346457,
0.682461 6.335813 4.346457,
0.704472 6.377461 4.346457,
0.729535 6.417347 4.346457,
0.757508 6.455249 4.346457,
0.788235 6.490955 4.346457,
0.821545 6.524265 4.346457,
0.857251 6.554992 4.346457,
0.895153 6.582965 4.346457,
0.935039 6.608028 4.346457,
0.976687 6.630039 4.346457,
1.019864 6.648877 4.346457,
1.064327 6.664436 4.346457,
1.109829 6.676628 4.346457,
1.156115 6.685386 4.346457,
1.202926 6.690660 4.346457,
1.250000 6.692421 4.346457,
1.297074 6.690660 4.346457,
1.343885 6.685386 4.346457,
1.390171 6.676628 4.346457,
1.435673 6.664436 4.346457,
1.480136 6.648877 4.346457,
1.523313 6.630039 4.346457,
1.564961 6.608028 4.346457,
1.604847 6.582965 4.346457,
1.642749 6.554992 4.346457,
1.678455 6.524265 4.346457,
1.711765 6.490955 4.346457,
1.742492 6.455249 4.346457,
1.770465 6.417347 4.346457,
1.795528 6.377461 4.346457,
1.817539 6.335813 4.346457,
1.836377 6.292636 4.346457,
1.851936 6.248173 4.346457,
1.864128 6.202671 4.346457,
1.872886 6.156385 4.346457,
1.878160 6.109574 4.346457,
1.879921 6.062500 4.346457,
1.879921 6.062500 4.976378,
1.879921 6.062500 4.976378,
1.878160 6.015426 4.976378,
1.872886 5.968615 4.976378,
1.864128 5.922329 4.976378,
1.851936 5.876827 4.976378,
1.836377 5.832364 4.976378,
1.817539 5.789187 4.976378,
1.795528 5.747539 4.976378,
1.770465 5.707653 4.976378,
1.742492 5.669751 4.976378,
1.711765 5.634045 4.976378,
1.678455 5.600735 4.976378,
1.642749 5.570008 4.976378,
1.604847 5.542035 4.976378,
1.564961 5.516972 4.976378,
1.523313 5.494961 4.976378,
1.480136 5.476123 4.976378,
1.435673 5.460564 4.976378,
1.390171 5.448372 4.976378,
1.343885 5.439614 4.976378,
1.297074 5.434340 4.976378,
1.250000 5.432579 4.976378,
1.202926 5.434340 4.976378,
1.156115 5.439614 4.976378,
1.109829 5.448372 4.976378,
1.064327 5.460564 4.976378,
1.019864 5.476123 4.976378,
0.976687 5.494961 4.976378,
0.935039 5.516972 4.976378,
0.895153 5.542035 4.976378,
0.857251 5.570008 4.976378,
0.821545 5.600735 4.976378,
0.788235 5.634045 4.976378,
0.757508 5.669751 4.976378,
0.729535 5.707653 4.976378,
0.704472 5.747539 4.976378,
0.682461 5.789187 4.976378,
0.663623 5.832364 4.976378,
0.648064 5.876827 4.976378,
0.635872 5.922329 4.976378,
0.627114 5.968615 4.976378,
0.621840 6.015426 4.976378,
0.620079 6.062500 4.976378,
0.621840 6.109574 4.976378,
0.627114 6.156385 4.976378,
0.635872 6.202671 4.976378,
0.648064 6.248173 4.976378,
0.663623 6.292636 4.976378,
0.682461 6.335813 4.976378,
0.704472 6.377461 4.976378,
0.729535 6.417347 4.976378,
0.757508 6.455249 4.976378,
0.788235 6.490955 4.976378,
0.821545 6.524265 4.976378,
0.857251 6.554992 4.976378,
0.895153 6.582965 4.976378,
0.935039 6.608028 4.976378,
0.976687 6.630039 4.976378,
1.019864 6.648877 4.976378,
1.064327 6.664436 4.976378,
1.109829 6.676628 4.976378,
1.156115 6.685386 4.976378,
1.202926 6.690660 4.976378,
1.250000 6.692421 4.976378,
1.297074 6.690660 4.976378,
1.343885 6.685386 4.976378,
1.390171 6.676628 4.976378,
1.435673 6.664436 4.976378,
1.480136 6.648877 4.976378,
1.523313 6.630039 4.976378,
1.564961 6.608028 4.976378,
1.604847 6.582965 4.976378,
1.642749 6.554992 4.976378,
1.678455 6.524265 4.976378,
1.711765 6.490955 4.976378,
1.742492 6.455249 4.976378,
1.770465 6.417347 4.976378,
1.795528 6.377461 4.976378,
1.817539 6.335813 4.976378,
1.836377 6.292636 4.976378,
1.851936 6.248173 4.976378,
1.864128 6.202671 4.976378,
1.872886 6.156385 4.976378,
1.878160 6.109574 4.976378 ] } coordIndex [ 0 3 2 -1,
1 3 0 -1,
7 4 5 -1,
7 6 4 -1,
44 8 43 -1,
45 8 44 -1,
42 43 8 -1,
46 8 45 -1,
41 42 8 -1,
47 8 46 -1,
40 41 8 -1,
48 8 47 -1,
39 40 8 -1,
38 39 8 -1,
49 8 48 -1,
37 38 8 -1,
50 8 49 -1,
51 8 50 -1,
36 37 8 -1,
52 8 51 -1,
35 36 8 -1,
53 8 52 -1,
34 35 8 -1,
54 8 53 -1,
33 34 8 -1,
55 8 54 -1,
32 33 8 -1,
56 8 55 -1,
31 32 8 -1,
57 8 56 -1,
30 31 8 -1,
58 8 57 -1,
59 8 58 -1,
127 18 19 -1,
127 128 18 -1,
129 17 18 -1,
129 18 128 -1,
126 127 19 -1,
125 19 20 -1,
125 126 19 -1,
130 16 17 -1,
130 17 129 -1,
131 16 130 -1,
124 20 21 -1,
124 125 20 -1,
132 15 16 -1,
132 16 131 -1,
123 124 21 -1,
133 15 132 -1,
122 21 22 -1,
122 123 21 -1,
134 14 15 -1,
134 15 133 -1,
121 22 23 -1,
121 122 22 -1,
120 23 24 -1,
120 121 23 -1,
135 13 14 -1,
135 14 134 -1,
136 13 135 -1,
119 120 24 -1,
119 24 25 -1,
137 12 13 -1,
137 13 136 -1,
118 119 25 -1,
138 12 137 -1,
117 25 26 -1,
117 118 25 -1,
139 12 138 -1,
139 95 12 -1,
116 26 27 -1,
116 117 26 -1,
140 95 139 -1,
115 116 27 -1,
141 95 140 -1,
141 94 95 -1,
142 94 141 -1,
142 93 94 -1,
143 93 142 -1,
144 92 93 -1,
144 93 143 -1,
145 92 144 -1,
146 92 145 -1,
146 91 92 -1,
147 91 146 -1,
147 90 91 -1,
148 90 147 -1,
149 90 148 -1,
149 89 90 -1,
150 89 149 -1,
151 89 150 -1,
151 88 89 -1,
152 88 151 -1,
152 87 88 -1,
153 87 152 -1,
154 87 153 -1,
154 86 87 -1,
155 86 154 -1,
155 85 86 -1,
156 85 155 -1,
156 84 85 -1,
157 84 156 -1,
157 83 84 -1,
158 83 157 -1,
159 82 83 -1,
159 83 158 -1,
212 105 106 -1,
211 212 106 -1,
211 106 107 -1,
210 211 107 -1,
210 107 108 -1,
213 105 212 -1,
214 105 213 -1,
214 103 104 -1,
214 104 105 -1,
209 108 109 -1,
209 210 108 -1,
208 109 110 -1,
208 209 109 -1,
215 103 214 -1,
207 110 111 -1,
207 208 110 -1,
216 103 215 -1,
216 102 103 -1,
217 102 216 -1,
217 101 102 -1,
206 111 112 -1,
206 207 111 -1,
218 101 217 -1,
218 100 101 -1,
205 112 113 -1,
205 206 112 -1,
204 113 114 -1,
204 205 113 -1,
219 100 218 -1,
219 98 99 -1,
219 99 100 -1,
220 98 219 -1,
203 114 115 -1,
203 204 114 -1,
203 115 27 -1,
202 27 28 -1,
202 203 27 -1,
221 98 220 -1,
221 97 98 -1,
222 97 221 -1,
222 96 97 -1,
201 28 29 -1,
201 202 28 -1,
223 96 222 -1,
223 179 96 -1,
224 177 178 -1,
224 178 179 -1,
224 179 223 -1,
225 177 224 -1,
226 176 177 -1,
226 177 225 -1,
227 176 226 -1,
227 174 175 -1,
227 175 176 -1,
228 174 227 -1,
229 173 174 -1,
229 174 228 -1,
230 173 229 -1,
230 172 173 -1,
231 171 172 -1,
231 172 230 -1,
232 171 231 -1,
232 170 171 -1,
233 170 232 -1,
233 169 170 -1,
234 169 233 -1,
234 167 168 -1,
234 168 169 -1,
235 167 234 -1,
236 167 235 -1,
236 166 167 -1,
237 166 236 -1,
237 165 166 -1,
238 165 237 -1,
238 164 165 -1,
239 164 238 -1,
239 163 164 -1,
240 163 239 -1,
240 162 163 -1,
241 162 240 -1,
241 161 162 -1,
295 191 192 -1,
296 190 191 -1,
296 191 295 -1,
297 189 190 -1,
297 190 296 -1,
294 295 192 -1,
298 187 188 -1,
298 188 189 -1,
298 189 297 -1,
293 294 192 -1,
293 192 193 -1,
292 193 194 -1,
292 194 195 -1,
292 293 193 -1,
299 186 187 -1,
299 187 298 -1,
291 292 195 -1,
291 195 196 -1,
300 186 299 -1,
301 185 186 -1,
301 186 300 -1,
290 291 196 -1,
289 290 196 -1,
289 196 197 -1,
302 185 301 -1,
302 184 185 -1,
303 184 302 -1,
303 183 184 -1,
288 289 197 -1,
288 197 198 -1,
287 288 198 -1,
287 198 199 -1,
287 199 200 -1,
304 183 303 -1,
304 182 183 -1,
286 287 200 -1,
305 182 304 -1,
305 180 181 -1,
305 181 182 -1,
306 180 305 -1,
307 180 306 -1,
307 263 180 -1,
308 262 263 -1,
308 263 307 -1,
309 262 308 -1,
309 261 262 -1,
310 260 261 -1,
310 261 309 -1,
311 260 310 -1,
311 258 259 -1,
311 259 260 -1,
312 258 311 -1,
313 258 312 -1,
313 257 258 -1,
314 257 313 -1,
314 256 257 -1,
315 256 314 -1,
315 254 255 -1,
315 255 256 -1,
316 254 315 -1,
317 253 254 -1,
317 254 316 -1,
318 252 253 -1,
318 253 317 -1,
319 251 252 -1,
319 252 318 -1,
320 250 251 -1,
320 251 319 -1,
321 248 249 -1,
321 249 250 -1,
321 250 320 -1,
322 248 321 -1,
323 248 322 -1,
323 247 248 -1,
324 246 247 -1,
324 247 323 -1,
325 245 246 -1,
325 246 324 -1,
547 548 64 -1,
547 64 65 -1,
546 65 66 -1,
546 547 65 -1,
549 64 548 -1,
549 63 64 -1,
550 62 63 -1,
550 63 549 -1,
545 546 66 -1,
545 66 67 -1,
551 62 550 -1,
551 61 62 -1,
544 67 68 -1,
544 545 67 -1,
552 61 551 -1,
552 59 60 -1,
552 60 61 -1,
543 544 68 -1,
543 68 69 -1,
542 69 70 -1,
542 543 69 -1,
553 59 552 -1,
541 542 70 -1,
541 70 71 -1,
540 71 72 -1,
540 541 71 -1,
539 540 72 -1,
539 72 73 -1,
539 73 74 -1,
380 274 275 -1,
380 275 379 -1,
378 275 276 -1,
378 379 275 -1,
381 272 273 -1,
381 273 274 -1,
381 274 380 -1,
382 272 381 -1,
377 276 277 -1,
377 277 278 -1,
377 378 276 -1,
376 377 278 -1,
383 272 382 -1,
383 271 272 -1,
384 270 271 -1,
384 271 383 -1,
375 376 278 -1,
375 278 279 -1,
385 269 270 -1,
385 270 384 -1,
374 375 279 -1,
374 279 280 -1,
386 268 269 -1,
386 269 385 -1,
373 374 280 -1,
373 280 281 -1,
538 539 74 -1,
387 266 267 -1,
387 267 268 -1,
387 268 386 -1,
372 373 281 -1,
372 281 282 -1,
388 266 387 -1,
371 372 282 -1,
371 282 283 -1,
389 266 388 -1,
389 264 265 -1,
389 265 266 -1,
390 264 389 -1,
537 74 75 -1,
537 75 76 -1,
537 538 74 -1,
391 264 390 -1,
391 346 347 -1,
391 347 264 -1,
392 345 346 -1,
392 346 391 -1,
393 344 345 -1,
393 345 392 -1,
536 537 76 -1,
394 344 393 -1,
395 344 394 -1,
395 343 344 -1,
396 341 342 -1,
396 343 395 -1,
396 342 343 -1,
535 76 77 -1,
535 536 76 -1,
397 341 396 -1,
398 339 340 -1,
398 340 341 -1,
398 341 397 -1,
534 535 77 -1,
534 77 78 -1,
399 339 398 -1,
400 337 338 -1,
400 338 339 -1,
400 339 399 -1,
401 337 400 -1,
533 78 79 -1,
533 534 78 -1,
402 336 337 -1,
402 337 401 -1,
403 335 336 -1,
403 336 402 -1,
404 333 334 -1,
404 334 335 -1,
404 335 403 -1,
532 79 80 -1,
532 80 81 -1,
532 533 79 -1,
405 333 404 -1,
405 332 333 -1,
406 332 405 -1,
407 330 331 -1,
407 331 332 -1,
407 332 406 -1,
531 532 81 -1,
408 330 407 -1,
409 329 330 -1,
409 330 408 -1,
530 531 81 -1,
530 81 82 -1,
530 82 159 -1,
9 553 554 -1,
9 554 555 -1,
9 555 556 -1,
9 8 59 -1,
9 556 557 -1,
9 557 558 -1,
9 558 559 -1,
9 559 560 -1,
9 560 561 -1,
9 561 562 -1,
9 562 563 -1,
9 563 564 -1,
9 564 565 -1,
9 59 553 -1,
566 9 565 -1,
529 530 159 -1,
529 159 160 -1,
567 9 566 -1,
528 160 161 -1,
528 529 160 -1,
10 201 29 -1,
10 29 30 -1,
10 286 200 -1,
10 371 283 -1,
10 30 8 -1,
10 363 364 -1,
10 364 365 -1,
10 365 366 -1,
10 366 367 -1,
10 367 368 -1,
10 368 369 -1,
10 369 370 -1,
10 370 371 -1,
10 283 284 -1,
10 284 285 -1,
10 285 286 -1,
10 200 201 -1,
568 9 567 -1,
527 241 242 -1,
527 528 161 -1,
527 161 241 -1,
569 9 568 -1,
526 242 243 -1,
526 527 242 -1,
570 9 569 -1,
525 243 244 -1,
525 526 243 -1,
571 9 570 -1,
524 525 244 -1,
524 244 245 -1,
572 9 571 -1,
523 524 245 -1,
523 325 326 -1,
523 245 325 -1,
463 358 359 -1,
463 464 358 -1,
465 357 358 -1,
465 358 464 -1,
462 463 359 -1,
462 359 360 -1,
466 357 465 -1,
466 356 357 -1,
461 462 360 -1,
461 360 361 -1,
467 356 466 -1,
467 355 356 -1,
460 361 362 -1,
460 461 361 -1,
573 9 572 -1,
522 326 327 -1,
522 523 326 -1,
468 355 467 -1,
468 354 355 -1,
459 363 10 -1,
459 362 363 -1,
459 460 362 -1,
469 353 354 -1,
469 354 468 -1,
458 459 10 -1,
470 351 352 -1,
470 353 469 -1,
470 352 353 -1,
457 458 10 -1,
471 351 470 -1,
456 457 10 -1,
472 351 471 -1,
472 350 351 -1,
455 456 10 -1,
473 349 350 -1,
473 350 472 -1,
454 455 10 -1,
574 9 573 -1,
521 327 328 -1,
521 522 327 -1,
474 431 348 -1,
474 348 349 -1,
474 349 473 -1,
453 454 10 -1,
475 431 474 -1,
452 453 10 -1,
476 430 431 -1,
476 431 475 -1,
451 452 10 -1,
477 428 429 -1,
477 429 430 -1,
477 430 476 -1,
450 451 10 -1,
575 9 574 -1,
449 450 10 -1,
478 428 477 -1,
479 427 428 -1,
479 428 478 -1,
448 449 10 -1,
480 426 427 -1,
480 427 479 -1,
447 448 10 -1,
576 9 575 -1,
481 424 425 -1,
481 425 426 -1,
481 426 480 -1,
446 447 10 -1,
482 424 481 -1,
445 446 10 -1,
577 9 576 -1,
444 445 10 -1,
483 424 482 -1,
483 422 423 -1,
483 423 424 -1,
484 422 483 -1,
443 444 10 -1,
485 420 421 -1,
485 421 422 -1,
485 422 484 -1,
442 443 10 -1,
578 9 577 -1,
486 420 485 -1,
441 442 10 -1,
487 420 486 -1,
487 419 420 -1,
440 441 10 -1,
579 9 578 -1,
488 418 419 -1,
488 419 487 -1,
439 440 10 -1,
489 416 417 -1,
489 418 488 -1,
489 417 418 -1,
438 439 10 -1,
437 438 10 -1,
490 416 489 -1,
580 9 579 -1,
436 437 10 -1,
491 415 416 -1,
491 416 490 -1,
492 414 415 -1,
492 415 491 -1,
435 436 10 -1,
581 9 580 -1,
434 435 10 -1,
493 413 414 -1,
493 414 492 -1,
433 434 10 -1,
432 433 10 -1,
515 432 10 -1,
514 515 10 -1,
11 411 412 -1,
11 512 513 -1,
11 412 413 -1,
11 516 517 -1,
11 517 518 -1,
11 518 519 -1,
11 519 520 -1,
11 520 521 -1,
11 328 329 -1,
11 521 328 -1,
11 413 493 -1,
11 329 409 -1,
11 587 588 -1,
11 588 589 -1,
11 589 590 -1,
11 590 591 -1,
11 591 592 -1,
11 592 593 -1,
11 593 594 -1,
11 493 494 -1,
11 594 595 -1,
11 494 495 -1,
11 595 596 -1,
11 495 496 -1,
11 596 597 -1,
11 496 497 -1,
11 597 598 -1,
11 598 599 -1,
11 497 498 -1,
11 599 516 -1,
11 498 499 -1,
11 499 500 -1,
11 500 501 -1,
11 501 502 -1,
11 502 503 -1,
11 503 504 -1,
11 504 505 -1,
11 505 506 -1,
11 506 507 -1,
11 507 508 -1,
11 508 509 -1,
11 509 510 -1,
11 409 410 -1,
11 510 511 -1,
11 410 411 -1,
11 511 512 -1,
10 11 514 -1,
514 11 513 -1,
11 9 581 -1,
11 581 582 -1,
11 582 583 -1,
11 583 584 -1,
11 584 585 -1,
11 585 586 -1,
11 586 587 -1,
603 601 600 -1,
603 600 602 -1,
640 639 604 -1,
641 640 604 -1,
638 604 639 -1,
642 641 604 -1,
637 604 638 -1,
643 642 604 -1,
636 604 637 -1,
644 643 604 -1,
635 604 636 -1,
634 604 635 -1,
645 644 604 -1,
633 604 634 -1,
646 645 604 -1,
647 646 604 -1,
632 604 633 -1,
648 647 604 -1,
631 604 632 -1,
649 648 604 -1,
630 604 631 -1,
650 649 604 -1,
629 604 630 -1,
651 650 604 -1,
628 604 629 -1,
652 651 604 -1,
627 604 628 -1,
653 652 604 -1,
626 604 627 -1,
654 653 604 -1,
655 654 604 -1,
723 615 614 -1,
723 614 724 -1,
725 614 613 -1,
725 724 614 -1,
722 615 723 -1,
721 616 615 -1,
721 615 722 -1,
726 613 612 -1,
726 725 613 -1,
727 726 612 -1,
720 617 616 -1,
720 616 721 -1,
728 612 611 -1,
728 727 612 -1,
719 617 720 -1,
729 728 611 -1,
718 618 617 -1,
718 617 719 -1,
730 611 610 -1,
730 729 611 -1,
717 619 618 -1,
717 618 718 -1,
716 620 619 -1,
716 619 717 -1,
731 610 609 -1,
731 730 610 -1,
732 731 609 -1,
715 620 716 -1,
715 621 620 -1,
733 609 608 -1,
733 732 609 -1,
714 621 715 -1,
734 733 608 -1,
713 622 621 -1,
713 621 714 -1,
735 734 608 -1,
735 608 691 -1,
712 623 622 -1,
712 622 713 -1,
736 735 691 -1,
711 623 712 -1,
737 736 691 -1,
737 691 690 -1,
738 737 690 -1,
738 690 689 -1,
739 738 689 -1,
740 689 688 -1,
740 739 689 -1,
741 740 688 -1,
742 741 688 -1,
742 688 687 -1,
743 742 687 -1,
743 687 686 -1,
744 743 686 -1,
745 744 686 -1,
745 686 685 -1,
746 745 685 -1,
747 746 685 -1,
747 685 684 -1,
748 747 684 -1,
748 684 683 -1,
749 748 683 -1,
750 749 683 -1,
750 683 682 -1,
751 750 682 -1,
751 682 681 -1,
752 751 681 -1,
752 681 680 -1,
753 752 680 -1,
753 680 679 -1,
754 753 679 -1,
755 679 678 -1,
755 754 679 -1,
808 702 701 -1,
807 702 808 -1,
807 703 702 -1,
806 703 807 -1,
806 704 703 -1,
809 808 701 -1,
810 809 701 -1,
810 700 699 -1,
810 701 700 -1,
805 705 704 -1,
805 704 806 -1,
804 706 705 -1,
804 705 805 -1,
811 810 699 -1,
803 707 706 -1,
803 706 804 -1,
812 811 699 -1,
812 699 698 -1,
813 812 698 -1,
813 698 697 -1,
802 708 707 -1,
802 707 803 -1,
814 813 697 -1,
814 697 696 -1,
801 709 708 -1,
801 708 802 -1,
800 710 709 -1,
800 709 801 -1,
815 814 696 -1,
815 695 694 -1,
815 696 695 -1,
816 815 694 -1,
799 711 710 -1,
799 710 800 -1,
799 623 711 -1,
798 624 623 -1,
798 623 799 -1,
817 816 694 -1,
817 694 693 -1,
818 817 693 -1,
818 693 692 -1,
797 625 624 -1,
797 624 798 -1,
819 818 692 -1,
819 692 775 -1,
820 774 773 -1,
820 775 774 -1,
820 819 775 -1,
821 820 773 -1,
822 773 772 -1,
822 821 773 -1,
823 822 772 -1,
823 771 770 -1,
823 772 771 -1,
824 823 770 -1,
825 770 769 -1,
825 824 770 -1,
826 825 769 -1,
826 769 768 -1,
827 768 767 -1,
827 826 768 -1,
828 827 767 -1,
828 767 766 -1,
829 828 766 -1,
829 766 765 -1,
830 829 765 -1,
830 764 763 -1,
830 765 764 -1,
831 830 763 -1,
832 831 763 -1,
832 763 762 -1,
833 832 762 -1,
833 762 761 -1,
834 833 761 -1,
834 761 760 -1,
835 834 760 -1,
835 760 759 -1,
836 835 759 -1,
836 759 758 -1,
837 836 758 -1,
837 758 757 -1,
891 788 787 -1,
892 787 786 -1,
892 891 787 -1,
893 786 785 -1,
893 892 786 -1,
890 788 891 -1,
894 784 783 -1,
894 785 784 -1,
894 893 785 -1,
889 788 890 -1,
889 789 788 -1,
888 790 789 -1,
888 791 790 -1,
888 789 889 -1,
895 783 782 -1,
895 894 783 -1,
887 791 888 -1,
887 792 791 -1,
896 895 782 -1,
897 782 781 -1,
897 896 782 -1,
886 792 887 -1,
885 792 886 -1,
885 793 792 -1,
898 897 781 -1,
898 781 780 -1,
899 898 780 -1,
899 780 779 -1,
884 793 885 -1,
884 794 793 -1,
883 794 884 -1,
883 795 794 -1,
883 796 795 -1,
900 899 779 -1,
900 779 778 -1,
882 796 883 -1,
901 900 778 -1,
901 777 776 -1,
901 778 777 -1,
902 901 776 -1,
903 902 776 -1,
903 776 859 -1,
904 859 858 -1,
904 903 859 -1,
905 904 858 -1,
905 858 857 -1,
906 857 856 -1,
906 905 857 -1,
907 906 856 -1,
907 855 854 -1,
907 856 855 -1,
908 907 854 -1,
909 908 854 -1,
909 854 853 -1,
910 909 853 -1,
910 853 852 -1,
911 910 852 -1,
911 851 850 -1,
911 852 851 -1,
912 911 850 -1,
913 850 849 -1,
913 912 850 -1,
914 849 848 -1,
914 913 849 -1,
915 848 847 -1,
915 914 848 -1,
916 847 846 -1,
916 915 847 -1,
917 845 844 -1,
917 846 845 -1,
917 916 846 -1,
918 917 844 -1,
919 918 844 -1,
919 844 843 -1,
920 843 842 -1,
920 919 843 -1,
921 842 841 -1,
921 920 842 -1,
1143 660 1144 -1,
1143 661 660 -1,
1142 662 661 -1,
1142 661 1143 -1,
1145 1144 660 -1,
1145 660 659 -1,
1146 659 658 -1,
1146 1145 659 -1,
1141 662 1142 -1,
1141 663 662 -1,
1147 1146 658 -1,
1147 658 657 -1,
1140 664 663 -1,
1140 663 1141 -1,
1148 1147 657 -1,
1148 656 655 -1,
1148 657 656 -1,
1139 664 1140 -1,
1139 665 664 -1,
1138 666 665 -1,
1138 665 1139 -1,
1149 1148 655 -1,
1137 666 1138 -1,
1137 667 666 -1,
1136 668 667 -1,
1136 667 1137 -1,
1135 668 1136 -1,
1135 669 668 -1,
1135 670 669 -1,
976 871 870 -1,
976 975 871 -1,
974 872 871 -1,
974 871 975 -1,
977 869 868 -1,
977 870 869 -1,
977 976 870 -1,
978 977 868 -1,
973 873 872 -1,
973 874 873 -1,
973 872 974 -1,
972 874 973 -1,
979 978 868 -1,
979 868 867 -1,
980 867 866 -1,
980 979 867 -1,
971 874 972 -1,
971 875 874 -1,
981 866 865 -1,
981 980 866 -1,
970 875 971 -1,
970 876 875 -1,
982 865 864 -1,
982 981 865 -1,
969 876 970 -1,
969 877 876 -1,
1134 670 1135 -1,
983 863 862 -1,
983 864 863 -1,
983 982 864 -1,
968 877 969 -1,
968 878 877 -1,
984 983 862 -1,
967 878 968 -1,
967 879 878 -1,
985 984 862 -1,
985 861 860 -1,
985 862 861 -1,
986 985 860 -1,
1133 671 670 -1,
1133 672 671 -1,
1133 670 1134 -1,
987 986 860 -1,
987 943 942 -1,
987 860 943 -1,
988 942 941 -1,
988 987 942 -1,
989 941 940 -1,
989 988 941 -1,
1132 672 1133 -1,
990 989 940 -1,
991 990 940 -1,
991 940 939 -1,
992 938 937 -1,
992 991 939 -1,
992 939 938 -1,
1131 673 672 -1,
1131 672 1132 -1,
993 992 937 -1,
994 936 935 -1,
994 937 936 -1,
994 993 937 -1,
1130 673 1131 -1,
1130 674 673 -1,
995 994 935 -1,
996 934 933 -1,
996 935 934 -1,
996 995 935 -1,
997 996 933 -1,
1129 675 674 -1,
1129 674 1130 -1,
998 933 932 -1,
998 997 933 -1,
999 932 931 -1,
999 998 932 -1,
1000 930 929 -1,
1000 931 930 -1,
1000 999 931 -1,
1128 676 675 -1,
1128 677 676 -1,
1128 675 1129 -1,
1001 1000 929 -1,
1001 929 928 -1,
1002 1001 928 -1,
1003 927 926 -1,
1003 928 927 -1,
1003 1002 928 -1,
1127 677 1128 -1,
1004 1003 926 -1,
1005 926 925 -1,
1005 1004 926 -1,
1126 677 1127 -1,
1126 678 677 -1,
1126 755 678 -1,
605 1150 1149 -1,
605 1151 1150 -1,
605 1152 1151 -1,
605 655 604 -1,
605 1153 1152 -1,
605 1154 1153 -1,
605 1155 1154 -1,
605 1156 1155 -1,
605 1157 1156 -1,
605 1158 1157 -1,
605 1159 1158 -1,
605 1160 1159 -1,
605 1161 1160 -1,
605 1149 655 -1,
1162 1161 605 -1,
1125 755 1126 -1,
1125 756 755 -1,
1163 1162 605 -1,
1124 757 756 -1,
1124 756 1125 -1,
606 625 797 -1,
606 626 625 -1,
606 796 882 -1,
606 879 967 -1,
606 604 626 -1,
606 960 959 -1,
606 961 960 -1,
606 962 961 -1,
606 963 962 -1,
606 964 963 -1,
606 965 964 -1,
606 966 965 -1,
606 967 966 -1,
606 880 879 -1,
606 881 880 -1,
606 882 881 -1,
606 797 796 -1,
1164 1163 605 -1,
1123 838 837 -1,
1123 757 1124 -1,
1123 837 757 -1,
1165 1164 605 -1,
1122 839 838 -1,
1122 838 1123 -1,
1166 1165 605 -1,
1121 840 839 -1,
1121 839 1122 -1,
1167 1166 605 -1,
1120 840 1121 -1,
1120 841 840 -1,
1168 1167 605 -1,
1119 841 1120 -1,
1119 922 921 -1,
1119 921 841 -1,
1059 955 954 -1,
1059 954 1060 -1,
1061 954 953 -1,
1061 1060 954 -1,
1058 955 1059 -1,
1058 956 955 -1,
1062 1061 953 -1,
1062 953 952 -1,
1057 956 1058 -1,
1057 957 956 -1,
1063 1062 952 -1,
1063 952 951 -1,
1056 958 957 -1,
1056 957 1057 -1,
1169 1168 605 -1,
1118 923 922 -1,
1118 922 1119 -1,
1064 1063 951 -1,
1064 951 950 -1,
1055 606 959 -1,
1055 959 958 -1,
1055 958 1056 -1,
1065 950 949 -1,
1065 1064 950 -1,
1054 606 1055 -1,
1066 948 947 -1,
1066 1065 949 -1,
1066 949 948 -1,
1053 606 1054 -1,
1067 1066 947 -1,
1052 606 1053 -1,
1068 1067 947 -1,
1068 947 946 -1,
1051 606 1052 -1,
1069 946 945 -1,
1069 1068 946 -1,
1050 606 1051 -1,
1170 1169 605 -1,
1117 924 923 -1,
1117 923 1118 -1,
1070 944 1027 -1,
1070 945 944 -1,
1070 1069 945 -1,
1049 606 1050 -1,
1071 1070 1027 -1,
1048 606 1049 -1,
1072 1027 1026 -1,
1072 1071 1027 -1,
1047 606 1048 -1,
1073 1025 1024 -1,
1073 1026 1025 -1,
1073 1072 1026 -1,
1046 606 1047 -1,
1171 1170 605 -1,
1045 606 1046 -1,
1074 1073 1024 -1,
1075 1024 1023 -1,
1075 1074 1024 -1,
1044 606 1045 -1,
1076 1023 1022 -1,
1076 1075 1023 -1,
1043 606 1044 -1,
1172 1171 605 -1,
1077 1021 1020 -1,
1077 1022 1021 -1,
1077 1076 1022 -1,
1042 606 1043 -1,
1078 1077 1020 -1,
1041 606 1042 -1,
1173 1172 605 -1,
1040 606 1041 -1,
1079 1078 1020 -1,
1079 1019 1018 -1,
1079 1020 1019 -1,
1080 1079 1018 -1,
1039 606 1040 -1,
1081 1017 1016 -1,
1081 1018 1017 -1,
1081 1080 1018 -1,
1038 606 1039 -1,
1174 1173 605 -1,
1082 1081 1016 -1,
1037 606 1038 -1,
1083 1082 1016 -1,
1083 1016 1015 -1,
1036 606 1037 -1,
1175 1174 605 -1,
1084 1015 1014 -1,
1084 1083 1015 -1,
1035 606 1036 -1,
1085 1013 1012 -1,
1085 1084 1014 -1,
1085 1014 1013 -1,
1034 606 1035 -1,
1033 606 1034 -1,
1086 1085 1012 -1,
1176 1175 605 -1,
1032 606 1033 -1,
1087 1012 1011 -1,
1087 1086 1012 -1,
1088 1011 1010 -1,
1088 1087 1011 -1,
1031 606 1032 -1,
1177 1176 605 -1,
1030 606 1031 -1,
1089 1010 1009 -1,
1089 1088 1010 -1,
1029 606 1030 -1,
1028 606 1029 -1,
1111 606 1028 -1,
1110 606 1111 -1,
607 1008 1007 -1,
607 1109 1108 -1,
607 1009 1008 -1,
607 1113 1112 -1,
607 1114 1113 -1,
607 1115 1114 -1,
607 1116 1115 -1,
607 1117 1116 -1,
607 925 924 -1,
607 924 1117 -1,
607 1089 1009 -1,
607 1005 925 -1,
607 1184 1183 -1,
607 1185 1184 -1,
607 1186 1185 -1,
607 1187 1186 -1,
607 1188 1187 -1,
607 1189 1188 -1,
607 1190 1189 -1,
607 1090 1089 -1,
607 1191 1190 -1,
607 1091 1090 -1,
607 1192 1191 -1,
607 1092 1091 -1,
607 1193 1192 -1,
607 1093 1092 -1,
607 1194 1193 -1,
607 1195 1194 -1,
607 1094 1093 -1,
607 1112 1195 -1,
607 1095 1094 -1,
607 1096 1095 -1,
607 1097 1096 -1,
607 1098 1097 -1,
607 1099 1098 -1,
607 1100 1099 -1,
607 1101 1100 -1,
607 1102 1101 -1,
607 1103 1102 -1,
607 1104 1103 -1,
607 1105 1104 -1,
607 1106 1105 -1,
607 1006 1005 -1,
607 1107 1106 -1,
607 1007 1006 -1,
607 1108 1107 -1,
606 1110 607 -1,
1110 1109 607 -1,
607 1177 605 -1,
607 1178 1177 -1,
607 1179 1178 -1,
607 1180 1179 -1,
607 1181 1180 -1,
607 1182 1181 -1,
607 1183 1182 -1,
1196 1198 1199 -1,
1197 1196 1199 -1,
1283 1285 1369 -1,
1283 1284 1285 -1,
1282 1369 1368 -1,
1282 1283 1369 -1,
1281 1368 1367 -1,
1281 1282 1368 -1,
1280 1367 1366 -1,
1280 1281 1367 -1,
1279 1366 1365 -1,
1279 1280 1366 -1,
1278 1365 1364 -1,
1278 1279 1365 -1,
1277 1278 1364 -1,
1277 1364 1363 -1,
1276 1277 1363 -1,
1276 1362 1361 -1,
1276 1363 1362 -1,
1275 1276 1361 -1,
1274 1275 1361 -1,
1274 1361 1360 -1,
1273 1274 1360 -1,
1273 1360 1359 -1,
1272 1273 1359 -1,
1272 1358 1357 -1,
1272 1359 1358 -1,
1271 1272 1357 -1,
1270 1271 1357 -1,
1270 1356 1355 -1,
1270 1357 1356 -1,
1269 1270 1355 -1,
1268 1269 1355 -1,
1268 1355 1354 -1,
1267 1268 1354 -1,
1267 1354 1353 -1,
1266 1267 1353 -1,
1266 1353 1352 -1,
1265 1352 1351 -1,
1265 1266 1352 -1,
1264 1350 1349 -1,
1264 1351 1350 -1,
1264 1265 1351 -1,
1263 1264 1349 -1,
1262 1349 1348 -1,
1262 1263 1349 -1,
1261 1348 1347 -1,
1261 1262 1348 -1,
1260 1347 1346 -1,
1260 1261 1347 -1,
1259 1346 1345 -1,
1259 1260 1346 -1,
1258 1345 1344 -1,
1258 1259 1345 -1,
1257 1343 1342 -1,
1257 1344 1343 -1,
1257 1258 1344 -1,
1256 1257 1342 -1,
1255 1341 1340 -1,
1255 1342 1341 -1,
1255 1256 1342 -1,
1254 1255 1340 -1,
1253 1339 1338 -1,
1253 1340 1339 -1,
1253 1254 1340 -1,
1252 1338 1337 -1,
1252 1253 1338 -1,
1251 1252 1337 -1,
1251 1337 1336 -1,
1250 1251 1336 -1,
1249 1250 1336 -1,
1249 1336 1335 -1,
1248 1249 1335 -1,
1248 1335 1334 -1,
1247 1248 1334 -1,
1247 1333 1332 -1,
1247 1334 1333 -1,
1246 1247 1332 -1,
1246 1332 1331 -1,
1245 1331 1330 -1,
1245 1246 1331 -1,
1244 1245 1330 -1,
1243 1330 1329 -1,
1243 1244 1330 -1,
1242 1243 1329 -1,
1242 1328 1327 -1,
1242 1329 1328 -1,
1241 1327 1326 -1,
1241 1242 1327 -1,
1240 1326 1325 -1,
1240 1241 1326 -1,
1239 1240 1325 -1,
1238 1325 1324 -1,
1238 1239 1325 -1,
1237 1323 1322 -1,
1237 1324 1323 -1,
1237 1238 1324 -1,
1236 1237 1322 -1,
1235 1321 1320 -1,
1235 1322 1321 -1,
1235 1236 1322 -1,
1234 1235 1320 -1,
1233 1320 1319 -1,
1233 1234 1320 -1,
1232 1319 1318 -1,
1232 1233 1319 -1,
1231 1317 1316 -1,
1231 1318 1317 -1,
1231 1232 1318 -1,
1230 1316 1315 -1,
1230 1231 1316 -1,
1229 1230 1315 -1,
1228 1314 1313 -1,
1228 1315 1314 -1,
1228 1229 1315 -1,
1227 1313 1312 -1,
1227 1228 1313 -1,
1226 1227 1312 -1,
1225 1226 1312 -1,
1225 1312 1311 -1,
1224 1311 1310 -1,
1224 1225 1311 -1,
1223 1309 1308 -1,
1223 1310 1309 -1,
1223 1224 1310 -1,
1222 1223 1308 -1,
1221 1308 1307 -1,
1221 1222 1308 -1,
1220 1306 1305 -1,
1220 1307 1306 -1,
1220 1221 1307 -1,
1219 1220 1305 -1,
1218 1305 1304 -1,
1218 1219 1305 -1,
1217 1304 1303 -1,
1217 1218 1304 -1,
1216 1302 1301 -1,
1216 1303 1302 -1,
1216 1217 1303 -1,
1215 1216 1301 -1,
1215 1301 1300 -1,
1214 1215 1300 -1,
1213 1214 1300 -1,
1213 1300 1299 -1,
1212 1213 1299 -1,
1212 1299 1298 -1,
1211 1212 1298 -1,
1211 1298 1297 -1,
1210 1211 1297 -1,
1210 1297 1296 -1,
1209 1210 1296 -1,
1209 1296 1295 -1,
1208 1209 1295 -1,
1208 1295 1294 -1,
1207 1208 1294 -1,
1207 1293 1292 -1,
1207 1294 1293 -1,
1206 1207 1292 -1,
1206 1292 1291 -1,
1205 1206 1291 -1,
1204 1291 1290 -1,
1204 1205 1291 -1,
1203 1290 1289 -1,
1203 1204 1290 -1,
1202 1203 1289 -1,
1202 1289 1288 -1,
1201 1202 1288 -1,
1201 1288 1287 -1,
1200 1201 1287 -1,
1200 1287 1286 -1,
1453 1455 1539 -1,
1453 1454 1455 -1,
1452 1539 1538 -1,
1452 1453 1539 -1,
1451 1538 1537 -1,
1451 1452 1538 -1,
1450 1537 1536 -1,
1450 1451 1537 -1,
1449 1536 1535 -1,
1449 1450 1536 -1,
1448 1535 1534 -1,
1448 1449 1535 -1,
1447 1448 1534 -1,
1447 1534 1533 -1,
1446 1447 1533 -1,
1446 1532 1531 -1,
1446 1533 1532 -1,
1445 1446 1531 -1,
1444 1445 1531 -1,
1444 1531 1530 -1,
1443 1444 1530 -1,
1443 1530 1529 -1,
1442 1443 1529 -1,
1442 1528 1527 -1,
1442 1529 1528 -1,
1441 1442 1527 -1,
1440 1441 1527 -1,
1440 1526 1525 -1,
1440 1527 1526 -1,
1439 1440 1525 -1,
1438 1439 1525 -1,
1438 1525 1524 -1,
1437 1438 1524 -1,
1437 1524 1523 -1,
1436 1437 1523 -1,
1436 1523 1522 -1,
1435 1522 1521 -1,
1435 1436 1522 -1,
1434 1520 1519 -1,
1434 1521 1520 -1,
1434 1435 1521 -1,
1433 1434 1519 -1,
1432 1519 1518 -1,
1432 1433 1519 -1,
1431 1518 1517 -1,
1431 1432 1518 -1,
1430 1517 1516 -1,
1430 1431 1517 -1,
1429 1516 1515 -1,
1429 1430 1516 -1,
1428 1515 1514 -1,
1428 1429 1515 -1,
1427 1513 1512 -1,
1427 1514 1513 -1,
1427 1428 1514 -1,
1426 1427 1512 -1,
1425 1511 1510 -1,
1425 1512 1511 -1,
1425 1426 1512 -1,
1424 1425 1510 -1,
1423 1509 1508 -1,
1423 1510 1509 -1,
1423 1424 1510 -1,
1422 1508 1507 -1,
1422 1423 1508 -1,
1421 1422 1507 -1,
1421 1507 1506 -1,
1420 1421 1506 -1,
1419 1420 1506 -1,
1419 1506 1505 -1,
1418 1419 1505 -1,
1418 1505 1504 -1,
1417 1418 1504 -1,
1417 1503 1502 -1,
1417 1504 1503 -1,
1416 1417 1502 -1,
1416 1502 1501 -1,
1415 1501 1500 -1,
1415 1416 1501 -1,
1414 1415 1500 -1,
1413 1500 1499 -1,
1413 1414 1500 -1,
1412 1413 1499 -1,
1412 1498 1497 -1,
1412 1499 1498 -1,
1411 1497 1496 -1,
1411 1412 1497 -1,
1410 1496 1495 -1,
1410 1411 1496 -1,
1409 1410 1495 -1,
1408 1495 1494 -1,
1408 1409 1495 -1,
1407 1493 1492 -1,
1407 1494 1493 -1,
1407 1408 1494 -1,
1406 1407 1492 -1,
1405 1491 1490 -1,
1405 1492 1491 -1,
1405 1406 1492 -1,
1404 1405 1490 -1,
1403 1490 1489 -1,
1403 1404 1490 -1,
1402 1489 1488 -1,
1402 1403 1489 -1,
1401 1487 1486 -1,
1401 1488 1487 -1,
1401 1402 1488 -1,
1400 1486 1485 -1,
1400 1401 1486 -1,
1399 1400 1485 -1,
1398 1484 1483 -1,
1398 1485 1484 -1,
1398 1399 1485 -1,
1397 1483 1482 -1,
1397 1398 1483 -1,
1396 1397 1482 -1,
1395 1396 1482 -1,
1395 1482 1481 -1,
1394 1481 1480 -1,
1394 1395 1481 -1,
1393 1479 1478 -1,
1393 1480 1479 -1,
1393 1394 1480 -1,
1392 1393 1478 -1,
1391 1478 1477 -1,
1391 1392 1478 -1,
1390 1476 1475 -1,
1390 1477 1476 -1,
1390 1391 1477 -1,
1389 1390 1475 -1,
1388 1475 1474 -1,
1388 1389 1475 -1,
1387 1474 1473 -1,
1387 1388 1474 -1,
1386 1472 1471 -1,
1386 1473 1472 -1,
1386 1387 1473 -1,
1385 1386 1471 -1,
1385 1471 1470 -1,
1384 1385 1470 -1,
1383 1384 1470 -1,
1383 1470 1469 -1,
1382 1383 1469 -1,
1382 1469 1468 -1,
1381 1382 1468 -1,
1381 1468 1467 -1,
1380 1381 1467 -1,
1380 1467 1466 -1,
1379 1380 1466 -1,
1379 1466 1465 -1,
1378 1379 1465 -1,
1378 1465 1464 -1,
1377 1378 1464 -1,
1377 1463 1462 -1,
1377 1464 1463 -1,
1376 1377 1462 -1,
1376 1462 1461 -1,
1375 1376 1461 -1,
1374 1461 1460 -1,
1374 1375 1461 -1,
1373 1460 1459 -1,
1373 1374 1460 -1,
1372 1373 1459 -1,
1372 1459 1458 -1,
1371 1372 1458 -1,
1371 1458 1457 -1,
1370 1371 1457 -1,
1370 1457 1456 -1,
1623 1625 1709 -1,
1623 1624 1625 -1,
1622 1709 1708 -1,
1622 1623 1709 -1,
1621 1708 1707 -1,
1621 1622 1708 -1,
1620 1707 1706 -1,
1620 1621 1707 -1,
1619 1706 1705 -1,
1619 1620 1706 -1,
1618 1705 1704 -1,
1618 1619 1705 -1,
1617 1618 1704 -1,
1617 1704 1703 -1,
1616 1617 1703 -1,
1616 1702 1701 -1,
1616 1703 1702 -1,
1615 1616 1701 -1,
1614 1615 1701 -1,
1614 1701 1700 -1,
1613 1614 1700 -1,
1613 1700 1699 -1,
1612 1613 1699 -1,
1612 1698 1697 -1,
1612 1699 1698 -1,
1611 1612 1697 -1,
1610 1611 1697 -1,
1610 1696 1695 -1,
1610 1697 1696 -1,
1609 1610 1695 -1,
1608 1609 1695 -1,
1608 1695 1694 -1,
1607 1608 1694 -1,
1607 1694 1693 -1,
1606 1607 1693 -1,
1606 1693 1692 -1,
1605 1692 1691 -1,
1605 1606 1692 -1,
1604 1690 1689 -1,
1604 1691 1690 -1,
1604 1605 1691 -1,
1603 1604 1689 -1,
1602 1689 1688 -1,
1602 1603 1689 -1,
1601 1688 1687 -1,
1601 1602 1688 -1,
1600 1687 1686 -1,
1600 1601 1687 -1,
1599 1686 1685 -1,
1599 1600 1686 -1,
1598 1685 1684 -1,
1598 1599 1685 -1,
1597 1683 1682 -1,
1597 1684 1683 -1,
1597 1598 1684 -1,
1596 1597 1682 -1,
1595 1681 1680 -1,
1595 1682 1681 -1,
1595 1596 1682 -1,
1594 1595 1680 -1,
1593 1679 1678 -1,
1593 1680 1679 -1,
1593 1594 1680 -1,
1592 1678 1677 -1,
1592 1593 1678 -1,
1591 1592 1677 -1,
1591 1677 1676 -1,
1590 1591 1676 -1,
1589 1590 1676 -1,
1589 1676 1675 -1,
1588 1589 1675 -1,
1588 1675 1674 -1,
1587 1588 1674 -1,
1587 1673 1672 -1,
1587 1674 1673 -1,
1586 1587 1672 -1,
1586 1672 1671 -1,
1585 1671 1670 -1,
1585 1586 1671 -1,
1584 1585 1670 -1,
1583 1670 1669 -1,
1583 1584 1670 -1,
1582 1583 1669 -1,
1582 1668 1667 -1,
1582 1669 1668 -1,
1581 1667 1666 -1,
1581 1582 1667 -1,
1580 1666 1665 -1,
1580 1581 1666 -1,
1579 1580 1665 -1,
1578 1665 1664 -1,
1578 1579 1665 -1,
1577 1663 1662 -1,
1577 1664 1663 -1,
1577 1578 1664 -1,
1576 1577 1662 -1,
1575 1661 1660 -1,
1575 1662 1661 -1,
1575 1576 1662 -1,
1574 1575 1660 -1,
1573 1660 1659 -1,
1573 1574 1660 -1,
1572 1659 1658 -1,
1572 1573 1659 -1,
1571 1657 1656 -1,
1571 1658 1657 -1,
1571 1572 1658 -1,
1570 1656 1655 -1,
1570 1571 1656 -1,
1569 1570 1655 -1,
1568 1654 1653 -1,
1568 1655 1654 -1,
1568 1569 1655 -1,
1567 1653 1652 -1,
1567 1568 1653 -1,
1566 1567 1652 -1,
1565 1566 1652 -1,
1565 1652 1651 -1,
1564 1651 1650 -1,
1564 1565 1651 -1,
1563 1649 1648 -1,
1563 1650 1649 -1,
1563 1564 1650 -1,
1562 1563 1648 -1,
1561 1648 1647 -1,
1561 1562 1648 -1,
1560 1646 1645 -1,
1560 1647 1646 -1,
1560 1561 1647 -1,
1559 1560 1645 -1,
1558 1645 1644 -1,
1558 1559 1645 -1,
1557 1644 1643 -1,
1557 1558 1644 -1,
1556 1642 1641 -1,
1556 1643 1642 -1,
1556 1557 1643 -1,
1555 1556 1641 -1,
1555 1641 1640 -1,
1554 1555 1640 -1,
1553 1554 1640 -1,
1553 1640 1639 -1,
1552 1553 1639 -1,
1552 1639 1638 -1,
1551 1552 1638 -1,
1551 1638 1637 -1,
1550 1551 1637 -1,
1550 1637 1636 -1,
1549 1550 1636 -1,
1549 1636 1635 -1,
1548 1549 1635 -1,
1548 1635 1634 -1,
1547 1548 1634 -1,
1547 1633 1632 -1,
1547 1634 1633 -1,
1546 1547 1632 -1,
1546 1632 1631 -1,
1545 1546 1631 -1,
1544 1631 1630 -1,
1544 1545 1631 -1,
1543 1630 1629 -1,
1543 1544 1630 -1,
1542 1543 1629 -1,
1542 1629 1628 -1,
1541 1542 1628 -1,
1541 1628 1627 -1,
1540 1541 1627 -1,
1540 1627 1626 -1,
1793 1795 1879 -1,
1793 1794 1795 -1,
1792 1879 1878 -1,
1792 1793 1879 -1,
1791 1878 1877 -1,
1791 1792 1878 -1,
1790 1877 1876 -1,
1790 1791 1877 -1,
1789 1876 1875 -1,
1789 1790 1876 -1,
1788 1875 1874 -1,
1788 1789 1875 -1,
1787 1788 1874 -1,
1787 1874 1873 -1,
1786 1787 1873 -1,
1786 1872 1871 -1,
1786 1873 1872 -1,
1785 1786 1871 -1,
1784 1785 1871 -1,
1784 1871 1870 -1,
1783 1784 1870 -1,
1783 1870 1869 -1,
1782 1783 1869 -1,
1782 1868 1867 -1,
1782 1869 1868 -1,
1781 1782 1867 -1,
1780 1781 1867 -1,
1780 1866 1865 -1,
1780 1867 1866 -1,
1779 1780 1865 -1,
1778 1779 1865 -1,
1778 1865 1864 -1,
1777 1778 1864 -1,
1777 1864 1863 -1,
1776 1777 1863 -1,
1776 1863 1862 -1,
1775 1862 1861 -1,
1775 1776 1862 -1,
1774 1860 1859 -1,
1774 1861 1860 -1,
1774 1775 1861 -1,
1773 1774 1859 -1,
1772 1859 1858 -1,
1772 1773 1859 -1,
1771 1858 1857 -1,
1771 1772 1858 -1,
1770 1857 1856 -1,
1770 1771 1857 -1,
1769 1856 1855 -1,
1769 1770 1856 -1,
1768 1855 1854 -1,
1768 1769 1855 -1,
1767 1853 1852 -1,
1767 1854 1853 -1,
1767 1768 1854 -1,
1766 1767 1852 -1,
1765 1851 1850 -1,
1765 1852 1851 -1,
1765 1766 1852 -1,
1764 1765 1850 -1,
1763 1849 1848 -1,
1763 1850 1849 -1,
1763 1764 1850 -1,
1762 1848 1847 -1,
1762 1763 1848 -1,
1761 1762 1847 -1,
1761 1847 1846 -1,
1760 1761 1846 -1,
1759 1760 1846 -1,
1759 1846 1845 -1,
1758 1759 1845 -1,
1758 1845 1844 -1,
1757 1758 1844 -1,
1757 1843 1842 -1,
1757 1844 1843 -1,
1756 1757 1842 -1,
1756 1842 1841 -1,
1755 1841 1840 -1,
1755 1756 1841 -1,
1754 1755 1840 -1,
1753 1840 1839 -1,
1753 1754 1840 -1,
1752 1753 1839 -1,
1752 1838 1837 -1,
1752 1839 1838 -1,
1751 1837 1836 -1,
1751 1752 1837 -1,
1750 1836 1835 -1,
1750 1751 1836 -1,
1749 1750 1835 -1,
1748 1835 1834 -1,
1748 1749 1835 -1,
1747 1833 1832 -1,
1747 1834 1833 -1,
1747 1748 1834 -1,
1746 1747 1832 -1,
1745 1831 1830 -1,
1745 1832 1831 -1,
1745 1746 1832 -1,
1744 1745 1830 -1,
1743 1830 1829 -1,
1743 1744 1830 -1,
1742 1829 1828 -1,
1742 1743 1829 -1,
1741 1827 1826 -1,
1741 1828 1827 -1,
1741 1742 1828 -1,
1740 1826 1825 -1,
1740 1741 1826 -1,
1739 1740 1825 -1,
1738 1824 1823 -1,
1738 1825 1824 -1,
1738 1739 1825 -1,
1737 1823 1822 -1,
1737 1738 1823 -1,
1736 1737 1822 -1,
1735 1736 1822 -1,
1735 1822 1821 -1,
1734 1821 1820 -1,
1734 1735 1821 -1,
1733 1819 1818 -1,
1733 1820 1819 -1,
1733 1734 1820 -1,
1732 1733 1818 -1,
1731 1818 1817 -1,
1731 1732 1818 -1,
1730 1816 1815 -1,
1730 1817 1816 -1,
1730 1731 1817 -1,
1729 1730 1815 -1,
1728 1815 1814 -1,
1728 1729 1815 -1,
1727 1814 1813 -1,
1727 1728 1814 -1,
1726 1812 1811 -1,
1726 1813 1812 -1,
1726 1727 1813 -1,
1725 1726 1811 -1,
1725 1811 1810 -1,
1724 1725 1810 -1,
1723 1724 1810 -1,
1723 1810 1809 -1,
1722 1723 1809 -1,
1722 1809 1808 -1,
1721 1722 1808 -1,
1721 1808 1807 -1,
1720 1721 1807 -1,
1720 1807 1806 -1,
1719 1720 1806 -1,
1719 1806 1805 -1,
1718 1719 1805 -1,
1718 1805 1804 -1,
1717 1718 1804 -1,
1717 1803 1802 -1,
1717 1804 1803 -1,
1716 1717 1802 -1,
1716 1802 1801 -1,
1715 1716 1801 -1,
1714 1801 1800 -1,
1714 1715 1801 -1,
1713 1800 1799 -1,
1713 1714 1800 -1,
1712 1713 1799 -1,
1712 1799 1798 -1,
1711 1712 1798 -1,
1711 1798 1797 -1,
1710 1711 1797 -1,
1710 1797 1796 -1,
1963 1965 2049 -1,
1963 1964 1965 -1,
1962 2049 2048 -1,
1962 1963 2049 -1,
1961 2048 2047 -1,
1961 1962 2048 -1,
1960 2047 2046 -1,
1960 1961 2047 -1,
1959 2046 2045 -1,
1959 1960 2046 -1,
1958 2045 2044 -1,
1958 1959 2045 -1,
1957 1958 2044 -1,
1957 2044 2043 -1,
1956 1957 2043 -1,
1956 2042 2041 -1,
1956 2043 2042 -1,
1955 1956 2041 -1,
1954 1955 2041 -1,
1954 2041 2040 -1,
1953 1954 2040 -1,
1953 2040 2039 -1,
1952 1953 2039 -1,
1952 2038 2037 -1,
1952 2039 2038 -1,
1951 1952 2037 -1,
1950 1951 2037 -1,
1950 2036 2035 -1,
1950 2037 2036 -1,
1949 1950 2035 -1,
1948 1949 2035 -1,
1948 2035 2034 -1,
1947 1948 2034 -1,
1947 2034 2033 -1,
1946 1947 2033 -1,
1946 2033 2032 -1,
1945 2032 2031 -1,
1945 1946 2032 -1,
1944 2030 2029 -1,
1944 2031 2030 -1,
1944 1945 2031 -1,
1943 1944 2029 -1,
1942 2029 2028 -1,
1942 1943 2029 -1,
1941 2028 2027 -1,
1941 1942 2028 -1,
1940 2027 2026 -1,
1940 1941 2027 -1,
1939 2026 2025 -1,
1939 1940 2026 -1,
1938 2025 2024 -1,
1938 1939 2025 -1,
1937 2023 2022 -1,
1937 2024 2023 -1,
1937 1938 2024 -1,
1936 1937 2022 -1,
1935 2021 2020 -1,
1935 2022 2021 -1,
1935 1936 2022 -1,
1934 1935 2020 -1,
1933 2019 2018 -1,
1933 2020 2019 -1,
1933 1934 2020 -1,
1932 2018 2017 -1,
1932 1933 2018 -1,
1931 1932 2017 -1,
1931 2017 2016 -1,
1930 1931 2016 -1,
1929 1930 2016 -1,
1929 2016 2015 -1,
1928 1929 2015 -1,
1928 2015 2014 -1,
1927 1928 2014 -1,
1927 2013 2012 -1,
1927 2014 2013 -1,
1926 1927 2012 -1,
1926 2012 2011 -1,
1925 2011 2010 -1,
1925 1926 2011 -1,
1924 1925 2010 -1,
1923 2010 2009 -1,
1923 1924 2010 -1,
1922 1923 2009 -1,
1922 2008 2007 -1,
1922 2009 2008 -1,
1921 2007 2006 -1,
1921 1922 2007 -1,
1920 2006 2005 -1,
1920 1921 2006 -1,
1919 1920 2005 -1,
1918 2005 2004 -1,
1918 1919 2005 -1,
1917 2003 2002 -1,
1917 2004 2003 -1,
1917 1918 2004 -1,
1916 1917 2002 -1,
1915 2001 2000 -1,
1915 2002 2001 -1,
1915 1916 2002 -1,
1914 1915 2000 -1,
1913 2000 1999 -1,
1913 1914 2000 -1,
1912 1999 1998 -1,
1912 1913 1999 -1,
1911 1997 1996 -1,
1911 1998 1997 -1,
1911 1912 1998 -1,
1910 1996 1995 -1,
1910 1911 1996 -1,
1909 1910 1995 -1,
1908 1994 1993 -1,
1908 1995 1994 -1,
1908 1909 1995 -1,
1907 1993 1992 -1,
1907 1908 1993 -1,
1906 1907 1992 -1,
1905 1906 1992 -1,
1905 1992 1991 -1,
1904 1991 1990 -1,
1904 1905 1991 -1,
1903 1989 1988 -1,
1903 1990 1989 -1,
1903 1904 1990 -1,
1902 1903 1988 -1,
1901 1988 1987 -1,
1901 1902 1988 -1,
1900 1986 1985 -1,
1900 1987 1986 -1,
1900 1901 1987 -1,
1899 1900 1985 -1,
1898 1985 1984 -1,
1898 1899 1985 -1,
1897 1984 1983 -1,
1897 1898 1984 -1,
1896 1982 1981 -1,
1896 1983 1982 -1,
1896 1897 1983 -1,
1895 1896 1981 -1,
1895 1981 1980 -1,
1894 1895 1980 -1,
1893 1894 1980 -1,
1893 1980 1979 -1,
1892 1893 1979 -1,
1892 1979 1978 -1,
1891 1892 1978 -1,
1891 1978 1977 -1,
1890 1891 1977 -1,
1890 1977 1976 -1,
1889 1890 1976 -1,
1889 1976 1975 -1,
1888 1889 1975 -1,
1888 1975 1974 -1,
1887 1888 1974 -1,
1887 1973 1972 -1,
1887 1974 1973 -1,
1886 1887 1972 -1,
1886 1972 1971 -1,
1885 1886 1971 -1,
1884 1971 1970 -1,
1884 1885 1971 -1,
1883 1970 1969 -1,
1883 1884 1970 -1,
1882 1883 1969 -1,
1882 1969 1968 -1,
1881 1882 1968 -1,
1881 1968 1967 -1,
1880 1881 1967 -1,
1880 1967 1966 -1,
2133 2135 2219 -1,
2133 2134 2135 -1,
2132 2219 2218 -1,
2132 2133 2219 -1,
2131 2218 2217 -1,
2131 2132 2218 -1,
2130 2217 2216 -1,
2130 2131 2217 -1,
2129 2216 2215 -1,
2129 2130 2216 -1,
2128 2215 2214 -1,
2128 2129 2215 -1,
2127 2128 2214 -1,
2127 2214 2213 -1,
2126 2127 2213 -1,
2126 2212 2211 -1,
2126 2213 2212 -1,
2125 2126 2211 -1,
2124 2125 2211 -1,
2124 2211 2210 -1,
2123 2124 2210 -1,
2123 2210 2209 -1,
2122 2123 2209 -1,
2122 2208 2207 -1,
2122 2209 2208 -1,
2121 2122 2207 -1,
2120 2121 2207 -1,
2120 2206 2205 -1,
2120 2207 2206 -1,
2119 2120 2205 -1,
2118 2119 2205 -1,
2118 2205 2204 -1,
2117 2118 2204 -1,
2117 2204 2203 -1,
2116 2117 2203 -1,
2116 2203 2202 -1,
2115 2202 2201 -1,
2115 2116 2202 -1,
2114 2200 2199 -1,
2114 2201 2200 -1,
2114 2115 2201 -1,
2113 2114 2199 -1,
2112 2199 2198 -1,
2112 2113 2199 -1,
2111 2198 2197 -1,
2111 2112 2198 -1,
2110 2197 2196 -1,
2110 2111 2197 -1,
2109 2196 2195 -1,
2109 2110 2196 -1,
2108 2195 2194 -1,
2108 2109 2195 -1,
2107 2193 2192 -1,
2107 2194 2193 -1,
2107 2108 2194 -1,
2106 2107 2192 -1,
2105 2191 2190 -1,
2105 2192 2191 -1,
2105 2106 2192 -1,
2104 2105 2190 -1,
2103 2189 2188 -1,
2103 2190 2189 -1,
2103 2104 2190 -1,
2102 2188 2187 -1,
2102 2103 2188 -1,
2101 2102 2187 -1,
2101 2187 2186 -1,
2100 2101 2186 -1,
2099 2100 2186 -1,
2099 2186 2185 -1,
2098 2099 2185 -1,
2098 2185 2184 -1,
2097 2098 2184 -1,
2097 2183 2182 -1,
2097 2184 2183 -1,
2096 2097 2182 -1,
2096 2182 2181 -1,
2095 2181 2180 -1,
2095 2096 2181 -1,
2094 2095 2180 -1,
2093 2180 2179 -1,
2093 2094 2180 -1,
2092 2093 2179 -1,
2092 2178 2177 -1,
2092 2179 2178 -1,
2091 2177 2176 -1,
2091 2092 2177 -1,
2090 2176 2175 -1,
2090 2091 2176 -1,
2089 2090 2175 -1,
2088 2175 2174 -1,
2088 2089 2175 -1,
2087 2173 2172 -1,
2087 2174 2173 -1,
2087 2088 2174 -1,
2086 2087 2172 -1,
2085 2171 2170 -1,
2085 2172 2171 -1,
2085 2086 2172 -1,
2084 2085 2170 -1,
2083 2170 2169 -1,
2083 2084 2170 -1,
2082 2169 2168 -1,
2082 2083 2169 -1,
2081 2167 2166 -1,
2081 2168 2167 -1,
2081 2082 2168 -1,
2080 2166 2165 -1,
2080 2081 2166 -1,
2079 2080 2165 -1,
2078 2164 2163 -1,
2078 2165 2164 -1,
2078 2079 2165 -1,
2077 2163 2162 -1,
2077 2078 2163 -1,
2076 2077 2162 -1,
2075 2076 2162 -1,
2075 2162 2161 -1,
2074 2161 2160 -1,
2074 2075 2161 -1,
2073 2159 2158 -1,
2073 2160 2159 -1,
2073 2074 2160 -1,
2072 2073 2158 -1,
2071 2158 2157 -1,
2071 2072 2158 -1,
2070 2156 2155 -1,
2070 2157 2156 -1,
2070 2071 2157 -1,
2069 2070 2155 -1,
2068 2155 2154 -1,
2068 2069 2155 -1,
2067 2154 2153 -1,
2067 2068 2154 -1,
2066 2152 2151 -1,
2066 2153 2152 -1,
2066 2067 2153 -1,
2065 2066 2151 -1,
2065 2151 2150 -1,
2064 2065 2150 -1,
2063 2064 2150 -1,
2063 2150 2149 -1,
2062 2063 2149 -1,
2062 2149 2148 -1,
2061 2062 2148 -1,
2061 2148 2147 -1,
2060 2061 2147 -1,
2060 2147 2146 -1,
2059 2060 2146 -1,
2059 2146 2145 -1,
2058 2059 2145 -1,
2058 2145 2144 -1,
2057 2058 2144 -1,
2057 2143 2142 -1,
2057 2144 2143 -1,
2056 2057 2142 -1,
2056 2142 2141 -1,
2055 2056 2141 -1,
2054 2141 2140 -1,
2054 2055 2141 -1,
2053 2140 2139 -1,
2053 2054 2140 -1,
2052 2053 2139 -1,
2052 2139 2138 -1,
2051 2052 2138 -1,
2051 2138 2137 -1,
2050 2051 2137 -1,
2050 2137 2136 -1,
2303 2305 2389 -1,
2303 2304 2305 -1,
2302 2389 2388 -1,
2302 2303 2389 -1,
2301 2388 2387 -1,
2301 2302 2388 -1,
2300 2387 2386 -1,
2300 2301 2387 -1,
2299 2386 2385 -1,
2299 2300 2386 -1,
2298 2385 2384 -1,
2298 2299 2385 -1,
2297 2298 2384 -1,
2297 2384 2383 -1,
2296 2297 2383 -1,
2296 2382 2381 -1,
2296 2383 2382 -1,
2295 2296 2381 -1,
2294 2295 2381 -1,
2294 2381 2380 -1,
2293 2294 2380 -1,
2293 2380 2379 -1,
2292 2293 2379 -1,
2292 2378 2377 -1,
2292 2379 2378 -1,
2291 2292 2377 -1,
2290 2291 2377 -1,
2290 2376 2375 -1,
2290 2377 2376 -1,
2289 2290 2375 -1,
2288 2289 2375 -1,
2288 2375 2374 -1,
2287 2288 2374 -1,
2287 2374 2373 -1,
2286 2287 2373 -1,
2286 2373 2372 -1,
2285 2372 2371 -1,
2285 2286 2372 -1,
2284 2370 2369 -1,
2284 2371 2370 -1,
2284 2285 2371 -1,
2283 2284 2369 -1,
2282 2369 2368 -1,
2282 2283 2369 -1,
2281 2368 2367 -1,
2281 2282 2368 -1,
2280 2367 2366 -1,
2280 2281 2367 -1,
2279 2366 2365 -1,
2279 2280 2366 -1,
2278 2365 2364 -1,
2278 2279 2365 -1,
2277 2363 2362 -1,
2277 2364 2363 -1,
2277 2278 2364 -1,
2276 2277 2362 -1,
2275 2361 2360 -1,
2275 2362 2361 -1,
2275 2276 2362 -1,
2274 2275 2360 -1,
2273 2359 2358 -1,
2273 2360 2359 -1,
2273 2274 2360 -1,
2272 2358 2357 -1,
2272 2273 2358 -1,
2271 2272 2357 -1,
2271 2357 2356 -1,
2270 2271 2356 -1,
2269 2270 2356 -1,
2269 2356 2355 -1,
2268 2269 2355 -1,
2268 2355 2354 -1,
2267 2268 2354 -1,
2267 2353 2352 -1,
2267 2354 2353 -1,
2266 2267 2352 -1,
2266 2352 2351 -1,
2265 2351 2350 -1,
2265 2266 2351 -1,
2264 2265 2350 -1,
2263 2350 2349 -1,
2263 2264 2350 -1,
2262 2263 2349 -1,
2262 2348 2347 -1,
2262 2349 2348 -1,
2261 2347 2346 -1,
2261 2262 2347 -1,
2260 2346 2345 -1,
2260 2261 2346 -1,
2259 2260 2345 -1,
2258 2345 2344 -1,
2258 2259 2345 -1,
2257 2343 2342 -1,
2257 2344 2343 -1,
2257 2258 2344 -1,
2256 2257 2342 -1,
2255 2341 2340 -1,
2255 2342 2341 -1,
2255 2256 2342 -1,
2254 2255 2340 -1,
2253 2340 2339 -1,
2253 2254 2340 -1,
2252 2339 2338 -1,
2252 2253 2339 -1,
2251 2337 2336 -1,
2251 2338 2337 -1,
2251 2252 2338 -1,
2250 2336 2335 -1,
2250 2251 2336 -1,
2249 2250 2335 -1,
2248 2334 2333 -1,
2248 2335 2334 -1,
2248 2249 2335 -1,
2247 2333 2332 -1,
2247 2248 2333 -1,
2246 2247 2332 -1,
2245 2246 2332 -1,
2245 2332 2331 -1,
2244 2331 2330 -1,
2244 2245 2331 -1,
2243 2329 2328 -1,
2243 2330 2329 -1,
2243 2244 2330 -1,
2242 2243 2328 -1,
2241 2328 2327 -1,
2241 2242 2328 -1,
2240 2326 2325 -1,
2240 2327 2326 -1,
2240 2241 2327 -1,
2239 2240 2325 -1,
2238 2325 2324 -1,
2238 2239 2325 -1,
2237 2324 2323 -1,
2237 2238 2324 -1,
2236 2322 2321 -1,
2236 2323 2322 -1,
2236 2237 2323 -1,
2235 2236 2321 -1,
2235 2321 2320 -1,
2234 2235 2320 -1,
2233 2234 2320 -1,
2233 2320 2319 -1,
2232 2233 2319 -1,
2232 2319 2318 -1,
2231 2232 2318 -1,
2231 2318 2317 -1,
2230 2231 2317 -1,
2230 2317 2316 -1,
2229 2230 2316 -1,
2229 2316 2315 -1,
2228 2229 2315 -1,
2228 2315 2314 -1,
2227 2228 2314 -1,
2227 2313 2312 -1,
2227 2314 2313 -1,
2226 2227 2312 -1,
2226 2312 2311 -1,
2225 2226 2311 -1,
2224 2311 2310 -1,
2224 2225 2311 -1,
2223 2310 2309 -1,
2223 2224 2310 -1,
2222 2223 2309 -1,
2222 2309 2308 -1,
2221 2222 2308 -1,
2221 2308 2307 -1,
2220 2221 2307 -1,
2220 2307 2306 -1 ] solid TRUE creaseAngle 0.5 } }
# mount_ring_1
Shape { appearance Appearance { material Material { diffuseColor 0.78 0.58 0.16 } } geometry IndexedFaceSet { coord Coordinate { point [ 2.234252 6.062500 4.976378,
2.234252 6.062500 4.990157,
2.231500 6.136053 4.990157,
2.223259 6.209195 4.990157,
2.209575 6.281517 4.990157,
2.190524 6.352613 4.990157,
2.166214 6.422088 4.990157,
2.136780 6.489551 4.990157,
2.102387 6.554626 4.990157,
2.063227 6.616949 4.990157,
2.019519 6.676171 4.990157,
1.971508 6.731961 4.990157,
1.919461 6.784008 4.990157,
1.863671 6.832019 4.990157,
1.804449 6.875727 4.990157,
1.742126 6.914887 4.990157,
1.677051 6.949280 4.990157,
1.609588 6.978714 4.990157,
1.540113 7.003024 4.990157,
1.469017 7.022075 4.990157,
1.396695 7.035759 4.990157,
1.323553 7.044000 4.990157,
1.250000 7.046752 4.990157,
1.176447 7.044000 4.990157,
1.103305 7.035759 4.990157,
1.030983 7.022075 4.990157,
0.959887 7.003024 4.990157,
0.890412 6.978714 4.990157,
0.822949 6.949280 4.990157,
0.757874 6.914887 4.990157,
0.695551 6.875727 4.990157,
0.636329 6.832019 4.990157,
0.580539 6.784008 4.990157,
0.528492 6.731961 4.990157,
0.480481 6.676171 4.990157,
0.436773 6.616949 4.990157,
0.397613 6.554626 4.990157,
0.363220 6.489551 4.990157,
0.333786 6.422088 4.990157,
0.309476 6.352613 4.990157,
0.290425 6.281517 4.990157,
0.276741 6.209195 4.990157,
0.268500 6.136053 4.990157,
0.265748 6.062500 4.990157,
0.268500 5.988947 4.990157,
0.276741 5.915805 4.990157,
0.290425 5.843483 4.990157,
0.309476 5.772387 4.990157,
0.333786 5.702912 4.990157,
0.363220 5.635449 4.990157,
0.397613 5.570374 4.990157,
0.436773 5.508051 4.990157,
0.480481 5.448829 4.990157,
0.528492 5.393039 4.990157,
0.580539 5.340992 4.990157,
0.636329 5.292981 4.990157,
0.695551 5.249273 4.990157,
0.757874 5.210113 4.990157,
0.822949 5.175720 4.990157,
0.890412 5.146286 4.990157,
0.959887 5.121976 4.990157,
1.030983 5.102925 4.990157,
1.103305 5.089241 4.990157,
1.176447 5.081000 4.990157,
1.250000 5.078248 4.990157,
1.323553 5.081000 4.990157,
1.396695 5.089241 4.990157,
1.469017 5.102925 4.990157,
1.540113 5.121976 4.990157,
1.609588 5.146286 4.990157,
1.677051 5.175720 4.990157,
1.742126 5.210113 4.990157,
1.804449 5.249273 4.990157,
1.863671 5.292981 4.990157,
1.919461 5.340992 4.990157,
1.971508 5.393039 4.990157,
2.019519 5.448829 4.990157,
2.063227 5.508051 4.990157,
2.102387 5.570374 4.990157,
2.136780 5.635449 4.990157,
2.166214 5.702912 4.990157,
2.190524 5.772387 4.990157,
2.209575 5.843483 4.990157,
2.223259 5.915805 4.990157,
2.231500 5.988947 4.990157,
2.234252 6.062500 4.990157,
2.234252 6.062500 4.976378,
2.231500 6.136053 4.976378,
2.223259 6.209195 4.976378,
2.209575 6.281517 4.976378,
2.190524 6.352613 4.976378,
2.166214 6.422088 4.976378,
2.136780 6.489551 4.976378,
2.102387 6.554626 4.976378,
2.063227 6.616949 4.976378,
2.019519 6.676171 4.976378,
1.971508 6.731961 4.976378,
1.919461 6.784008 4.976378,
1.863671 6.832019 4.976378,
1.804449 6.875727 4.976378,
1.742126 6.914887 4.976378,
1.677051 6.949280 4.976378,
1.609588 6.978714 4.976378,
1.540113 7.003024 4.976378,
1.469017 7.022075 4.976378,
1.396695 7.035759 4.976378,
1.323553 7.044000 4.976378,
1.250000 7.046752 4.976378,
1.176447 7.044000 4.976378,
1.103305 7.035759 4.976378,
1.030983 7.022075 4.976378,
0.959887 7.003024 4.976378,
0.890412 6.978714 4.976378,
0.822949 6.949280 4.976378,
0.757874 6.914887 4.976378,
0.695551 6.875727 4.976378,
0.636329 6.832019 4.976378,
0.580539 6.784008 4.976378,
0.528492 6.731961 4.976378,
0.480481 6.676171 4.976378,
0.436773 6.616949 4.976378,
0.397613 6.554626 4.976378,
0.363220 6.489551 4.976378,
0.333786 6.422088 4.976378,
0.309476 6.352613 4.976378,
0.290425 6.281517 4.976378,
0.276741 6.209195 4.976378,
0.268500 6.136053 4.976378,
0.265748 6.062500 4.976378,
0.268500 5.988947 4.976378,
0.276741 5.915805 4.976378,
0.290425 5.843483 4.976378,
0.309476 5.772387 4.976378,
0.333786 5.702912 4.976378,
0.363220 5.635449 4.976378,
0.397613 5.570374 4.976378,
0.436773 5.508051 4.976378,
0.480481 5.448829 4.976378,
0.528492 5.393039 4.976378,
0.580539 5.340992 4.976378,
0.636329 5.292981 4.976378,
0.695551 5.249273 4.976378,
0.757874 5.210113 4.976378,
0.822949 5.175720 4.976378,
0.890412 5.146286 4.976378,
0.959887 5.121976 4.976378,
1.030983 5.102925 4.976378,
1.103305 5.089241 4.976378,
1.176447 5.081000 4.976378,
1.250000 5.078248 4.976378,
1.323553 5.081000 4.976378,
1.396695 5.089241 4.976378,
1.469017 5.102925 4.976378,
1.540113 5.121976 4.976378,
1.609588 5.146286 4.976378,
1.677051 5.175720 4.976378,
1.742126 5.210113 4.976378,
1.804449 5.249273 4.976378,
1.863671 5.292981 4.976378,
1.919461 5.340992 4.976378,
1.971508 5.393039 4.976378,
2.019519 5.448829 4.976378,
2.063227 5.508051 4.976378,
2.102387 5.570374 4.976378,
2.136780 5.635449 4.976378,
2.166214 5.702912 4.976378,
2.190524 5.772387 4.976378,
2.209575 5.843483 4.976378,
2.223259 5.915805 4.976378,
2.231500 5.988947 4.976378,
1.879921 6.062500 4.976378,
1.879921 6.062500 4.990157,
1.878160 6.109574 4.990157,
1.872886 6.156385 4.990157,
1.864128 6.202671 4.990157,
1.851936 6.248173 4.990157,
1.836377 6.292636 4.990157,
1.817539 6.335813 4.990157,
1.795528 6.377461 4.990157,
1.770465 6.417347 4.990157,
1.742492 6.455249 4.990157,
1.711765 6.490955 4.990157,
1.678455 6.524265 4.990157,
1.642749 6.554992 4.990157,
1.604847 6.582965 4.990157,
1.564961 6.608028 4.990157,
1.523313 6.630039 4.990157,
1.480136 6.648877 4.990157,
1.435673 6.664436 4.990157,
1.390171 6.676628 4.990157,
1.343885 6.685386 4.990157,
1.297074 6.690660 4.990157,
1.250000 6.692421 4.990157,
1.202926 6.690660 4.990157,
1.156115 6.685386 4.990157,
1.109829 6.676628 4.990157,
1.064327 6.664436 4.990157,
1.019864 6.648877 4.990157,
0.976687 6.630039 4.990157,
0.935039 6.608028 4.990157,
0.895153 6.582965 4.990157,
0.857251 6.554992 4.990157,
0.821545 6.524265 4.990157,
0.788235 6.490955 4.990157,
0.757508 6.455249 4.990157,
0.729535 6.417347 4.990157,
0.704472 6.377461 4.990157,
0.682461 6.335813 4.990157,
0.663623 6.292636 4.990157,
0.648064 6.248173 4.990157,
0.635872 6.202671 4.990157,
0.627114 6.156385 4.990157,
0.621840 6.109574 4.990157,
0.620079 6.062500 4.990157,
0.621840 6.015426 4.990157,
0.627114 5.968615 4.990157,
0.635872 5.922329 4.990157,
0.648064 5.876827 4.990157,
0.663623 5.832364 4.990157,
0.682461 5.789187 4.990157,
0.704472 5.747539 4.990157,
0.729535 5.707653 4.990157,
0.757508 5.669751 4.990157,
0.788235 5.634045 4.990157,
0.821545 5.600735 4.990157,
0.857251 5.570008 4.990157,
0.895153 5.542035 4.990157,
0.935039 5.516972 4.990157,
0.976687 5.494961 4.990157,
1.019864 5.476123 4.990157,
1.064327 5.460564 4.990157,
1.109829 5.448372 4.990157,
1.156115 5.439614 4.990157,
1.202926 5.434340 4.990157,
1.250000 5.432579 4.990157,
1.297074 5.434340 4.990157,
1.343885 5.439614 4.990157,
1.390171 5.448372 4.990157,
1.435673 5.460564 4.990157,
1.480136 5.476123 4.990157,
1.523313 5.494961 4.990157,
1.564961 5.516972 4.990157,
1.604847 5.542035 4.990157,
1.642749 5.570008 4.990157,
1.678455 5.600735 4.990157,
1.711765 5.634045 4.990157,
1.742492 5.669751 4.990157,
1.770465 5.707653 4.990157,
1.795528 5.747539 4.990157,
1.817539 5.789187 4.990157,
1.836377 5.832364 4.990157,
1.851936 5.876827 4.990157,
1.864128 5.922329 4.990157,
1.872886 5.968615 4.990157,
1.878160 6.015426 4.990157,
1.879921 6.062500 4.990157,
1.879921 6.062500 4.976378,
1.878160 6.109574 4.976378,
1.872886 6.156385 4.976378,
1.864128 6.202671 4.976378,
1.851936 6.248173 4.976378,
1.836377 6.292636 4.976378,
1.817539 6.335813 4.976378,
1.795528 6.377461 4.976378,
1.770465 6.417347 4.976378,
1.742492 6.455249 4.976378,
1.711765 6.490955 4.976378,
1.678455 6.524265 4.976378,
1.642749 6.554992 4.976378,
1.604847 6.582965 4.976378,
1.564961 6.608028 4.976378,
1.523313 6.630039 4.976378,
1.480136 6.648877 4.976378,
1.435673 6.664436 4.976378,
1.390171 6.676628 4.976378,
1.343885 6.685386 4.976378,
1.297074 6.690660 4.976378,
1.250000 6.692421 4.976378,
1.202926 6.690660 4.976378,
1.156115 6.685386 4.976378,
1.109829 6.676628 4.976378,
1.064327 6.664436 4.976378,
1.019864 6.648877 4.976378,
0.976687 6.630039 4.976378,
0.935039 6.608028 4.976378,
0.895153 6.582965 4.976378,
0.857251 6.554992 4.976378,
0.821545 6.524265 4.976378,
0.788235 6.490955 4.976378,
0.757508 6.455249 4.976378,
0.729535 6.417347 4.976378,
0.704472 6.377461 4.976378,
0.682461 6.335813 4.976378,
0.663623 6.292636 4.976378,
0.648064 6.248173 4.976378,
0.635872 6.202671 4.976378,
0.627114 6.156385 4.976378,
0.621840 6.109574 4.976378,
0.620079 6.062500 4.976378,
0.621840 6.015426 4.976378,
0.627114 5.968615 4.976378,
0.635872 5.922329 4.976378,
0.648064 5.876827 4.976378,
0.663623 5.832364 4.976378,
0.682461 5.789187 4.976378,
0.704472 5.747539 4.976378,
0.729535 5.707653 4.976378,
0.757508 5.669751 4.976378,
0.788235 5.634045 4.976378,
0.821545 5.600735 4.976378,
0.857251 5.570008 4.976378,
0.895153 5.542035 4.976378,
0.935039 5.516972 4.976378,
0.976687 5.494961 4.976378,
1.019864 5.476123 4.976378,
1.064327 5.460564 4.976378,
1.109829 5.448372 4.976378,
1.156115 5.439614 4.976378,
1.202926 5.434340 4.976378,
1.250000 5.432579 4.976378,
1.297074 5.434340 4.976378,
1.343885 5.439614 4.976378,
1.390171 5.448372 4.976378,
1.435673 5.460564 4.976378,
1.480136 5.476123 4.976378,
1.523313 5.494961 4.976378,
1.564961 5.516972 4.976378,
1.604847 5.542035 4.976378,
1.642749 5.570008 4.976378,
1.678455 5.600735 4.976378,
1.711765 5.634045 4.976378,
1.742492 5.669751 4.976378,
1.770465 5.707653 4.976378,
1.795528 5.747539 4.976378,
1.817539 5.789187 4.976378,
1.836377 5.832364 4.976378,
1.851936 5.876827 4.976378,
1.864128 5.922329 4.976378,
1.872886 5.968615 4.976378,
1.878160 6.015426 4.976378,
2.234252 6.062500 4.976378,
2.231500 6.136053 4.976378,
2.223259 6.209195 4.976378,
2.209575 6.281517 4.976378,
2.190524 6.352613 4.976378,
2.166214 6.422088 4.976378,
2.136780 6.489551 4.976378,
2.102387 6.554626 4.976378,
2.063227 6.616949 4.976378,
2.019519 6.676171 4.976378,
1.971508 6.731961 4.976378,
1.919461 6.784008 4.976378,
1.863671 6.832019 4.976378,
1.804449 6.875727 4.976378,
1.742126 6.914887 4.976378,
1.677051 6.949280 4.976378,
1.609588 6.978714 4.976378,
1.540113 7.003024 4.976378,
1.469017 7.022075 4.976378,
1.396695 7.035759 4.976378,
1.323553 7.044000 4.976378,
1.250000 7.046752 4.976378,
1.176447 7.044000 4.976378,
1.103305 7.035759 4.976378,
1.030983 7.022075 4.976378,
0.959887 7.003024 4.976378,
0.890412 6.978714 4.976378,
0.822949 6.949280 4.976378,
0.757874 6.914887 4.976378,
0.695551 6.875727 4.976378,
0.636329 6.832019 4.976378,
0.580539 6.784008 4.976378,
0.528492 6.731961 4.976378,
0.480481 6.676171 4.976378,
0.436773 6.616949 4.976378,
0.397613 6.554626 4.976378,
0.363220 6.489551 4.976378,
0.333786 6.422088 4.976378,
0.309476 6.352613 4.976378,
0.290425 6.281517 4.976378,
0.276741 6.209195 4.976378,
0.268500 6.136053 4.976378,
0.265748 6.062500 4.976378,
0.268500 5.988947 4.976378,
0.276741 5.915805 4.976378,
0.290425 5.843483 4.976378,
0.309476 5.772387 4.976378,
0.333786 5.702912 4.976378,
0.363220 5.635449 4.976378,
0.397613 5.570374 4.976378,
0.436773 5.508051 4.976378,
0.480481 5.448829 4.976378,
0.528492 5.393039 4.976378,
0.580539 5.340992 4.976378,
0.636329 5.292981 4.976378,
0.695551 5.249273 4.976378,
0.757874 5.210113 4.976378,
0.822949 5.175720 4.976378,
0.890412 5.146286 4.976378,
0.959887 5.121976 4.976378,
1.030983 5.102925 4.976378,
1.103305 5.089241 4.976378,
1.176447 5.081000 4.976378,
1.250000 5.078248 4.976378,
1.323553 5.081000 4.976378,
1.396695 5.089241 4.976378,
1.469017 5.102925 4.976378,
1.540113 5.121976 4.976378,
1.609588 5.146286 4.976378,
1.677051 5.175720 4.976378,
1.742126 5.210113 4.976378,
1.804449 5.249273 4.976378,
1.863671 5.292981 4.976378,
1.919461 5.340992 4.976378,
1.971508 5.393039 4.976378,
2.019519 5.448829 4.976378,
2.063227 5.508051 4.976378,
2.102387 5.570374 4.976378,
2.136780 5.635449 4.976378,
2.166214 5.702912 4.976378,
2.190524 5.772387 4.976378,
2.209575 5.843483 4.976378,
2.223259 5.915805 4.976378,
2.231500 5.988947 4.976378,
1.879921 6.062500 4.976378,
1.878160 6.109574 4.976378,
1.872886 6.156385 4.976378,
1.864128 6.202671 4.976378,
1.851936 6.248173 4.976378,
1.836377 6.292636 4.976378,
1.817539 6.335813 4.976378,
1.795528 6.377461 4.976378,
1.770465 6.417347 4.976378,
1.742492 6.455249 4.976378,
1.711765 6.490955 4.976378,
1.678455 6.524265 4.976378,
1.642749 6.554992 4.976378,
1.604847 6.582965 4.976378,
1.564961 6.608028 4.976378,
1.523313 6.630039 4.976378,
1.480136 6.648877 4.976378,
1.435673 6.664436 4.976378,
1.390171 6.676628 4.976378,
1.343885 6.685386 4.976378,
1.297074 6.690660 4.976378,
1.250000 6.692421 4.976378,
1.202926 6.690660 4.976378,
1.156115 6.685386 4.976378,
1.109829 6.676628 4.976378,
1.064327 6.664436 4.976378,
1.019864 6.648877 4.976378,
0.976687 6.630039 4.976378,
0.935039 6.608028 4.976378,
0.895153 6.582965 4.976378,
0.857251 6.554992 4.976378,
0.821545 6.524265 4.976378,
0.788235 6.490955 4.976378,
0.757508 6.455249 4.976378,
0.729535 6.417347 4.976378,
0.704472 6.377461 4.976378,
0.682461 6.335813 4.976378,
0.663623 6.292636 4.976378,
0.648064 6.248173 4.976378,
0.635872 6.202671 4.976378,
0.627114 6.156385 4.976378,
0.621840 6.109574 4.976378,
0.620079 6.062500 4.976378,
0.621840 6.015426 4.976378,
0.627114 5.968615 4.976378,
0.635872 5.922329 4.976378,
0.648064 5.876827 4.976378,
0.663623 5.832364 4.976378,
0.682461 5.789187 4.976378,
0.704472 5.747539 4.976378,
0.729535 5.707653 4.976378,
0.757508 5.669751 4.976378,
0.788235 5.634045 4.976378,
0.821545 5.600735 4.976378,
0.857251 5.570008 4.976378,
0.895153 5.542035 4.976378,
0.935039 5.516972 4.976378,
0.976687 5.494961 4.976378,
1.019864 5.476123 4.976378,
1.064327 5.460564 4.976378,
1.109829 5.448372 4.976378,
1.156115 5.439614 4.976378,
1.202926 5.434340 4.976378,
1.250000 5.432579 4.976378,
1.297074 5.434340 4.976378,
1.343885 5.439614 4.976378,
1.390171 5.448372 4.976378,
1.435673 5.460564 4.976378,
1.480136 5.476123 4.976378,
1.523313 5.494961 4.976378,
1.564961 5.516972 4.976378,
1.604847 5.542035 4.976378,
1.642749 5.570008 4.976378,
1.678455 5.600735 4.976378,
1.711765 5.634045 4.976378,
1.742492 5.669751 4.976378,
1.770465 5.707653 4.976378,
1.795528 5.747539 4.976378,
1.817539 5.789187 4.976378,
1.836377 5.832364 4.976378,
1.851936 5.876827 4.976378,
1.864128 5.922329 4.976378,
1.872886 5.968615 4.976378,
1.878160 6.015426 4.976378,
2.234252 6.062500 4.990157,
2.231500 6.136053 4.990157,
2.223259 6.209195 4.990157,
2.209575 6.281517 4.990157,
2.190524 6.352613 4.990157,
2.166214 6.422088 4.990157,
2.136780 6.489551 4.990157,
2.102387 6.554626 4.990157,
2.063227 6.616949 4.990157,
2.019519 6.676171 4.990157,
1.971508 6.731961 4.990157,
1.919461 6.784008 4.990157,
1.863671 6.832019 4.990157,
1.804449 6.875727 4.990157,
1.742126 6.914887 4.990157,
1.677051 6.949280 4.990157,
1.609588 6.978714 4.990157,
1.540113 7.003024 4.990157,
1.469017 7.022075 4.990157,
1.396695 7.035759 4.990157,
1.323553 7.044000 4.990157,
1.250000 7.046752 4.990157,
1.176447 7.044000 4.990157,
1.103305 7.035759 4.990157,
1.030983 7.022075 4.990157,
0.959887 7.003024 4.990157,
0.890412 6.978714 4.990157,
0.822949 6.949280 4.990157,
0.757874 6.914887 4.990157,
0.695551 6.875727 4.990157,
0.636329 6.832019 4.990157,
0.580539 6.784008 4.990157,
0.528492 6.731961 4.990157,
0.480481 6.676171 4.990157,
0.436773 6.616949 4.990157,
0.397613 6.554626 4.990157,
0.363220 6.489551 4.990157,
0.333786 6.422088 4.990157,
0.309476 6.352613 4.990157,
0.290425 6.281517 4.990157,
0.276741 6.209195 4.990157,
0.268500 6.136053 4.990157,
0.265748 6.062500 4.990157,
0.268500 5.988947 4.990157,
0.276741 5.915805 4.990157,
0.290425 5.843483 4.990157,
0.309476 5.772387 4.990157,
0.333786 5.702912 4.990157,
0.363220 5.635449 4.990157,
0.397613 5.570374 4.990157,
0.436773 5.508051 4.990157,
0.480481 5.448829 4.990157,
0.528492 5.393039 4.990157,
0.580539 5.340992 4.990157,
0.636329 5.292981 4.990157,
0.695551 5.249273 4.990157,
0.757874 5.210113 4.990157,
0.822949 5.175720 4.990157,
0.890412 5.146286 4.990157,
0.959887 5.121976 4.990157,
1.030983 5.102925 4.990157,
1.103305 5.089241 4.990157,
1.176447 5.081000 4.990157,
1.250000 5.078248 4.990157,
1.323553 5.081000 4.990157,
1.396695 5.089241 4.990157,
1.469017 5.102925 4.990157,
1.540113 5.121976 4.990157,
1.609588 5.146286 4.990157,
1.677051 5.175720 4.990157,
1.742126 5.210113 4.990157,
1.804449 5.249273 4.990157,
1.863671 5.292981 4.990157,
1.919461 5.340992 4.990157,
1.971508 5.393039 4.990157,
2.019519 5.448829 4.990157,
2.063227 5.508051 4.990157,
2.102387 5.570374 4.990157,
2.136780 5.635449 4.990157,
2.166214 5.702912 4.990157,
2.190524 5.772387 4.990157,
2.209575 5.843483 4.990157,
2.223259 5.915805 4.990157,
2.231500 5.988947 4.990157,
1.879921 6.062500 4.990157,
1.878160 6.109574 4.990157,
1.872886 6.156385 4.990157,
1.864128 6.202671 4.990157,
1.851936 6.248173 4.990157,
1.836377 6.292636 4.990157,
1.817539 6.335813 4.990157,
1.795528 6.377461 4.990157,
1.770465 6.417347 4.990157,
1.742492 6.455249 4.990157,
1.711765 6.490955 4.990157,
1.678455 6.524265 4.990157,
1.642749 6.554992 4.990157,
1.604847 6.582965 4.990157,
1.564961 6.608028 4.990157,
1.523313 6.630039 4.990157,
1.480136 6.648877 4.990157,
1.435673 6.664436 4.990157,
1.390171 6.676628 4.990157,
1.343885 6.685386 4.990157,
1.297074 6.690660 4.990157,
1.250000 6.692421 4.990157,
1.202926 6.690660 4.990157,
1.156115 6.685386 4.990157,
1.109829 6.676628 4.990157,
1.064327 6.664436 4.990157,
1.019864 6.648877 4.990157,
0.976687 6.630039 4.990157,
0.935039 6.608028 4.990157,
0.895153 6.582965 4.990157,
0.857251 6.554992 4.990157,
0.821545 6.524265 4.990157,
0.788235 6.490955 4.990157,
0.757508 6.455249 4.990157,
0.729535 6.417347 4.990157,
0.704472 6.377461 4.990157,
0.682461 6.335813 4.990157,
0.663623 6.292636 4.990157,
0.648064 6.248173 4.990157,
0.635872 6.202671 4.990157,
0.627114 6.156385 4.990157,
0.621840 6.109574 4.990157,
0.620079 6.062500 4.990157,
0.621840 6.015426 4.990157,
0.627114 5.968615 4.990157,
0.635872 5.922329 4.990157,
0.648064 5.876827 4.990157,
0.663623 5.832364 4.990157,
0.682461 5.789187 4.990157,
0.704472 5.747539 4.990157,
0.729535 5.707653 4.990157,
0.757508 5.669751 4.990157,
0.788235 5.634045 4.990157,
0.821545 5.600735 4.990157,
0.857251 5.570008 4.990157,
0.895153 5.542035 4.990157,
0.935039 5.516972 4.990157,
0.976687 5.494961 4.990157,
1.019864 5.476123 4.990157,
1.064327 5.460564 4.990157,
1.109829 5.448372 4.990157,
1.156115 5.439614 4.990157,
1.202926 5.434340 4.990157,
1.250000 5.432579 4.990157,
1.297074 5.434340 4.990157,
1.343885 5.439614 4.990157,
1.390171 5.448372 4.990157,
1.435673 5.460564 4.990157,
1.480136 5.476123 4.990157,
1.523313 5.494961 4.990157,
1.564961 5.516972 4.990157,
1.604847 5.542035 4.990157,
1.642749 5.570008 4.990157,
1.678455 5.600735 4.990157,
1.711765 5.634045 4.990157,
1.742492 5.669751 4.990157,
1.770465 5.707653 4.990157,
1.795528 5.747539 4.990157,
1.817539 5.789187 4.990157,
1.836377 5.832364 4.990157,
1.851936 5.876827 4.990157,
1.864128 5.922329 4.990157,
1.872886 5.968615 4.990157,
1.878160 6.015426 4.990157 ] } coordIndex [ 87 1 0 -1,
87 2 1 -1,
88 3 2 -1,
88 2 87 -1,
89 4 3 -1,
89 3 88 -1,
90 5 4 -1,
90 4 89 -1,
91 6 5 -1,
91 5 90 -1,
92 7 6 -1,
92 6 91 -1,
93 8 7 -1,
93 7 92 -1,
94 8 93 -1,
94 9 8 -1,
95 10 9 -1,
95 9 94 -1,
96 11 10 -1,
96 10 95 -1,
97 12 11 -1,
97 11 96 -1,
98 13 12 -1,
98 12 97 -1,
99 14 13 -1,
99 13 98 -1,
100 15 14 -1,
100 14 99 -1,
101 16 15 -1,
101 15 100 -1,
102 17 16 -1,
102 16 101 -1,
103 18 17 -1,
103 17 102 -1,
104 19 18 -1,
104 18 103 -1,
105 20 19 -1,
105 19 104 -1,
106 21 20 -1,
106 20 105 -1,
107 22 21 -1,
107 21 106 -1,
108 23 22 -1,
108 22 107 -1,
109 24 23 -1,
109 23 108 -1,
110 25 24 -1,
110 24 109 -1,
111 26 25 -1,
111 25 110 -1,
112 27 26 -1,
112 26 111 -1,
113 28 27 -1,
113 27 112 -1,
114 29 28 -1,
114 30 29 -1,
114 28 113 -1,
115 30 114 -1,
116 31 30 -1,
116 30 115 -1,
117 32 31 -1,
117 33 32 -1,
117 31 116 -1,
118 33 117 -1,
119 33 118 -1,
119 34 33 -1,
120 34 119 -1,
120 35 34 -1,
121 35 120 -1,
121 36 35 -1,
122 36 121 -1,
122 37 36 -1,
123 37 122 -1,
123 38 37 -1,
124 38 123 -1,
124 39 38 -1,
125 39 124 -1,
125 40 39 -1,
126 40 125 -1,
126 41 40 -1,
126 42 41 -1,
127 42 126 -1,
128 42 127 -1,
128 43 42 -1,
128 44 43 -1,
129 44 128 -1,
130 45 44 -1,
130 46 45 -1,
130 44 129 -1,
131 46 130 -1,
132 47 46 -1,
132 46 131 -1,
133 48 47 -1,
133 47 132 -1,
134 49 48 -1,
134 48 133 -1,
135 50 49 -1,
135 49 134 -1,
136 51 50 -1,
136 50 135 -1,
137 52 51 -1,
137 51 136 -1,
138 53 52 -1,
138 52 137 -1,
139 54 53 -1,
139 53 138 -1,
140 55 54 -1,
140 56 55 -1,
140 54 139 -1,
141 56 140 -1,
142 57 56 -1,
142 58 57 -1,
142 56 141 -1,
143 59 58 -1,
143 58 142 -1,
144 59 143 -1,
145 59 144 -1,
145 60 59 -1,
145 61 60 -1,
146 61 145 -1,
147 61 146 -1,
147 62 61 -1,
148 62 147 -1,
148 63 62 -1,
148 64 63 -1,
149 64 148 -1,
149 65 64 -1,
150 65 149 -1,
151 65 150 -1,
151 66 65 -1,
152 66 151 -1,
152 67 66 -1,
153 67 152 -1,
153 68 67 -1,
154 68 153 -1,
154 69 68 -1,
155 69 154 -1,
155 70 69 -1,
156 70 155 -1,
156 71 70 -1,
157 71 156 -1,
157 72 71 -1,
158 72 157 -1,
158 73 72 -1,
159 73 158 -1,
159 74 73 -1,
160 74 159 -1,
160 75 74 -1,
160 76 75 -1,
161 76 160 -1,
161 77 76 -1,
162 77 161 -1,
163 78 77 -1,
163 77 162 -1,
164 79 78 -1,
164 80 79 -1,
164 78 163 -1,
165 80 164 -1,
166 81 80 -1,
166 82 81 -1,
166 80 165 -1,
167 82 166 -1,
168 83 82 -1,
168 82 167 -1,
169 83 168 -1,
169 84 83 -1,
169 85 84 -1,
86 85 169 -1,
257 170 171 -1,
257 171 172 -1,
258 172 173 -1,
258 257 172 -1,
259 173 174 -1,
259 258 173 -1,
260 174 175 -1,
260 259 174 -1,
261 175 176 -1,
261 260 175 -1,
262 176 177 -1,
262 261 176 -1,
263 177 178 -1,
263 262 177 -1,
264 263 178 -1,
264 178 179 -1,
265 179 180 -1,
265 264 179 -1,
266 180 181 -1,
266 265 180 -1,
267 181 182 -1,
267 266 181 -1,
268 182 183 -1,
268 267 182 -1,
269 183 184 -1,
269 268 183 -1,
270 184 185 -1,
270 269 184 -1,
271 185 186 -1,
271 270 185 -1,
272 186 187 -1,
272 271 186 -1,
273 187 188 -1,
273 272 187 -1,
274 188 189 -1,
274 273 188 -1,
275 189 190 -1,
275 274 189 -1,
276 190 191 -1,
276 275 190 -1,
277 191 192 -1,
277 276 191 -1,
278 192 193 -1,
278 277 192 -1,
279 193 194 -1,
279 278 193 -1,
280 194 195 -1,
280 279 194 -1,
281 195 196 -1,
281 280 195 -1,
282 196 197 -1,
282 281 196 -1,
283 197 198 -1,
283 282 197 -1,
284 198 199 -1,
284 199 200 -1,
284 283 198 -1,
285 284 200 -1,
286 200 201 -1,
286 285 200 -1,
287 201 202 -1,
287 202 203 -1,
287 286 201 -1,
288 287 203 -1,
289 288 203 -1,
289 203 204 -1,
290 289 204 -1,
290 204 205 -1,
291 290 205 -1,
291 205 206 -1,
292 291 206 -1,
292 206 207 -1,
293 292 207 -1,
293 207 208 -1,
294 293 208 -1,
294 208 209 -1,
295 294 209 -1,
295 209 210 -1,
296 295 210 -1,
296 210 211 -1,
296 211 212 -1,
297 296 212 -1,
298 297 212 -1,
298 212 213 -1,
298 213 214 -1,
299 298 214 -1,
300 214 215 -1,
300 215 216 -1,
300 299 214 -1,
301 300 216 -1,
302 216 217 -1,
302 301 216 -1,
303 217 218 -1,
303 302 217 -1,
304 218 219 -1,
304 303 218 -1,
305 219 220 -1,
305 304 219 -1,
306 220 221 -1,
306 305 220 -1,
307 221 222 -1,
307 306 221 -1,
308 222 223 -1,
308 307 222 -1,
309 223 224 -1,
309 308 223 -1,
310 224 225 -1,
310 225 226 -1,
310 309 224 -1,
311 310 226 -1,
312 226 227 -1,
312 227 228 -1,
312 311 226 -1,
313 228 229 -1,
313 312 228 -1,
314 313 229 -1,
315 314 229 -1,
315 229 230 -1,
315 230 231 -1,
316 315 231 -1,
317 316 231 -1,
317 231 232 -1,
318 317 232 -1,
318 232 233 -1,
318 233 234 -1,
319 318 234 -1,
319 234 235 -1,
320 319 235 -1,
321 320 235 -1,
321 235 236 -1,
322 321 236 -1,
322 236 237 -1,
323 322 237 -1,
323 237 238 -1,
324 323 238 -1,
324 238 239 -1,
325 324 239 -1,
325 239 240 -1,
326 325 240 -1,
326 240 241 -1,
327 326 241 -1,
327 241 242 -1,
328 327 242 -1,
328 242 243 -1,
329 328 243 -1,
329 243 244 -1,
330 329 244 -1,
330 244 245 -1,
330 245 246 -1,
331 330 246 -1,
331 246 247 -1,
332 331 247 -1,
333 247 248 -1,
333 332 247 -1,
334 248 249 -1,
334 249 250 -1,
334 333 248 -1,
335 334 250 -1,
336 250 251 -1,
336 251 252 -1,
336 335 250 -1,
337 336 252 -1,
338 252 253 -1,
338 337 252 -1,
339 338 253 -1,
339 253 254 -1,
339 254 255 -1,
256 339 255 -1,
477 394 393 -1,
476 393 392 -1,
476 477 393 -1,
478 395 394 -1,
478 394 477 -1,
475 476 392 -1,
475 392 391 -1,
479 395 478 -1,
479 396 395 -1,
474 475 391 -1,
474 391 390 -1,
480 396 479 -1,
480 397 396 -1,
473 474 390 -1,
473 390 389 -1,
481 398 397 -1,
481 397 480 -1,
472 473 389 -1,
472 389 388 -1,
482 398 481 -1,
482 399 398 -1,
471 472 388 -1,
471 388 387 -1,
483 400 399 -1,
483 399 482 -1,
470 471 387 -1,
470 387 386 -1,
484 401 400 -1,
484 400 483 -1,
469 386 385 -1,
469 470 386 -1,
485 401 484 -1,
485 402 401 -1,
468 385 384 -1,
468 469 385 -1,
486 403 402 -1,
486 402 485 -1,
467 384 383 -1,
467 468 384 -1,
487 403 486 -1,
487 404 403 -1,
466 467 383 -1,
466 383 382 -1,
488 404 487 -1,
488 405 404 -1,
465 382 381 -1,
465 466 382 -1,
489 405 488 -1,
489 406 405 -1,
464 380 379 -1,
464 381 380 -1,
464 465 381 -1,
490 406 489 -1,
490 407 406 -1,
463 379 378 -1,
463 464 379 -1,
491 407 490 -1,
491 408 407 -1,
462 463 378 -1,
461 377 376 -1,
461 378 377 -1,
461 462 378 -1,
492 408 491 -1,
492 409 408 -1,
460 461 376 -1,
493 409 492 -1,
493 410 409 -1,
459 375 374 -1,
459 376 375 -1,
459 460 376 -1,
494 411 410 -1,
494 410 493 -1,
458 459 374 -1,
495 411 494 -1,
412 411 495 -1,
457 458 374 -1,
457 374 373 -1,
496 412 495 -1,
456 457 373 -1,
456 373 372 -1,
497 412 496 -1,
497 413 412 -1,
371 455 456 -1,
371 456 372 -1,
414 413 497 -1,
414 497 498 -1,
370 454 455 -1,
370 455 371 -1,
415 414 498 -1,
415 498 499 -1,
369 452 453 -1,
369 453 454 -1,
369 454 370 -1,
416 415 499 -1,
416 499 500 -1,
416 500 501 -1,
368 452 369 -1,
417 416 501 -1,
367 451 452 -1,
367 452 368 -1,
418 417 501 -1,
418 501 502 -1,
366 450 451 -1,
366 451 367 -1,
419 502 503 -1,
419 418 502 -1,
365 449 450 -1,
365 450 366 -1,
420 503 504 -1,
420 419 503 -1,
364 448 449 -1,
364 449 365 -1,
421 504 505 -1,
421 420 504 -1,
363 446 447 -1,
363 447 448 -1,
363 448 364 -1,
422 421 505 -1,
422 505 506 -1,
362 446 363 -1,
423 506 507 -1,
423 422 506 -1,
361 445 446 -1,
361 446 362 -1,
340 423 507 -1,
340 507 424 -1,
360 444 445 -1,
360 445 361 -1,
341 340 424 -1,
341 424 425 -1,
359 443 444 -1,
359 444 360 -1,
342 341 425 -1,
342 425 426 -1,
342 426 427 -1,
358 442 443 -1,
358 443 359 -1,
343 342 427 -1,
344 343 427 -1,
344 427 428 -1,
344 428 429 -1,
357 441 442 -1,
357 442 358 -1,
345 344 429 -1,
345 429 430 -1,
356 440 441 -1,
356 441 357 -1,
346 345 430 -1,
355 440 356 -1,
355 439 440 -1,
354 439 355 -1,
354 438 439 -1,
347 346 430 -1,
347 430 431 -1,
347 431 432 -1,
353 438 354 -1,
353 437 438 -1,
348 347 432 -1,
352 437 353 -1,
352 436 437 -1,
349 348 432 -1,
349 432 433 -1,
349 433 434 -1,
351 435 436 -1,
351 436 352 -1,
350 435 351 -1,
350 434 435 -1,
350 349 434 -1,
645 561 562 -1,
644 560 561 -1,
644 561 645 -1,
646 562 563 -1,
646 645 562 -1,
643 560 644 -1,
643 559 560 -1,
647 646 563 -1,
647 563 564 -1,
642 559 643 -1,
642 558 559 -1,
648 647 564 -1,
648 564 565 -1,
641 558 642 -1,
641 557 558 -1,
649 565 566 -1,
649 648 565 -1,
640 557 641 -1,
640 556 557 -1,
650 649 566 -1,
650 566 567 -1,
639 556 640 -1,
639 555 556 -1,
651 567 568 -1,
651 650 567 -1,
638 555 639 -1,
638 554 555 -1,
652 568 569 -1,
652 651 568 -1,
637 553 554 -1,
637 554 638 -1,
653 652 569 -1,
653 569 570 -1,
636 552 553 -1,
636 553 637 -1,
654 570 571 -1,
654 653 570 -1,
635 551 552 -1,
635 552 636 -1,
655 654 571 -1,
655 571 572 -1,
634 551 635 -1,
634 550 551 -1,
656 655 572 -1,
656 572 573 -1,
633 549 550 -1,
633 550 634 -1,
657 656 573 -1,
657 573 574 -1,
632 547 548 -1,
632 548 549 -1,
632 549 633 -1,
658 657 574 -1,
658 574 575 -1,
631 546 547 -1,
631 547 632 -1,
659 658 575 -1,
659 575 576 -1,
630 546 631 -1,
629 544 545 -1,
629 545 546 -1,
629 546 630 -1,
660 659 576 -1,
660 576 577 -1,
628 544 629 -1,
661 660 577 -1,
661 577 578 -1,
627 542 543 -1,
627 543 544 -1,
627 544 628 -1,
662 578 579 -1,
662 661 578 -1,
626 542 627 -1,
663 662 579 -1,
580 663 579 -1,
625 542 626 -1,
625 541 542 -1,
664 663 580 -1,
624 541 625 -1,
624 540 541 -1,
665 664 580 -1,
665 580 581 -1,
539 624 623 -1,
539 540 624 -1,
582 665 581 -1,
582 666 665 -1,
538 623 622 -1,
538 539 623 -1,
583 666 582 -1,
583 667 666 -1,
537 621 620 -1,
537 622 621 -1,
537 538 622 -1,
584 667 583 -1,
584 668 667 -1,
584 669 668 -1,
536 537 620 -1,
585 669 584 -1,
535 620 619 -1,
535 536 620 -1,
586 669 585 -1,
586 670 669 -1,
534 619 618 -1,
534 535 619 -1,
587 671 670 -1,
587 670 586 -1,
533 618 617 -1,
533 534 618 -1,
588 672 671 -1,
588 671 587 -1,
532 617 616 -1,
532 533 617 -1,
589 673 672 -1,
589 672 588 -1,
531 615 614 -1,
531 616 615 -1,
531 532 616 -1,
590 673 589 -1,
590 674 673 -1,
530 531 614 -1,
591 675 674 -1,
591 674 590 -1,
529 614 613 -1,
529 530 614 -1,
508 675 591 -1,
508 592 675 -1,
528 613 612 -1,
528 529 613 -1,
509 592 508 -1,
509 593 592 -1,
527 612 611 -1,
527 528 612 -1,
510 593 509 -1,
510 594 593 -1,
510 595 594 -1,
526 611 610 -1,
526 527 611 -1,
511 595 510 -1,
512 595 511 -1,
512 596 595 -1,
512 597 596 -1,
525 610 609 -1,
525 526 610 -1,
513 597 512 -1,
513 598 597 -1,
524 609 608 -1,
524 525 609 -1,
514 598 513 -1,
523 524 608 -1,
523 608 607 -1,
522 523 607 -1,
522 607 606 -1,
515 598 514 -1,
515 599 598 -1,
515 600 599 -1,
521 522 606 -1,
521 606 605 -1,
516 600 515 -1,
520 521 605 -1,
520 605 604 -1,
517 600 516 -1,
517 601 600 -1,
517 602 601 -1,
519 604 603 -1,
519 520 604 -1,
518 519 603 -1,
518 603 602 -1,
518 602 517 -1 ] solid TRUE creaseAngle 0.5 } }
# mount_ring_2
Shape { appearance Appearance { material Material { diffuseColor 0.78 0.58 0.16 } } geometry IndexedFaceSet { coord Coordinate { point [ 2.234252 1.062500 4.976378,
2.234252 1.062500 4.990157,
2.231500 1.136053 4.990157,
2.223259 1.209195 4.990157,
2.209575 1.281517 4.990157,
2.190524 1.352613 4.990157,
2.166214 1.422088 4.990157,
2.136780 1.489551 4.990157,
2.102387 1.554626 4.990157,
2.063227 1.616949 4.990157,
2.019519 1.676171 4.990157,
1.971508 1.731961 4.990157,
1.919461 1.784008 4.990157,
1.863671 1.832019 4.990157,
1.804449 1.875727 4.990157,
1.742126 1.914887 4.990157,
1.677051 1.949280 4.990157,
1.609588 1.978714 4.990157,
1.540113 2.003024 4.990157,
1.469017 2.022075 4.990157,
1.396695 2.035759 4.990157,
1.323553 2.044000 4.990157,
1.250000 2.046752 4.990157,
1.176447 2.044000 4.990157,
1.103305 2.035759 4.990157,
1.030983 2.022075 4.990157,
0.959887 2.003024 4.990157,
0.890412 1.978714 4.990157,
0.822949 1.949280 4.990157,
0.757874 1.914887 4.990157,
0.695551 1.875727 4.990157,
0.636329 1.832019 4.990157,
0.580539 1.784008 4.990157,
0.528492 1.731961 4.990157,
0.480481 1.676171 4.990157,
0.436773 1.616949 4.990157,
0.397613 1.554626 4.990157,
0.363220 1.489551 4.990157,
0.333786 1.422088 4.990157,
0.309476 1.352613 4.990157,
0.290425 1.281517 4.990157,
0.276741 1.209195 4.990157,
0.268500 1.136053 4.990157,
0.265748 1.062500 4.990157,
0.268500 0.988947 4.990157,
0.276741 0.915805 4.990157,
0.290425 0.843483 4.990157,
0.309476 0.772387 4.990157,
0.333786 0.702912 4.990157,
0.363220 0.635449 4.990157,
0.397613 0.570374 4.990157,
0.436773 0.508051 4.990157,
0.480481 0.448829 4.990157,
0.528492 0.393039 4.990157,
0.580539 0.340992 4.990157,
0.636329 0.292981 4.990157,
0.695551 0.249273 4.990157,
0.757874 0.210113 4.990157,
0.822949 0.175720 4.990157,
0.890412 0.146286 4.990157,
0.959887 0.121976 4.990157,
1.030983 0.102925 4.990157,
1.103305 0.089241 4.990157,
1.176447 0.081000 4.990157,
1.250000 0.078248 4.990157,
1.323553 0.081000 4.990157,
1.396695 0.089241 4.990157,
1.469017 0.102925 4.990157,
1.540113 0.121976 4.990157,
1.609588 0.146286 4.990157,
1.677051 0.175720 4.990157,
1.742126 0.210113 4.990157,
1.804449 0.249273 4.990157,
1.863671 0.292981 4.990157,
1.919461 0.340992 4.990157,
1.971508 0.393039 4.990157,
2.019519 0.448829 4.990157,
2.063227 0.508051 4.990157,
2.102387 0.570374 4.990157,
2.136780 0.635449 4.990157,
2.166214 0.702912 4.990157,
2.190524 0.772387 4.990157,
2.209575 0.843483 4.990157,
2.223259 0.915805 4.990157,
2.231500 0.988947 4.990157,
2.234252 1.062500 4.990157,
2.234252 1.062500 4.976378,
2.231500 1.136053 4.976378,
2.223259 1.209195 4.976378,
2.209575 1.281517 4.976378,
2.190524 1.352613 4.976378,
2.166214 1.422088 4.976378,
2.136780 1.489551 4.976378,
2.102387 1.554626 4.976378,
2.063227 1.616949 4.976378,
2.019519 1.676171 4.976378,
1.971508 1.731961 4.976378,
1.919461 1.784008 4.976378,
1.863671 1.832019 4.976378,
1.804449 1.875727 4.976378,
1.742126 1.914887 4.976378,
1.677051 1.949280 4.976378,
1.609588 1.978714 4.976378,
1.540113 2.003024 4.976378,
1.469017 2.022075 4.976378,
1.396695 2.035759 4.976378,
1.323553 2.044000 4.976378,
1.250000 2.046752 4.976378,
1.176447 2.044000 4.976378,
1.103305 2.035759 4.976378,
1.030983 2.022075 4.976378,
0.959887 2.003024 4.976378,
0.890412 1.978714 4.976378,
0.822949 1.949280 4.976378,
0.757874 1.914887 4.976378,
0.695551 1.875727 4.976378,
0.636329 1.832019 4.976378,
0.580539 1.784008 4.976378,
0.528492 1.731961 4.976378,
0.480481 1.676171 4.976378,
0.436773 1.616949 4.976378,
0.397613 1.554626 4.976378,
0.363220 1.489551 4.976378,
0.333786 1.422088 4.976378,
0.309476 1.352613 4.976378,
0.290425 1.281517 4.976378,
0.276741 1.209195 4.976378,
0.268500 1.136053 4.976378,
0.265748 1.062500 4.976378,
0.268500 0.988947 4.976378,
0.276741 0.915805 4.976378,
0.290425 0.843483 4.976378,
0.309476 0.772387 4.976378,
0.333786 0.702912 4.976378,
0.363220 0.635449 4.976378,
0.397613 0.570374 4.976378,
0.436773 0.508051 4.976378,
0.480481 0.448829 4.976378,
0.528492 0.393039 4.976378,
0.580539 0.340992 4.976378,
0.636329 0.292981 4.976378,
0.695551 0.249273 4.976378,
0.757874 0.210113 4.976378,
0.822949 0.175720 4.976378,
0.890412 0.146286 4.976378,
0.959887 0.121976 4.976378,
1.030983 0.102925 4.976378,
1.103305 0.089241 4.976378,
1.176447 0.081000 4.976378,
1.250000 0.078248 4.976378,
1.323553 0.081000 4.976378,
1.396695 0.089241 4.976378,
1.469017 0.102925 4.976378,
1.540113 0.121976 4.976378,
1.609588 0.146286 4.976378,
1.677051 0.175720 4.976378,
1.742126 0.210113 4.976378,
1.804449 0.249273 4.976378,
1.863671 0.292981 4.976378,
1.919461 0.340992 4.976378,
1.971508 0.393039 4.976378,
2.019519 0.448829 4.976378,
2.063227 0.508051 4.976378,
2.102387 0.570374 4.976378,
2.136780 0.635449 4.976378,
2.166214 0.702912 4.976378,
2.190524 0.772387 4.976378,
2.209575 0.843483 4.976378,
2.223259 0.915805 4.976378,
2.231500 0.988947 4.976378,
1.879921 1.062500 4.976378,
1.879921 1.062500 4.990157,
1.878160 1.109574 4.990157,
1.872886 1.156385 4.990157,
1.864128 1.202671 4.990157,
1.851936 1.248173 4.990157,
1.836377 1.292636 4.990157,
1.817539 1.335813 4.990157,
1.795528 1.377461 4.990157,
1.770465 1.417347 4.990157,
1.742492 1.455249 4.990157,
1.711765 1.490955 4.990157,
1.678455 1.524265 4.990157,
1.642749 1.554992 4.990157,
1.604847 1.582965 4.990157,
1.564961 1.608028 4.990157,
1.523313 1.630039 4.990157,
1.480136 1.648877 4.990157,
1.435673 1.664436 4.990157,
1.390171 1.676628 4.990157,
1.343885 1.685386 4.990157,
1.297074 1.690660 4.990157,
1.250000 1.692421 4.990157,
1.202926 1.690660 4.990157,
1.156115 1.685386 4.990157,
1.109829 1.676628 4.990157,
1.064327 1.664436 4.990157,
1.019864 1.648877 4.990157,
0.976687 1.630039 4.990157,
0.935039 1.608028 4.990157,
0.895153 1.582965 4.990157,
0.857251 1.554992 4.990157,
0.821545 1.524265 4.990157,
0.788235 1.490955 4.990157,
0.757508 1.455249 4.990157,
0.729535 1.417347 4.990157,
0.704472 1.377461 4.990157,
0.682461 1.335813 4.990157,
0.663623 1.292636 4.990157,
0.648064 1.248173 4.990157,
0.635872 1.202671 4.990157,
0.627114 1.156385 4.990157,
0.621840 1.109574 4.990157,
0.620079 1.062500 4.990157,
0.621840 1.015426 4.990157,
0.627114 0.968615 4.990157,
0.635872 0.922329 4.990157,
0.648064 0.876827 4.990157,
0.663623 0.832364 4.990157,
0.682461 0.789187 4.990157,
0.704472 0.747539 4.990157,
0.729535 0.707653 4.990157,
0.757508 0.669751 4.990157,
0.788235 0.634045 4.990157,
0.821545 0.600735 4.990157,
0.857251 0.570008 4.990157,
0.895153 0.542035 4.990157,
0.935039 0.516972 4.990157,
0.976687 0.494961 4.990157,
1.019864 0.476123 4.990157,
1.064327 0.460564 4.990157,
1.109829 0.448372 4.990157,
1.156115 0.439614 4.990157,
1.202926 0.434340 4.990157,
1.250000 0.432579 4.990157,
1.297074 0.434340 4.990157,
1.343885 0.439614 4.990157,
1.390171 0.448372 4.990157,
1.435673 0.460564 4.990157,
1.480136 0.476123 4.990157,
1.523313 0.494961 4.990157,
1.564961 0.516972 4.990157,
1.604847 0.542035 4.990157,
1.642749 0.570008 4.990157,
1.678455 0.600735 4.990157,
1.711765 0.634045 4.990157,
1.742492 0.669751 4.990157,
1.770465 0.707653 4.990157,
1.795528 0.747539 4.990157,
1.817539 0.789187 4.990157,
1.836377 0.832364 4.990157,
1.851936 0.876827 4.990157,
1.864128 0.922329 4.990157,
1.872886 0.968615 4.990157,
1.878160 1.015426 4.990157,
1.879921 1.062500 4.990157,
1.879921 1.062500 4.976378,
1.878160 1.109574 4.976378,
1.872886 1.156385 4.976378,
1.864128 1.202671 4.976378,
1.851936 1.248173 4.976378,
1.836377 1.292636 4.976378,
1.817539 1.335813 4.976378,
1.795528 1.377461 4.976378,
1.770465 1.417347 4.976378,
1.742492 1.455249 4.976378,
1.711765 1.490955 4.976378,
1.678455 1.524265 4.976378,
1.642749 1.554992 4.976378,
1.604847 1.582965 4.976378,
1.564961 1.608028 4.976378,
1.523313 1.630039 4.976378,
1.480136 1.648877 4.976378,
1.435673 1.664436 4.976378,
1.390171 1.676628 4.976378,
1.343885 1.685386 4.976378,
1.297074 1.690660 4.976378,
1.250000 1.692421 4.976378,
1.202926 1.690660 4.976378,
1.156115 1.685386 4.976378,
1.109829 1.676628 4.976378,
1.064327 1.664436 4.976378,
1.019864 1.648877 4.976378,
0.976687 1.630039 4.976378,
0.935039 1.608028 4.976378,
0.895153 1.582965 4.976378,
0.857251 1.554992 4.976378,
0.821545 1.524265 4.976378,
0.788235 1.490955 4.976378,
0.757508 1.455249 4.976378,
0.729535 1.417347 4.976378,
0.704472 1.377461 4.976378,
0.682461 1.335813 4.976378,
0.663623 1.292636 4.976378,
0.648064 1.248173 4.976378,
0.635872 1.202671 4.976378,
0.627114 1.156385 4.976378,
0.621840 1.109574 4.976378,
0.620079 1.062500 4.976378,
0.621840 1.015426 4.976378,
0.627114 0.968615 4.976378,
0.635872 0.922329 4.976378,
0.648064 0.876827 4.976378,
0.663623 0.832364 4.976378,
0.682461 0.789187 4.976378,
0.704472 0.747539 4.976378,
0.729535 0.707653 4.976378,
0.757508 0.669751 4.976378,
0.788235 0.634045 4.976378,
0.821545 0.600735 4.976378,
0.857251 0.570008 4.976378,
0.895153 0.542035 4.976378,
0.935039 0.516972 4.976378,
0.976687 0.494961 4.976378,
1.019864 0.476123 4.976378,
1.064327 0.460564 4.976378,
1.109829 0.448372 4.976378,
1.156115 0.439614 4.976378,
1.202926 0.434340 4.976378,
1.250000 0.432579 4.976378,
1.297074 0.434340 4.976378,
1.343885 0.439614 4.976378,
1.390171 0.448372 4.976378,
1.435673 0.460564 4.976378,
1.480136 0.476123 4.976378,
1.523313 0.494961 4.976378,
1.564961 0.516972 4.976378,
1.604847 0.542035 4.976378,
1.642749 0.570008 4.976378,
1.678455 0.600735 4.976378,
1.711765 0.634045 4.976378,
1.742492 0.669751 4.976378,
1.770465 0.707653 4.976378,
1.795528 0.747539 4.976378,
1.817539 0.789187 4.976378,
1.836377 0.832364 4.976378,
1.851936 0.876827 4.976378,
1.864128 0.922329 4.976378,
1.872886 0.968615 4.976378,
1.878160 1.015426 4.976378,
2.234252 1.062500 4.976378,
2.231500 1.136053 4.976378,
2.223259 1.209195 4.976378,
2.209575 1.281517 4.976378,
2.190524 1.352613 4.976378,
2.166214 1.422088 4.976378,
2.136780 1.489551 4.976378,
2.102387 1.554626 4.976378,
2.063227 1.616949 4.976378,
2.019519 1.676171 4.976378,
1.971508 1.731961 4.976378,
1.919461 1.784008 4.976378,
1.863671 1.832019 4.976378,
1.804449 1.875727 4.976378,
1.742126 1.914887 4.976378,
1.677051 1.949280 4.976378,
1.609588 1.978714 4.976378,
1.540113 2.003024 4.976378,
1.469017 2.022075 4.976378,
1.396695 2.035759 4.976378,
1.323553 2.044000 4.976378,
1.250000 2.046752 4.976378,
1.176447 2.044000 4.976378,
1.103305 2.035759 4.976378,
1.030983 2.022075 4.976378,
0.959887 2.003024 4.976378,
0.890412 1.978714 4.976378,
0.822949 1.949280 4.976378,
0.757874 1.914887 4.976378,
0.695551 1.875727 4.976378,
0.636329 1.832019 4.976378,
0.580539 1.784008 4.976378,
0.528492 1.731961 4.976378,
0.480481 1.676171 4.976378,
0.436773 1.616949 4.976378,
0.397613 1.554626 4.976378,
0.363220 1.489551 4.976378,
0.333786 1.422088 4.976378,
0.309476 1.352613 4.976378,
0.290425 1.281517 4.976378,
0.276741 1.209195 4.976378,
0.268500 1.136053 4.976378,
0.265748 1.062500 4.976378,
0.268500 0.988947 4.976378,
0.276741 0.915805 4.976378,
0.290425 0.843483 4.976378,
0.309476 0.772387 4.976378,
0.333786 0.702912 4.976378,
0.363220 0.635449 4.976378,
0.397613 0.570374 4.976378,
0.436773 0.508051 4.976378,
0.480481 0.448829 4.976378,
0.528492 0.393039 4.976378,
0.580539 0.340992 4.976378,
0.636329 0.292981 4.976378,
0.695551 0.249273 4.976378,
0.757874 0.210113 4.976378,
0.822949 0.175720 4.976378,
0.890412 0.146286 4.976378,
0.959887 0.121976 4.976378,
1.030983 0.102925 4.976378,
1.103305 0.089241 4.976378,
1.176447 0.081000 4.976378,
1.250000 0.078248 4.976378,
1.323553 0.081000 4.976378,
1.396695 0.089241 4.976378,
1.469017 0.102925 4.976378,
1.540113 0.121976 4.976378,
1.609588 0.146286 4.976378,
1.677051 0.175720 4.976378,
1.742126 0.210113 4.976378,
1.804449 0.249273 4.976378,
1.863671 0.292981 4.976378,
1.919461 0.340992 4.976378,
1.971508 0.393039 4.976378,
2.019519 0.448829 4.976378,
2.063227 0.508051 4.976378,
2.102387 0.570374 4.976378,
2.136780 0.635449 4.976378,
2.166214 0.702912 4.976378,
2.190524 0.772387 4.976378,
2.209575 0.843483 4.976378,
2.223259 0.915805 4.976378,
2.231500 0.988947 4.976378,
1.879921 1.062500 4.976378,
1.878160 1.109574 4.976378,
1.872886 1.156385 4.976378,
1.864128 1.202671 4.976378,
1.851936 1.248173 4.976378,
1.836377 1.292636 4.976378,
1.817539 1.335813 4.976378,
1.795528 1.377461 4.976378,
1.770465 1.417347 4.976378,
1.742492 1.455249 4.976378,
1.711765 1.490955 4.976378,
1.678455 1.524265 4.976378,
1.642749 1.554992 4.976378,
1.604847 1.582965 4.976378,
1.564961 1.608028 4.976378,
1.523313 1.630039 4.976378,
1.480136 1.648877 4.976378,
1.435673 1.664436 4.976378,
1.390171 1.676628 4.976378,
1.343885 1.685386 4.976378,
1.297074 1.690660 4.976378,
1.250000 1.692421 4.976378,
1.202926 1.690660 4.976378,
1.156115 1.685386 4.976378,
1.109829 1.676628 4.976378,
1.064327 1.664436 4.976378,
1.019864 1.648877 4.976378,
0.976687 1.630039 4.976378,
0.935039 1.608028 4.976378,
0.895153 1.582965 4.976378,
0.857251 1.554992 4.976378,
0.821545 1.524265 4.976378,
0.788235 1.490955 4.976378,
0.757508 1.455249 4.976378,
0.729535 1.417347 4.976378,
0.704472 1.377461 4.976378,
0.682461 1.335813 4.976378,
0.663623 1.292636 4.976378,
0.648064 1.248173 4.976378,
0.635872 1.202671 4.976378,
0.627114 1.156385 4.976378,
0.621840 1.109574 4.976378,
0.620079 1.062500 4.976378,
0.621840 1.015426 4.976378,
0.627114 0.968615 4.976378,
0.635872 0.922329 4.976378,
0.648064 0.876827 4.976378,
0.663623 0.832364 4.976378,
0.682461 0.789187 4.976378,
0.704472 0.747539 4.976378,
0.729535 0.707653 4.976378,
0.757508 0.669751 4.976378,
0.788235 0.634045 4.976378,
0.821545 0.600735 4.976378,
0.857251 0.570008 4.976378,
0.895153 0.542035 4.976378,
0.935039 0.516972 4.976378,
0.976687 0.494961 4.976378,
1.019864 0.476123 4.976378,
1.064327 0.460564 4.976378,
1.109829 0.448372 4.976378,
1.156115 0.439614 4.976378,
1.202926 0.434340 4.976378,
1.250000 0.432579 4.976378,
1.297074 0.434340 4.976378,
1.343885 0.439614 4.976378,
1.390171 0.448372 4.976378,
1.435673 0.460564 4.976378,
1.480136 0.476123 4.976378,
1.523313 0.494961 4.976378,
1.564961 0.516972 4.976378,
1.604847 0.542035 4.976378,
1.642749 0.570008 4.976378,
1.678455 0.600735 4.976378,
1.711765 0.634045 4.976378,
1.742492 0.669751 4.976378,
1.770465 0.707653 4.976378,
1.795528 0.747539 4.976378,
1.817539 0.789187 4.976378,
1.836377 0.832364 4.976378,
1.851936 0.876827 4.976378,
1.864128 0.922329 4.976378,
1.872886 0.968615 4.976378,
1.878160 1.015426 4.976378,
2.234252 1.062500 4.990157,
2.231500 1.136053 4.990157,
2.223259 1.209195 4.990157,
2.209575 1.281517 4.990157,
2.190524 1.352613 4.990157,
2.166214 1.422088 4.990157,
2.136780 1.489551 4.990157,
2.102387 1.554626 4.990157,
2.063227 1.616949 4.990157,
2.019519 1.676171 4.990157,
1.971508 1.731961 4.990157,
1.919461 1.784008 4.990157,
1.863671 1.832019 4.990157,
1.804449 1.875727 4.990157,
1.742126 1.914887 4.990157,
1.677051 1.949280 4.990157,
1.609588 1.978714 4.990157,
1.540113 2.003024 4.990157,
1.469017 2.022075 4.990157,
1.396695 2.035759 4.990157,
1.323553 2.044000 4.990157,
1.250000 2.046752 4.990157,
1.176447 2.044000 4.990157,
1.103305 2.035759 4.990157,
1.030983 2.022075 4.990157,
0.959887 2.003024 4.990157,
0.890412 1.978714 4.990157,
0.822949 1.949280 4.990157,
0.757874 1.914887 4.990157,
0.695551 1.875727 4.990157,
0.636329 1.832019 4.990157,
0.580539 1.784008 4.990157,
0.528492 1.731961 4.990157,
0.480481 1.676171 4.990157,
0.436773 1.616949 4.990157,
0.397613 1.554626 4.990157,
0.363220 1.489551 4.990157,
0.333786 1.422088 4.990157,
0.309476 1.352613 4.990157,
0.290425 1.281517 4.990157,
0.276741 1.209195 4.990157,
0.268500 1.136053 4.990157,
0.265748 1.062500 4.990157,
0.268500 0.988947 4.990157,
0.276741 0.915805 4.990157,
0.290425 0.843483 4.990157,
0.309476 0.772387 4.990157,
0.333786 0.702912 4.990157,
0.363220 0.635449 4.990157,
0.397613 0.570374 4.990157,
0.436773 0.508051 4.990157,
0.480481 0.448829 4.990157,
0.528492 0.393039 4.990157,
0.580539 0.340992 4.990157,
0.636329 0.292981 4.990157,
0.695551 0.249273 4.990157,
0.757874 0.210113 4.990157,
0.822949 0.175720 4.990157,
0.890412 0.146286 4.990157,
0.959887 0.121976 4.990157,
1.030983 0.102925 4.990157,
1.103305 0.089241 4.990157,
1.176447 0.081000 4.990157,
1.250000 0.078248 4.990157,
1.323553 0.081000 4.990157,
1.396695 0.089241 4.990157,
1.469017 0.102925 4.990157,
1.540113 0.121976 4.990157,
1.609588 0.146286 4.990157,
1.677051 0.175720 4.990157,
1.742126 0.210113 4.990157,
1.804449 0.249273 4.990157,
1.863671 0.292981 4.990157,
1.919461 0.340992 4.990157,
1.971508 0.393039 4.990157,
2.019519 0.448829 4.990157,
2.063227 0.508051 4.990157,
2.102387 0.570374 4.990157,
2.136780 0.635449 4.990157,
2.166214 0.702912 4.990157,
2.190524 0.772387 4.990157,
2.209575 0.843483 4.990157,
2.223259 0.915805 4.990157,
2.231500 0.988947 4.990157,
1.879921 1.062500 4.990157,
1.878160 1.109574 4.990157,
1.872886 1.156385 4.990157,
1.864128 1.202671 4.990157,
1.851936 1.248173 4.990157,
1.836377 1.292636 4.990157,
1.817539 1.335813 4.990157,
1.795528 1.377461 4.990157,
1.770465 1.417347 4.990157,
1.742492 1.455249 4.990157,
1.711765 1.490955 4.990157,
1.678455 1.524265 4.990157,
1.642749 1.554992 4.990157,
1.604847 1.582965 4.990157,
1.564961 1.608028 4.990157,
1.523313 1.630039 4.990157,
1.480136 1.648877 4.990157,
1.435673 1.664436 4.990157,
1.390171 1.676628 4.990157,
1.343885 1.685386 4.990157,
1.297074 1.690660 4.990157,
1.250000 1.692421 4.990157,
1.202926 1.690660 4.990157,
1.156115 1.685386 4.990157,
1.109829 1.676628 4.990157,
1.064327 1.664436 4.990157,
1.019864 1.648877 4.990157,
0.976687 1.630039 4.990157,
0.935039 1.608028 4.990157,
0.895153 1.582965 4.990157,
0.857251 1.554992 4.990157,
0.821545 1.524265 4.990157,
0.788235 1.490955 4.990157,
0.757508 1.455249 4.990157,
0.729535 1.417347 4.990157,
0.704472 1.377461 4.990157,
0.682461 1.335813 4.990157,
0.663623 1.292636 4.990157,
0.648064 1.248173 4.990157,
0.635872 1.202671 4.990157,
0.627114 1.156385 4.990157,
0.621840 1.109574 4.990157,
0.620079 1.062500 4.990157,
0.621840 1.015426 4.990157,
0.627114 0.968615 4.990157,
0.635872 0.922329 4.990157,
0.648064 0.876827 4.990157,
0.663623 0.832364 4.990157,
0.682461 0.789187 4.990157,
0.704472 0.747539 4.990157,
0.729535 0.707653 4.990157,
0.757508 0.669751 4.990157,
0.788235 0.634045 4.990157,
0.821545 0.600735 4.990157,
0.857251 0.570008 4.990157,
0.895153 0.542035 4.990157,
0.935039 0.516972 4.990157,
0.976687 0.494961 4.990157,
1.019864 0.476123 4.990157,
1.064327 0.460564 4.990157,
1.109829 0.448372 4.990157,
1.156115 0.439614 4.990157,
1.202926 0.434340 4.990157,
1.250000 0.432579 4.990157,
1.297074 0.434340 4.990157,
1.343885 0.439614 4.990157,
1.390171 0.448372 4.990157,
1.435673 0.460564 4.990157,
1.480136 0.476123 4.990157,
1.523313 0.494961 4.990157,
1.564961 0.516972 4.990157,
1.604847 0.542035 4.990157,
1.642749 0.570008 4.990157,
1.678455 0.600735 4.990157,
1.711765 0.634045 4.990157,
1.742492 0.669751 4.990157,
1.770465 0.707653 4.990157,
1.795528 0.747539 4.990157,
1.817539 0.789187 4.990157,
1.836377 0.832364 4.990157,
1.851936 0.876827 4.990157,
1.864128 0.922329 4.990157,
1.872886 0.968615 4.990157,
1.878160 1.015426 4.990157 ] } coordIndex [ 87 1 0 -1,
87 2 1 -1,
88 3 2 -1,
88 2 87 -1,
89 4 3 -1,
89 3 88 -1,
90 5 4 -1,
90 4 89 -1,
91 6 5 -1,
91 5 90 -1,
92 7 6 -1,
92 6 91 -1,
93 8 7 -1,
93 7 92 -1,
94 8 93 -1,
94 9 8 -1,
95 10 9 -1,
95 9 94 -1,
96 11 10 -1,
96 10 95 -1,
97 12 11 -1,
97 11 96 -1,
98 13 12 -1,
98 12 97 -1,
99 14 13 -1,
99 13 98 -1,
100 15 14 -1,
100 14 99 -1,
101 16 15 -1,
101 15 100 -1,
102 17 16 -1,
102 16 101 -1,
103 18 17 -1,
103 17 102 -1,
104 19 18 -1,
104 18 103 -1,
105 20 19 -1,
105 19 104 -1,
106 21 20 -1,
106 20 105 -1,
107 22 21 -1,
107 21 106 -1,
108 23 22 -1,
108 22 107 -1,
109 24 23 -1,
109 23 108 -1,
110 25 24 -1,
110 24 109 -1,
111 26 25 -1,
111 25 110 -1,
112 27 26 -1,
112 26 111 -1,
113 28 27 -1,
113 27 112 -1,
114 29 28 -1,
114 30 29 -1,
114 28 113 -1,
115 30 114 -1,
116 31 30 -1,
116 30 115 -1,
117 32 31 -1,
117 33 32 -1,
117 31 116 -1,
118 33 117 -1,
119 33 118 -1,
119 34 33 -1,
120 34 119 -1,
120 35 34 -1,
121 35 120 -1,
121 36 35 -1,
122 36 121 -1,
122 37 36 -1,
123 37 122 -1,
123 38 37 -1,
124 38 123 -1,
124 39 38 -1,
125 39 124 -1,
125 40 39 -1,
126 40 125 -1,
126 41 40 -1,
126 42 41 -1,
127 42 126 -1,
128 42 127 -1,
128 43 42 -1,
128 44 43 -1,
129 44 128 -1,
130 45 44 -1,
130 46 45 -1,
130 44 129 -1,
131 46 130 -1,
132 47 46 -1,
132 46 131 -1,
133 48 47 -1,
133 47 132 -1,
134 49 48 -1,
134 48 133 -1,
135 50 49 -1,
135 49 134 -1,
136 51 50 -1,
136 50 135 -1,
137 52 51 -1,
137 51 136 -1,
138 53 52 -1,
138 52 137 -1,
139 54 53 -1,
139 53 138 -1,
140 55 54 -1,
140 56 55 -1,
140 54 139 -1,
141 56 140 -1,
142 57 56 -1,
142 58 57 -1,
142 56 141 -1,
143 59 58 -1,
143 58 142 -1,
144 59 143 -1,
145 59 144 -1,
145 60 59 -1,
145 61 60 -1,
146 61 145 -1,
147 61 146 -1,
147 62 61 -1,
148 62 147 -1,
148 63 62 -1,
148 64 63 -1,
149 64 148 -1,
149 65 64 -1,
150 65 149 -1,
151 65 150 -1,
151 66 65 -1,
152 66 151 -1,
152 67 66 -1,
153 67 152 -1,
153 68 67 -1,
154 68 153 -1,
154 69 68 -1,
155 69 154 -1,
155 70 69 -1,
156 70 155 -1,
156 71 70 -1,
157 71 156 -1,
157 72 71 -1,
158 72 157 -1,
158 73 72 -1,
159 73 158 -1,
159 74 73 -1,
160 74 159 -1,
160 75 74 -1,
160 76 75 -1,
161 76 160 -1,
161 77 76 -1,
162 77 161 -1,
163 78 77 -1,
163 77 162 -1,
164 79 78 -1,
164 80 79 -1,
164 78 163 -1,
165 80 164 -1,
166 81 80 -1,
166 82 81 -1,
166 80 165 -1,
167 82 166 -1,
168 83 82 -1,
168 82 167 -1,
169 83 168 -1,
169 84 83 -1,
169 85 84 -1,
86 85 169 -1,
257 170 171 -1,
257 171 172 -1,
258 172 173 -1,
258 257 172 -1,
259 173 174 -1,
259 258 173 -1,
260 174 175 -1,
260 259 174 -1,
261 175 176 -1,
261 260 175 -1,
262 176 177 -1,
262 261 176 -1,
263 177 178 -1,
263 262 177 -1,
264 263 178 -1,
264 178 179 -1,
265 179 180 -1,
265 264 179 -1,
266 180 181 -1,
266 265 180 -1,
267 181 182 -1,
267 266 181 -1,
268 182 183 -1,
268 267 182 -1,
269 183 184 -1,
269 268 183 -1,
270 184 185 -1,
270 269 184 -1,
271 185 186 -1,
271 270 185 -1,
272 186 187 -1,
272 271 186 -1,
273 187 188 -1,
273 272 187 -1,
274 188 189 -1,
274 273 188 -1,
275 189 190 -1,
275 274 189 -1,
276 190 191 -1,
276 275 190 -1,
277 191 192 -1,
277 276 191 -1,
278 192 193 -1,
278 277 192 -1,
279 193 194 -1,
279 278 193 -1,
280 194 195 -1,
280 279 194 -1,
281 195 196 -1,
281 280 195 -1,
282 196 197 -1,
282 281 196 -1,
283 197 198 -1,
283 282 197 -1,
284 198 199 -1,
284 199 200 -1,
284 283 198 -1,
285 284 200 -1,
286 200 201 -1,
286 285 200 -1,
287 201 202 -1,
287 202 203 -1,
287 286 201 -1,
288 287 203 -1,
289 288 203 -1,
289 203 204 -1,
290 289 204 -1,
290 204 205 -1,
291 290 205 -1,
291 205 206 -1,
292 291 206 -1,
292 206 207 -1,
293 292 207 -1,
293 207 208 -1,
294 293 208 -1,
294 208 209 -1,
295 294 209 -1,
295 209 210 -1,
296 295 210 -1,
296 210 211 -1,
296 211 212 -1,
297 296 212 -1,
298 297 212 -1,
298 212 213 -1,
298 213 214 -1,
299 298 214 -1,
300 214 215 -1,
300 215 216 -1,
300 299 214 -1,
301 300 216 -1,
302 216 217 -1,
302 301 216 -1,
303 217 218 -1,
303 302 217 -1,
304 218 219 -1,
304 303 218 -1,
305 219 220 -1,
305 304 219 -1,
306 220 221 -1,
306 305 220 -1,
307 221 222 -1,
307 306 221 -1,
308 222 223 -1,
308 307 222 -1,
309 223 224 -1,
309 308 223 -1,
310 224 225 -1,
310 225 226 -1,
310 309 224 -1,
311 310 226 -1,
312 226 227 -1,
312 227 228 -1,
312 311 226 -1,
313 228 229 -1,
313 312 228 -1,
314 313 229 -1,
315 314 229 -1,
315 229 230 -1,
315 230 231 -1,
316 315 231 -1,
317 316 231 -1,
317 231 232 -1,
318 317 232 -1,
318 232 233 -1,
318 233 234 -1,
319 318 234 -1,
319 234 235 -1,
320 319 235 -1,
321 320 235 -1,
321 235 236 -1,
322 321 236 -1,
322 236 237 -1,
323 322 237 -1,
323 237 238 -1,
324 323 238 -1,
324 238 239 -1,
325 324 239 -1,
325 239 240 -1,
326 325 240 -1,
326 240 241 -1,
327 326 241 -1,
327 241 242 -1,
328 327 242 -1,
328 242 243 -1,
329 328 243 -1,
329 243 244 -1,
330 329 244 -1,
330 244 245 -1,
330 245 246 -1,
331 330 246 -1,
331 246 247 -1,
332 331 247 -1,
333 247 248 -1,
333 332 247 -1,
334 248 249 -1,
334 249 250 -1,
334 333 248 -1,
335 334 250 -1,
336 250 251 -1,
336 251 252 -1,
336 335 250 -1,
337 336 252 -1,
338 252 253 -1,
338 337 252 -1,
339 338 253 -1,
339 253 254 -1,
339 254 255 -1,
256 339 255 -1,
477 394 393 -1,
476 393 392 -1,
476 477 393 -1,
478 395 394 -1,
478 394 477 -1,
475 476 392 -1,
475 392 391 -1,
479 395 478 -1,
479 396 395 -1,
474 475 391 -1,
474 391 390 -1,
480 396 479 -1,
480 397 396 -1,
473 474 390 -1,
473 390 389 -1,
481 398 397 -1,
481 397 480 -1,
472 473 389 -1,
472 389 388 -1,
482 398 481 -1,
482 399 398 -1,
471 472 388 -1,
471 388 387 -1,
483 400 399 -1,
483 399 482 -1,
470 471 387 -1,
470 387 386 -1,
484 401 400 -1,
484 400 483 -1,
469 386 385 -1,
469 470 386 -1,
485 401 484 -1,
485 402 401 -1,
468 385 384 -1,
468 469 385 -1,
486 403 402 -1,
486 402 485 -1,
467 384 383 -1,
467 468 384 -1,
487 403 486 -1,
487 404 403 -1,
466 467 383 -1,
466 383 382 -1,
488 404 487 -1,
488 405 404 -1,
465 382 381 -1,
465 466 382 -1,
489 405 488 -1,
489 406 405 -1,
464 380 379 -1,
464 381 380 -1,
464 465 381 -1,
490 406 489 -1,
490 407 406 -1,
463 379 378 -1,
463 464 379 -1,
491 407 490 -1,
491 408 407 -1,
462 463 378 -1,
461 377 376 -1,
461 378 377 -1,
461 462 378 -1,
492 408 491 -1,
492 409 408 -1,
460 461 376 -1,
493 409 492 -1,
493 410 409 -1,
459 375 374 -1,
459 376 375 -1,
459 460 376 -1,
494 411 410 -1,
494 410 493 -1,
458 459 374 -1,
495 411 494 -1,
412 411 495 -1,
457 458 374 -1,
457 374 373 -1,
496 412 495 -1,
456 457 373 -1,
456 373 372 -1,
497 412 496 -1,
497 413 412 -1,
371 455 456 -1,
371 456 372 -1,
414 413 497 -1,
414 497 498 -1,
370 454 455 -1,
370 455 371 -1,
415 414 498 -1,
415 498 499 -1,
369 452 453 -1,
369 453 454 -1,
369 454 370 -1,
416 415 499 -1,
416 499 500 -1,
416 500 501 -1,
368 452 369 -1,
417 416 501 -1,
367 451 452 -1,
367 452 368 -1,
418 417 501 -1,
418 501 502 -1,
366 450 451 -1,
366 451 367 -1,
419 502 503 -1,
419 418 502 -1,
365 449 450 -1,
365 450 366 -1,
420 503 504 -1,
420 419 503 -1,
364 448 449 -1,
364 449 365 -1,
421 504 505 -1,
421 420 504 -1,
363 446 447 -1,
363 447 448 -1,
363 448 364 -1,
422 421 505 -1,
422 505 506 -1,
362 446 363 -1,
423 506 507 -1,
423 422 506 -1,
361 445 446 -1,
361 446 362 -1,
340 423 507 -1,
340 507 424 -1,
360 444 445 -1,
360 445 361 -1,
341 340 424 -1,
341 424 425 -1,
359 443 444 -1,
359 444 360 -1,
342 341 425 -1,
342 425 426 -1,
342 426 427 -1,
358 442 443 -1,
358 443 359 -1,
343 342 427 -1,
344 343 427 -1,
344 427 428 -1,
344 428 429 -1,
357 441 442 -1,
357 442 358 -1,
345 344 429 -1,
345 429 430 -1,
356 440 441 -1,
356 441 357 -1,
346 345 430 -1,
355 440 356 -1,
355 439 440 -1,
354 439 355 -1,
354 438 439 -1,
347 346 430 -1,
347 430 431 -1,
347 431 432 -1,
353 438 354 -1,
353 437 438 -1,
348 347 432 -1,
352 437 353 -1,
352 436 437 -1,
349 348 432 -1,
349 432 433 -1,
349 433 434 -1,
351 435 436 -1,
351 436 352 -1,
350 435 351 -1,
350 434 435 -1,
350 349 434 -1,
645 561 562 -1,
644 560 561 -1,
644 561 645 -1,
646 562 563 -1,
646 645 562 -1,
643 560 644 -1,
643 559 560 -1,
647 646 563 -1,
647 563 564 -1,
642 559 643 -1,
642 558 559 -1,
648 647 564 -1,
648 564 565 -1,
641 558 642 -1,
641 557 558 -1,
649 565 566 -1,
649 648 565 -1,
640 557 641 -1,
640 556 557 -1,
650 649 566 -1,
650 566 567 -1,
639 556 640 -1,
639 555 556 -1,
651 567 568 -1,
651 650 567 -1,
638 555 639 -1,
638 554 555 -1,
652 568 569 -1,
652 651 568 -1,
637 553 554 -1,
637 554 638 -1,
653 652 569 -1,
653 569 570 -1,
636 552 553 -1,
636 553 637 -1,
654 570 571 -1,
654 653 570 -1,
635 551 552 -1,
635 552 636 -1,
655 654 571 -1,
655 571 572 -1,
634 551 635 -1,
634 550 551 -1,
656 655 572 -1,
656 572 573 -1,
633 549 550 -1,
633 550 634 -1,
657 656 573 -1,
657 573 574 -1,
632 547 548 -1,
632 548 549 -1,
632 549 633 -1,
658 657 574 -1,
658 574 575 -1,
631 546 547 -1,
631 547 632 -1,
659 658 575 -1,
659 575 576 -1,
630 546 631 -1,
629 544 545 -1,
629 545 546 -1,
629 546 630 -1,
660 659 576 -1,
660 576 577 -1,
628 544 629 -1,
661 660 577 -1,
661 577 578 -1,
627 542 543 -1,
627 543 544 -1,
627 544 628 -1,
662 578 579 -1,
662 661 578 -1,
626 542 627 -1,
663 662 579 -1,
580 663 579 -1,
625 542 626 -1,
625 541 542 -1,
664 663 580 -1,
624 541 625 -1,
624 540 541 -1,
665 664 580 -1,
665 580 581 -1,
539 624 623 -1,
539 540 624 -1,
582 665 581 -1,
582 666 665 -1,
538 623 622 -1,
538 539 623 -1,
583 666 582 -1,
583 667 666 -1,
537 621 620 -1,
537 622 621 -1,
537 538 622 -1,
584 667 583 -1,
584 668 667 -1,
584 669 668 -1,
536 537 620 -1,
585 669 584 -1,
535 620 619 -1,
535 536 620 -1,
586 669 585 -1,
586 670 669 -1,
534 619 618 -1,
534 535 619 -1,
587 671 670 -1,
587 670 586 -1,
533 618 617 -1,
533 534 618 -1,
588 672 671 -1,
588 671 587 -1,
532 617 616 -1,
532 533 617 -1,
589 673 672 -1,
589 672 588 -1,
531 615 614 -1,
531 616 615 -1,
531 532 616 -1,
590 673 589 -1,
590 674 673 -1,
530 531 614 -1,
591 675 674 -1,
591 674 590 -1,
529 614 613 -1,
529 530 614 -1,
508 675 591 -1,
508 592 675 -1,
528 613 612 -1,
528 529 613 -1,
509 592 508 -1,
509 593 592 -1,
527 612 611 -1,
527 528 612 -1,
510 593 509 -1,
510 594 593 -1,
510 595 594 -1,
526 611 610 -1,
526 527 611 -1,
511 595 510 -1,
512 595 511 -1,
512 596 595 -1,
512 597 596 -1,
525 610 609 -1,
525 526 610 -1,
513 597 512 -1,
513 598 597 -1,
524 609 608 -1,
524 525 609 -1,
514 598 513 -1,
523 524 608 -1,
523 608 607 -1,
522 523 607 -1,
522 607 606 -1,
515 598 514 -1,
515 599 598 -1,
515 600 599 -1,
521 522 606 -1,
521 606 605 -1,
516 600 515 -1,
520 521 605 -1,
520 605 604 -1,
517 600 516 -1,
517 601 600 -1,
517 602 601 -1,
519 604 603 -1,
519 520 604 -1,
518 519 603 -1,
518 603 602 -1,
518 602 517 -1 ] solid TRUE creaseAngle 0.5 } }
# provisional_M3_spacer_2
Shape { appearance Appearance { material Material { diffuseColor 0.84 0.84 0.78 } } geometry IndexedFaceSet { coord Coordinate { point [ 2.500168 1.062500 0.000000,
2.500168 1.062500 4.330709,
1.875084 2.145177 4.330709,
1.875084 2.145177 0.000000,
1.875084 -0.020177 0.000000,
1.875084 -0.020177 4.330709,
2.500168 1.062500 4.330709,
2.500168 1.062500 0.000000,
1.875084 2.145177 0.000000,
1.875084 2.145177 4.330709,
0.624916 2.145177 4.330709,
0.624916 2.145177 0.000000,
2.500168 1.062500 0.000000,
1.875084 2.145177 0.000000,
0.624916 2.145177 0.000000,
-0.000168 1.062500 0.000000,
0.624916 -0.020177 0.000000,
1.875084 -0.020177 0.000000,
1.840551 1.062500 0.000000,
1.838900 1.106632 0.000000,
1.833955 1.150517 0.000000,
1.825745 1.193910 0.000000,
1.814315 1.236568 0.000000,
1.799729 1.278253 0.000000,
1.782068 1.318731 0.000000,
1.761432 1.357776 0.000000,
1.737936 1.395169 0.000000,
1.711712 1.430703 0.000000,
1.682905 1.464177 0.000000,
1.651677 1.495405 0.000000,
1.618203 1.524212 0.000000,
1.582669 1.550436 0.000000,
1.545276 1.573932 0.000000,
1.506231 1.594568 0.000000,
1.465753 1.612229 0.000000,
1.424068 1.626815 0.000000,
1.381410 1.638245 0.000000,
1.338017 1.646455 0.000000,
1.294132 1.651400 0.000000,
1.250000 1.653051 0.000000,
1.205868 1.651400 0.000000,
1.161983 1.646455 0.000000,
1.118590 1.638245 0.000000,
1.075932 1.626815 0.000000,
1.034247 1.612229 0.000000,
0.993769 1.594568 0.000000,
0.954724 1.573932 0.000000,
0.917331 1.550436 0.000000,
0.881797 1.524212 0.000000,
0.848323 1.495405 0.000000,
0.817095 1.464177 0.000000,
0.788288 1.430703 0.000000,
0.762064 1.395169 0.000000,
0.738568 1.357776 0.000000,
0.717932 1.318731 0.000000,
0.700271 1.278253 0.000000,
0.685685 1.236568 0.000000,
0.674255 1.193910 0.000000,
0.666045 1.150517 0.000000,
0.661100 1.106632 0.000000,
0.659449 1.062500 0.000000,
0.661100 1.018368 0.000000,
0.666045 0.974483 0.000000,
0.674255 0.931090 0.000000,
0.685685 0.888432 0.000000,
0.700271 0.846747 0.000000,
0.717932 0.806269 0.000000,
0.738568 0.767224 0.000000,
0.762064 0.729831 0.000000,
0.788288 0.694297 0.000000,
0.817095 0.660823 0.000000,
0.848323 0.629595 0.000000,
0.881797 0.600788 0.000000,
0.917331 0.574564 0.000000,
0.954724 0.551068 0.000000,
0.993769 0.530432 0.000000,
1.034247 0.512771 0.000000,
1.075932 0.498185 0.000000,
1.118590 0.486755 0.000000,
1.161983 0.478545 0.000000,
1.205868 0.473600 0.000000,
1.250000 0.471949 0.000000,
1.294132 0.473600 0.000000,
1.338017 0.478545 0.000000,
1.381410 0.486755 0.000000,
1.424068 0.498185 0.000000,
1.465753 0.512771 0.000000,
1.506231 0.530432 0.000000,
1.545276 0.551068 0.000000,
1.582669 0.574564 0.000000,
1.618203 0.600788 0.000000,
1.651677 0.629595 0.000000,
1.682905 0.660823 0.000000,
1.711712 0.694297 0.000000,
1.737936 0.729831 0.000000,
1.761432 0.767224 0.000000,
1.782068 0.806269 0.000000,
1.799729 0.846747 0.000000,
1.814315 0.888432 0.000000,
1.825745 0.931090 0.000000,
1.833955 0.974483 0.000000,
1.838900 1.018368 0.000000,
2.500168 1.062500 4.330709,
1.875084 2.145177 4.330709,
0.624916 2.145177 4.330709,
-0.000168 1.062500 4.330709,
0.624916 -0.020177 4.330709,
1.875084 -0.020177 4.330709,
1.840551 1.062500 4.330709,
1.838900 1.106632 4.330709,
1.833955 1.150517 4.330709,
1.825745 1.193910 4.330709,
1.814315 1.236568 4.330709,
1.799729 1.278253 4.330709,
1.782068 1.318731 4.330709,
1.761432 1.357776 4.330709,
1.737936 1.395169 4.330709,
1.711712 1.430703 4.330709,
1.682905 1.464177 4.330709,
1.651677 1.495405 4.330709,
1.618203 1.524212 4.330709,
1.582669 1.550436 4.330709,
1.545276 1.573932 4.330709,
1.506231 1.594568 4.330709,
1.465753 1.612229 4.330709,
1.424068 1.626815 4.330709,
1.381410 1.638245 4.330709,
1.338017 1.646455 4.330709,
1.294132 1.651400 4.330709,
1.250000 1.653051 4.330709,
1.205868 1.651400 4.330709,
1.161983 1.646455 4.330709,
1.118590 1.638245 4.330709,
1.075932 1.626815 4.330709,
1.034247 1.612229 4.330709,
0.993769 1.594568 4.330709,
0.954724 1.573932 4.330709,
0.917331 1.550436 4.330709,
0.881797 1.524212 4.330709,
0.848323 1.495405 4.330709,
0.817095 1.464177 4.330709,
0.788288 1.430703 4.330709,
0.762064 1.395169 4.330709,
0.738568 1.357776 4.330709,
0.717932 1.318731 4.330709,
0.700271 1.278253 4.330709,
0.685685 1.236568 4.330709,
0.674255 1.193910 4.330709,
0.666045 1.150517 4.330709,
0.661100 1.106632 4.330709,
0.659449 1.062500 4.330709,
0.661100 1.018368 4.330709,
0.666045 0.974483 4.330709,
0.674255 0.931090 4.330709,
0.685685 0.888432 4.330709,
0.700271 0.846747 4.330709,
0.717932 0.806269 4.330709,
0.738568 0.767224 4.330709,
0.762064 0.729831 4.330709,
0.788288 0.694297 4.330709,
0.817095 0.660823 4.330709,
0.848323 0.629595 4.330709,
0.881797 0.600788 4.330709,
0.917331 0.574564 4.330709,
0.954724 0.551068 4.330709,
0.993769 0.530432 4.330709,
1.034247 0.512771 4.330709,
1.075932 0.498185 4.330709,
1.118590 0.486755 4.330709,
1.161983 0.478545 4.330709,
1.205868 0.473600 4.330709,
1.250000 0.471949 4.330709,
1.294132 0.473600 4.330709,
1.338017 0.478545 4.330709,
1.381410 0.486755 4.330709,
1.424068 0.498185 4.330709,
1.465753 0.512771 4.330709,
1.506231 0.530432 4.330709,
1.545276 0.551068 4.330709,
1.582669 0.574564 4.330709,
1.618203 0.600788 4.330709,
1.651677 0.629595 4.330709,
1.682905 0.660823 4.330709,
1.711712 0.694297 4.330709,
1.737936 0.729831 4.330709,
1.761432 0.767224 4.330709,
1.782068 0.806269 4.330709,
1.799729 0.846747 4.330709,
1.814315 0.888432 4.330709,
1.825745 0.931090 4.330709,
1.833955 0.974483 4.330709,
1.838900 1.018368 4.330709,
0.624916 -0.020177 0.000000,
0.624916 -0.020177 4.330709,
1.875084 -0.020177 4.330709,
1.875084 -0.020177 0.000000,
0.624916 2.145177 0.000000,
0.624916 2.145177 4.330709,
-0.000168 1.062500 4.330709,
-0.000168 1.062500 0.000000,
-0.000168 1.062500 0.000000,
-0.000168 1.062500 4.330709,
0.624916 -0.020177 4.330709,
0.624916 -0.020177 0.000000,
1.840551 1.062500 0.000000,
1.840551 1.062500 4.330709,
1.838900 1.106632 4.330709,
1.833955 1.150517 4.330709,
1.825745 1.193910 4.330709,
1.814315 1.236568 4.330709,
1.799729 1.278253 4.330709,
1.782068 1.318731 4.330709,
1.761432 1.357776 4.330709,
1.737936 1.395169 4.330709,
1.711712 1.430703 4.330709,
1.682905 1.464177 4.330709,
1.651677 1.495405 4.330709,
1.618203 1.524212 4.330709,
1.582669 1.550436 4.330709,
1.545276 1.573932 4.330709,
1.506231 1.594568 4.330709,
1.465753 1.612229 4.330709,
1.424068 1.626815 4.330709,
1.381410 1.638245 4.330709,
1.338017 1.646455 4.330709,
1.294132 1.651400 4.330709,
1.250000 1.653051 4.330709,
1.205868 1.651400 4.330709,
1.161983 1.646455 4.330709,
1.118590 1.638245 4.330709,
1.075932 1.626815 4.330709,
1.034247 1.612229 4.330709,
0.993769 1.594568 4.330709,
0.954724 1.573932 4.330709,
0.917331 1.550436 4.330709,
0.881797 1.524212 4.330709,
0.848323 1.495405 4.330709,
0.817095 1.464177 4.330709,
0.788288 1.430703 4.330709,
0.762064 1.395169 4.330709,
0.738568 1.357776 4.330709,
0.717932 1.318731 4.330709,
0.700271 1.278253 4.330709,
0.685685 1.236568 4.330709,
0.674255 1.193910 4.330709,
0.666045 1.150517 4.330709,
0.661100 1.106632 4.330709,
0.659449 1.062500 4.330709,
0.661100 1.018368 4.330709,
0.666045 0.974483 4.330709,
0.674255 0.931090 4.330709,
0.685685 0.888432 4.330709,
0.700271 0.846747 4.330709,
0.717932 0.806269 4.330709,
0.738568 0.767224 4.330709,
0.762064 0.729831 4.330709,
0.788288 0.694297 4.330709,
0.817095 0.660823 4.330709,
0.848323 0.629595 4.330709,
0.881797 0.600788 4.330709,
0.917331 0.574564 4.330709,
0.954724 0.551068 4.330709,
0.993769 0.530432 4.330709,
1.034247 0.512771 4.330709,
1.075932 0.498185 4.330709,
1.118590 0.486755 4.330709,
1.161983 0.478545 4.330709,
1.205868 0.473600 4.330709,
1.250000 0.471949 4.330709,
1.294132 0.473600 4.330709,
1.338017 0.478545 4.330709,
1.381410 0.486755 4.330709,
1.424068 0.498185 4.330709,
1.465753 0.512771 4.330709,
1.506231 0.530432 4.330709,
1.545276 0.551068 4.330709,
1.582669 0.574564 4.330709,
1.618203 0.600788 4.330709,
1.651677 0.629595 4.330709,
1.682905 0.660823 4.330709,
1.711712 0.694297 4.330709,
1.737936 0.729831 4.330709,
1.761432 0.767224 4.330709,
1.782068 0.806269 4.330709,
1.799729 0.846747 4.330709,
1.814315 0.888432 4.330709,
1.825745 0.931090 4.330709,
1.833955 0.974483 4.330709,
1.838900 1.018368 4.330709,
1.840551 1.062500 4.330709,
1.840551 1.062500 0.000000,
1.838900 1.106632 0.000000,
1.833955 1.150517 0.000000,
1.825745 1.193910 0.000000,
1.814315 1.236568 0.000000,
1.799729 1.278253 0.000000,
1.782068 1.318731 0.000000,
1.761432 1.357776 0.000000,
1.737936 1.395169 0.000000,
1.711712 1.430703 0.000000,
1.682905 1.464177 0.000000,
1.651677 1.495405 0.000000,
1.618203 1.524212 0.000000,
1.582669 1.550436 0.000000,
1.545276 1.573932 0.000000,
1.506231 1.594568 0.000000,
1.465753 1.612229 0.000000,
1.424068 1.626815 0.000000,
1.381410 1.638245 0.000000,
1.338017 1.646455 0.000000,
1.294132 1.651400 0.000000,
1.250000 1.653051 0.000000,
1.205868 1.651400 0.000000,
1.161983 1.646455 0.000000,
1.118590 1.638245 0.000000,
1.075932 1.626815 0.000000,
1.034247 1.612229 0.000000,
0.993769 1.594568 0.000000,
0.954724 1.573932 0.000000,
0.917331 1.550436 0.000000,
0.881797 1.524212 0.000000,
0.848323 1.495405 0.000000,
0.817095 1.464177 0.000000,
0.788288 1.430703 0.000000,
0.762064 1.395169 0.000000,
0.738568 1.357776 0.000000,
0.717932 1.318731 0.000000,
0.700271 1.278253 0.000000,
0.685685 1.236568 0.000000,
0.674255 1.193910 0.000000,
0.666045 1.150517 0.000000,
0.661100 1.106632 0.000000,
0.659449 1.062500 0.000000,
0.661100 1.018368 0.000000,
0.666045 0.974483 0.000000,
0.674255 0.931090 0.000000,
0.685685 0.888432 0.000000,
0.700271 0.846747 0.000000,
0.717932 0.806269 0.000000,
0.738568 0.767224 0.000000,
0.762064 0.729831 0.000000,
0.788288 0.694297 0.000000,
0.817095 0.660823 0.000000,
0.848323 0.629595 0.000000,
0.881797 0.600788 0.000000,
0.917331 0.574564 0.000000,
0.954724 0.551068 0.000000,
0.993769 0.530432 0.000000,
1.034247 0.512771 0.000000,
1.075932 0.498185 0.000000,
1.118590 0.486755 0.000000,
1.161983 0.478545 0.000000,
1.205868 0.473600 0.000000,
1.250000 0.471949 0.000000,
1.294132 0.473600 0.000000,
1.338017 0.478545 0.000000,
1.381410 0.486755 0.000000,
1.424068 0.498185 0.000000,
1.465753 0.512771 0.000000,
1.506231 0.530432 0.000000,
1.545276 0.551068 0.000000,
1.582669 0.574564 0.000000,
1.618203 0.600788 0.000000,
1.651677 0.629595 0.000000,
1.682905 0.660823 0.000000,
1.711712 0.694297 0.000000,
1.737936 0.729831 0.000000,
1.761432 0.767224 0.000000,
1.782068 0.806269 0.000000,
1.799729 0.846747 0.000000,
1.814315 0.888432 0.000000,
1.825745 0.931090 0.000000,
1.833955 0.974483 0.000000,
1.838900 1.018368 0.000000 ] } coordIndex [ 3 1 0 -1,
3 2 1 -1,
7 5 4 -1,
7 6 5 -1,
11 9 8 -1,
11 10 9 -1,
70 71 16 -1,
72 16 71 -1,
69 70 16 -1,
73 16 72 -1,
68 69 16 -1,
74 16 73 -1,
67 16 15 -1,
67 68 16 -1,
75 16 74 -1,
66 67 15 -1,
76 16 75 -1,
65 66 15 -1,
77 16 76 -1,
64 65 15 -1,
78 16 77 -1,
63 64 15 -1,
79 16 78 -1,
62 63 15 -1,
80 16 79 -1,
61 62 15 -1,
81 16 80 -1,
60 61 15 -1,
59 60 15 -1,
58 59 15 -1,
17 16 81 -1,
17 81 82 -1,
17 82 83 -1,
57 58 15 -1,
84 17 83 -1,
56 57 15 -1,
85 17 84 -1,
55 56 15 -1,
86 17 85 -1,
54 55 15 -1,
87 17 86 -1,
53 54 15 -1,
88 17 87 -1,
89 17 88 -1,
90 17 89 -1,
91 17 90 -1,
92 17 91 -1,
93 17 92 -1,
94 17 93 -1,
95 17 94 -1,
14 42 43 -1,
14 43 44 -1,
14 44 45 -1,
14 45 46 -1,
14 46 47 -1,
14 47 48 -1,
14 48 49 -1,
14 49 50 -1,
14 50 51 -1,
14 51 52 -1,
14 52 53 -1,
14 53 15 -1,
41 42 14 -1,
40 41 14 -1,
39 40 14 -1,
12 18 19 -1,
12 19 20 -1,
12 20 21 -1,
12 21 22 -1,
12 22 23 -1,
12 23 24 -1,
12 24 25 -1,
12 95 96 -1,
12 96 97 -1,
12 97 98 -1,
12 98 99 -1,
12 99 100 -1,
12 100 101 -1,
12 101 18 -1,
12 17 95 -1,
13 39 14 -1,
13 25 26 -1,
13 26 27 -1,
13 27 28 -1,
13 28 29 -1,
13 29 30 -1,
13 30 31 -1,
13 31 32 -1,
13 32 33 -1,
13 33 34 -1,
13 34 35 -1,
13 35 36 -1,
13 36 37 -1,
13 37 38 -1,
13 38 39 -1,
13 12 25 -1,
160 106 161 -1,
162 161 106 -1,
159 106 160 -1,
163 162 106 -1,
158 106 159 -1,
164 163 106 -1,
157 105 106 -1,
157 106 158 -1,
165 164 106 -1,
156 105 157 -1,
166 165 106 -1,
155 105 156 -1,
167 166 106 -1,
154 105 155 -1,
168 167 106 -1,
153 105 154 -1,
169 168 106 -1,
152 105 153 -1,
170 169 106 -1,
151 105 152 -1,
171 170 106 -1,
150 105 151 -1,
149 105 150 -1,
148 105 149 -1,
107 171 106 -1,
107 172 171 -1,
107 173 172 -1,
147 105 148 -1,
174 173 107 -1,
146 105 147 -1,
175 174 107 -1,
145 105 146 -1,
176 175 107 -1,
144 105 145 -1,
177 176 107 -1,
143 105 144 -1,
178 177 107 -1,
179 178 107 -1,
180 179 107 -1,
181 180 107 -1,
182 181 107 -1,
183 182 107 -1,
184 183 107 -1,
185 184 107 -1,
104 133 132 -1,
104 134 133 -1,
104 135 134 -1,
104 136 135 -1,
104 137 136 -1,
104 138 137 -1,
104 139 138 -1,
104 140 139 -1,
104 141 140 -1,
104 142 141 -1,
104 143 142 -1,
104 105 143 -1,
131 104 132 -1,
130 104 131 -1,
129 104 130 -1,
102 109 108 -1,
102 110 109 -1,
102 111 110 -1,
102 112 111 -1,
102 113 112 -1,
102 114 113 -1,
102 115 114 -1,
102 186 185 -1,
102 187 186 -1,
102 188 187 -1,
102 189 188 -1,
102 190 189 -1,
102 191 190 -1,
102 108 191 -1,
102 185 107 -1,
103 104 129 -1,
103 116 115 -1,
103 117 116 -1,
103 118 117 -1,
103 119 118 -1,
103 120 119 -1,
103 121 120 -1,
103 122 121 -1,
103 123 122 -1,
103 124 123 -1,
103 125 124 -1,
103 126 125 -1,
103 127 126 -1,
103 128 127 -1,
103 129 128 -1,
103 115 102 -1,
195 193 192 -1,
195 194 193 -1,
199 197 196 -1,
199 198 197 -1,
203 201 200 -1,
203 202 201 -1,
291 204 205 -1,
291 205 206 -1,
291 206 207 -1,
292 207 208 -1,
292 291 207 -1,
293 292 208 -1,
294 208 209 -1,
294 293 208 -1,
295 209 210 -1,
295 294 209 -1,
296 210 211 -1,
296 295 210 -1,
297 211 212 -1,
297 296 211 -1,
298 297 212 -1,
298 212 213 -1,
298 213 214 -1,
299 298 214 -1,
300 214 215 -1,
300 299 214 -1,
301 215 216 -1,
301 300 215 -1,
302 216 217 -1,
302 217 218 -1,
302 301 216 -1,
303 302 218 -1,
304 218 219 -1,
304 303 218 -1,
305 219 220 -1,
305 304 219 -1,
306 220 221 -1,
306 221 222 -1,
306 305 220 -1,
307 306 222 -1,
308 222 223 -1,
308 307 222 -1,
309 223 224 -1,
309 308 223 -1,
310 224 225 -1,
310 309 224 -1,
311 225 226 -1,
311 226 227 -1,
311 310 225 -1,
312 227 228 -1,
312 311 227 -1,
313 312 228 -1,
314 228 229 -1,
314 313 228 -1,
315 229 230 -1,
315 314 229 -1,
316 230 231 -1,
316 315 230 -1,
317 231 232 -1,
317 316 231 -1,
318 232 233 -1,
318 233 234 -1,
318 317 232 -1,
319 318 234 -1,
320 234 235 -1,
320 235 236 -1,
320 319 234 -1,
321 320 236 -1,
322 321 236 -1,
322 236 237 -1,
322 237 238 -1,
323 322 238 -1,
324 323 238 -1,
324 238 239 -1,
325 324 239 -1,
325 239 240 -1,
326 325 240 -1,
326 240 241 -1,
326 241 242 -1,
327 326 242 -1,
328 327 242 -1,
328 242 243 -1,
328 243 244 -1,
329 328 244 -1,
330 329 244 -1,
330 244 245 -1,
331 330 245 -1,
331 245 246 -1,
332 331 246 -1,
332 246 247 -1,
332 247 248 -1,
333 248 249 -1,
333 332 248 -1,
334 333 249 -1,
335 249 250 -1,
335 334 249 -1,
336 250 251 -1,
336 251 252 -1,
336 335 250 -1,
337 336 252 -1,
338 252 253 -1,
338 337 252 -1,
339 253 254 -1,
339 338 253 -1,
340 254 255 -1,
340 339 254 -1,
341 255 256 -1,
341 340 255 -1,
342 256 257 -1,
342 341 256 -1,
343 257 258 -1,
343 258 259 -1,
343 342 257 -1,
344 343 259 -1,
345 259 260 -1,
345 344 259 -1,
346 260 261 -1,
346 345 260 -1,
347 261 262 -1,
347 262 263 -1,
347 346 261 -1,
348 347 263 -1,
349 348 263 -1,
349 263 264 -1,
350 349 264 -1,
350 264 265 -1,
351 350 265 -1,
351 265 266 -1,
351 266 267 -1,
352 351 267 -1,
352 267 268 -1,
353 352 268 -1,
353 268 269 -1,
354 353 269 -1,
354 269 270 -1,
355 354 270 -1,
356 355 270 -1,
356 270 271 -1,
357 356 271 -1,
357 271 272 -1,
357 272 273 -1,
358 357 273 -1,
359 358 273 -1,
359 273 274 -1,
360 359 274 -1,
360 274 275 -1,
361 360 275 -1,
361 275 276 -1,
362 361 276 -1,
362 276 277 -1,
363 362 277 -1,
363 277 278 -1,
363 278 279 -1,
364 363 279 -1,
365 364 279 -1,
365 279 280 -1,
365 280 281 -1,
366 365 281 -1,
367 366 281 -1,
367 281 282 -1,
368 282 283 -1,
368 367 282 -1,
369 283 284 -1,
369 368 283 -1,
370 284 285 -1,
370 369 284 -1,
371 285 286 -1,
371 370 285 -1,
372 286 287 -1,
372 371 286 -1,
373 372 287 -1,
373 287 288 -1,
290 373 288 -1,
290 288 289 -1 ] solid TRUE creaseAngle 0.5 } }
# provisional_screw_head_2
Shape { appearance Appearance { material Material { diffuseColor 0.84 0.84 0.78 } } geometry IndexedFaceSet { coord Coordinate { point [ 2.234252 1.062500 4.996063,
2.231500 1.136053 4.996063,
2.223259 1.209195 4.996063,
2.209575 1.281517 4.996063,
2.190524 1.352613 4.996063,
2.166214 1.422088 4.996063,
2.136780 1.489551 4.996063,
2.102387 1.554626 4.996063,
2.063227 1.616949 4.996063,
2.019519 1.676171 4.996063,
1.971508 1.731961 4.996063,
1.919461 1.784008 4.996063,
1.863671 1.832019 4.996063,
1.804449 1.875727 4.996063,
1.742126 1.914887 4.996063,
1.677051 1.949280 4.996063,
1.609588 1.978714 4.996063,
1.540113 2.003024 4.996063,
1.469017 2.022075 4.996063,
1.396695 2.035759 4.996063,
1.323553 2.044000 4.996063,
1.250000 2.046752 4.996063,
1.176447 2.044000 4.996063,
1.103305 2.035759 4.996063,
1.030983 2.022075 4.996063,
0.959887 2.003024 4.996063,
0.890412 1.978714 4.996063,
0.822949 1.949280 4.996063,
0.757874 1.914887 4.996063,
0.695551 1.875727 4.996063,
0.636329 1.832019 4.996063,
0.580539 1.784008 4.996063,
0.528492 1.731961 4.996063,
0.480481 1.676171 4.996063,
0.436773 1.616949 4.996063,
0.397613 1.554626 4.996063,
0.363220 1.489551 4.996063,
0.333786 1.422088 4.996063,
0.309476 1.352613 4.996063,
0.290425 1.281517 4.996063,
0.276741 1.209195 4.996063,
0.268500 1.136053 4.996063,
0.265748 1.062500 4.996063,
0.268500 0.988947 4.996063,
0.276741 0.915805 4.996063,
0.290425 0.843483 4.996063,
0.309476 0.772387 4.996063,
0.333786 0.702912 4.996063,
0.363220 0.635449 4.996063,
0.397613 0.570374 4.996063,
0.436773 0.508051 4.996063,
0.480481 0.448829 4.996063,
0.528492 0.393039 4.996063,
0.580539 0.340992 4.996063,
0.636329 0.292981 4.996063,
0.695551 0.249273 4.996063,
0.757874 0.210113 4.996063,
0.822949 0.175720 4.996063,
0.890412 0.146286 4.996063,
0.959887 0.121976 4.996063,
1.030983 0.102925 4.996063,
1.103305 0.089241 4.996063,
1.176447 0.081000 4.996063,
1.250000 0.078248 4.996063,
1.323553 0.081000 4.996063,
1.396695 0.089241 4.996063,
1.469017 0.102925 4.996063,
1.540113 0.121976 4.996063,
1.609588 0.146286 4.996063,
1.677051 0.175720 4.996063,
1.742126 0.210113 4.996063,
1.804449 0.249273 4.996063,
1.863671 0.292981 4.996063,
1.919461 0.340992 4.996063,
1.971508 0.393039 4.996063,
2.019519 0.448829 4.996063,
2.063227 0.508051 4.996063,
2.102387 0.570374 4.996063,
2.136780 0.635449 4.996063,
2.166214 0.702912 4.996063,
2.190524 0.772387 4.996063,
2.209575 0.843483 4.996063,
2.223259 0.915805 4.996063,
2.231500 0.988947 4.996063,
2.234252 1.062500 4.996063,
2.234252 1.062500 5.448819,
2.221572 1.219980 5.448819,
2.228610 1.167739 5.448819,
2.232840 1.115195 5.448819,
2.221572 1.219980 5.704724,
2.207221 1.291587 5.704724,
2.187599 1.361932 5.704724,
2.162816 1.430629 5.704724,
2.133007 1.497299 5.704724,
2.098337 1.561575 5.704724,
2.058996 1.623104 5.704724,
2.015202 1.681546 5.704724,
1.967194 1.736580 5.704724,
1.915238 1.787903 5.704724,
1.859620 1.835233 5.704724,
1.800645 1.878307 5.704724,
1.738639 1.916891 5.704724,
1.673942 1.950771 5.704724,
1.606912 1.979760 5.704724,
1.537916 2.003699 5.704724,
1.467336 2.022457 5.704724,
1.395559 2.035929 5.704724,
1.322980 2.044043 5.704724,
1.250000 2.046752 5.704724,
1.177020 2.044043 5.704724,
1.104441 2.035929 5.704724,
1.032664 2.022457 5.704724,
0.962084 2.003699 5.704724,
0.893088 1.979760 5.704724,
0.826058 1.950771 5.704724,
0.761361 1.916891 5.704724,
0.699355 1.878307 5.704724,
0.640380 1.835233 5.704724,
0.584762 1.787903 5.704724,
0.532806 1.736580 5.704724,
0.484798 1.681546 5.704724,
0.441004 1.623104 5.704724,
0.401663 1.561575 5.704724,
0.366993 1.497299 5.704724,
0.337184 1.430629 5.704724,
0.312401 1.361932 5.704724,
0.292779 1.291587 5.704724,
0.278428 1.219980 5.704724,
0.278428 1.219980 5.448819,
0.278428 0.905020 5.448819,
0.270319 0.967751 5.448819,
0.266256 1.030873 5.448819,
0.266256 1.094127 5.448819,
0.270319 1.157249 5.448819,
0.278428 0.905020 5.704724,
0.292779 0.833413 5.704724,
0.312401 0.763068 5.704724,
0.337184 0.694371 5.704724,
0.366993 0.627701 5.704724,
0.401663 0.563425 5.704724,
0.441004 0.501896 5.704724,
0.484798 0.443454 5.704724,
0.532806 0.388420 5.704724,
0.584762 0.337097 5.704724,
0.640380 0.289767 5.704724,
0.699355 0.246693 5.704724,
0.761361 0.208109 5.704724,
0.826058 0.174229 5.704724,
0.893088 0.145240 5.704724,
0.962084 0.121301 5.704724,
1.032664 0.102543 5.704724,
1.104441 0.089071 5.704724,
1.177020 0.080957 5.704724,
1.250000 0.078248 5.704724,
1.322980 0.080957 5.704724,
1.395559 0.089071 5.704724,
1.467336 0.102543 5.704724,
1.537916 0.121301 5.704724,
1.606912 0.145240 5.704724,
1.673942 0.174229 5.704724,
1.738639 0.208109 5.704724,
1.800645 0.246693 5.704724,
1.859620 0.289767 5.704724,
1.915238 0.337097 5.704724,
1.967194 0.388420 5.704724,
2.015202 0.443454 5.704724,
2.058996 0.501896 5.704724,
2.098337 0.563425 5.704724,
2.133007 0.627701 5.704724,
2.162816 0.694371 5.704724,
2.187599 0.763068 5.704724,
2.207221 0.833413 5.704724,
2.221572 0.905020 5.704724,
2.221572 0.905020 5.448819,
2.234252 1.062500 5.448819,
2.232840 1.009805 5.448819,
2.228610 0.957261 5.448819,
2.234252 1.062500 4.996063,
2.231500 1.136053 4.996063,
2.223259 1.209195 4.996063,
2.209575 1.281517 4.996063,
2.190524 1.352613 4.996063,
2.166214 1.422088 4.996063,
2.136780 1.489551 4.996063,
2.102387 1.554626 4.996063,
2.063227 1.616949 4.996063,
2.019519 1.676171 4.996063,
1.971508 1.731961 4.996063,
1.919461 1.784008 4.996063,
1.863671 1.832019 4.996063,
1.804449 1.875727 4.996063,
1.742126 1.914887 4.996063,
1.677051 1.949280 4.996063,
1.609588 1.978714 4.996063,
1.540113 2.003024 4.996063,
1.469017 2.022075 4.996063,
1.396695 2.035759 4.996063,
1.323553 2.044000 4.996063,
1.250000 2.046752 4.996063,
1.176447 2.044000 4.996063,
1.103305 2.035759 4.996063,
1.030983 2.022075 4.996063,
0.959887 2.003024 4.996063,
0.890412 1.978714 4.996063,
0.822949 1.949280 4.996063,
0.757874 1.914887 4.996063,
0.695551 1.875727 4.996063,
0.636329 1.832019 4.996063,
0.580539 1.784008 4.996063,
0.528492 1.731961 4.996063,
0.480481 1.676171 4.996063,
0.436773 1.616949 4.996063,
0.397613 1.554626 4.996063,
0.363220 1.489551 4.996063,
0.333786 1.422088 4.996063,
0.309476 1.352613 4.996063,
0.290425 1.281517 4.996063,
0.276741 1.209195 4.996063,
0.268500 1.136053 4.996063,
0.265748 1.062500 4.996063,
0.268500 0.988947 4.996063,
0.276741 0.915805 4.996063,
0.290425 0.843483 4.996063,
0.309476 0.772387 4.996063,
0.333786 0.702912 4.996063,
0.363220 0.635449 4.996063,
0.397613 0.570374 4.996063,
0.436773 0.508051 4.996063,
0.480481 0.448829 4.996063,
0.528492 0.393039 4.996063,
0.580539 0.340992 4.996063,
0.636329 0.292981 4.996063,
0.695551 0.249273 4.996063,
0.757874 0.210113 4.996063,
0.822949 0.175720 4.996063,
0.890412 0.146286 4.996063,
0.959887 0.121976 4.996063,
1.030983 0.102925 4.996063,
1.103305 0.089241 4.996063,
1.176447 0.081000 4.996063,
1.250000 0.078248 4.996063,
1.323553 0.081000 4.996063,
1.396695 0.089241 4.996063,
1.469017 0.102925 4.996063,
1.540113 0.121976 4.996063,
1.609588 0.146286 4.996063,
1.677051 0.175720 4.996063,
1.742126 0.210113 4.996063,
1.804449 0.249273 4.996063,
1.863671 0.292981 4.996063,
1.919461 0.340992 4.996063,
1.971508 0.393039 4.996063,
2.019519 0.448829 4.996063,
2.063227 0.508051 4.996063,
2.102387 0.570374 4.996063,
2.136780 0.635449 4.996063,
2.166214 0.702912 4.996063,
2.190524 0.772387 4.996063,
2.209575 0.843483 4.996063,
2.223259 0.915805 4.996063,
2.231500 0.988947 4.996063,
0.278428 1.219980 5.448819,
2.221572 1.219980 5.448819,
0.278428 0.905020 5.448819,
0.270319 0.967751 5.448819,
0.266256 1.030873 5.448819,
0.266256 1.094127 5.448819,
0.270319 1.157249 5.448819,
2.221572 0.905020 5.448819,
2.234252 1.062500 5.448819,
2.232840 1.009805 5.448819,
2.228610 0.957261 5.448819,
2.228610 1.167739 5.448819,
2.232840 1.115195 5.448819,
0.278428 0.905020 5.448819,
2.221572 0.905020 5.448819,
0.278428 0.905020 5.704724,
2.221572 0.905020 5.704724,
0.278428 0.905020 5.704724,
0.292779 0.833413 5.704724,
0.312401 0.763068 5.704724,
0.337184 0.694371 5.704724,
0.366993 0.627701 5.704724,
0.401663 0.563425 5.704724,
0.441004 0.501896 5.704724,
0.484798 0.443454 5.704724,
0.532806 0.388420 5.704724,
0.584762 0.337097 5.704724,
0.640380 0.289767 5.704724,
0.699355 0.246693 5.704724,
0.761361 0.208109 5.704724,
0.826058 0.174229 5.704724,
0.893088 0.145240 5.704724,
0.962084 0.121301 5.704724,
1.032664 0.102543 5.704724,
1.104441 0.089071 5.704724,
1.177020 0.080957 5.704724,
1.250000 0.078248 5.704724,
1.322980 0.080957 5.704724,
1.395559 0.089071 5.704724,
1.467336 0.102543 5.704724,
1.537916 0.121301 5.704724,
1.606912 0.145240 5.704724,
1.673942 0.174229 5.704724,
1.738639 0.208109 5.704724,
1.800645 0.246693 5.704724,
1.859620 0.289767 5.704724,
1.915238 0.337097 5.704724,
1.967194 0.388420 5.704724,
2.015202 0.443454 5.704724,
2.058996 0.501896 5.704724,
2.098337 0.563425 5.704724,
2.133007 0.627701 5.704724,
2.162816 0.694371 5.704724,
2.187599 0.763068 5.704724,
2.207221 0.833413 5.704724,
2.221572 0.905020 5.704724,
0.278428 1.219980 5.448819,
2.221572 1.219980 5.448819,
0.278428 1.219980 5.704724,
2.221572 1.219980 5.704724,
2.221572 1.219980 5.704724,
0.278428 1.219980 5.704724,
2.207221 1.291587 5.704724,
2.187599 1.361932 5.704724,
2.162816 1.430629 5.704724,
2.133007 1.497299 5.704724,
2.098337 1.561575 5.704724,
2.058996 1.623104 5.704724,
2.015202 1.681546 5.704724,
1.967194 1.736580 5.704724,
1.915238 1.787903 5.704724,
1.859620 1.835233 5.704724,
1.800645 1.878307 5.704724,
1.738639 1.916891 5.704724,
1.673942 1.950771 5.704724,
1.606912 1.979760 5.704724,
1.537916 2.003699 5.704724,
1.467336 2.022457 5.704724,
1.395559 2.035929 5.704724,
1.322980 2.044043 5.704724,
1.250000 2.046752 5.704724,
1.177020 2.044043 5.704724,
1.104441 2.035929 5.704724,
1.032664 2.022457 5.704724,
0.962084 2.003699 5.704724,
0.893088 1.979760 5.704724,
0.826058 1.950771 5.704724,
0.761361 1.916891 5.704724,
0.699355 1.878307 5.704724,
0.640380 1.835233 5.704724,
0.584762 1.787903 5.704724,
0.532806 1.736580 5.704724,
0.484798 1.681546 5.704724,
0.441004 1.623104 5.704724,
0.401663 1.561575 5.704724,
0.366993 1.497299 5.704724,
0.337184 1.430629 5.704724,
0.312401 1.361932 5.704724,
0.292779 1.291587 5.704724 ] } coordIndex [ 0 88 85 -1,
1 88 0 -1,
1 87 88 -1,
90 89 86 -1,
2 86 87 -1,
2 87 1 -1,
3 90 86 -1,
3 86 2 -1,
4 91 90 -1,
4 90 3 -1,
5 91 4 -1,
5 92 91 -1,
6 92 5 -1,
6 93 92 -1,
7 93 6 -1,
7 94 93 -1,
8 94 7 -1,
8 95 94 -1,
9 95 8 -1,
9 96 95 -1,
10 96 9 -1,
10 97 96 -1,
11 97 10 -1,
11 98 97 -1,
12 98 11 -1,
12 99 98 -1,
13 99 12 -1,
13 100 99 -1,
14 101 100 -1,
14 100 13 -1,
15 102 101 -1,
15 101 14 -1,
16 103 102 -1,
16 102 15 -1,
17 104 103 -1,
17 103 16 -1,
18 105 104 -1,
18 104 17 -1,
19 106 105 -1,
19 105 18 -1,
20 107 106 -1,
20 106 19 -1,
21 108 107 -1,
21 109 108 -1,
21 107 20 -1,
22 110 109 -1,
22 109 21 -1,
23 111 110 -1,
23 110 22 -1,
24 112 111 -1,
24 111 23 -1,
25 113 112 -1,
25 112 24 -1,
26 114 113 -1,
26 113 25 -1,
27 115 114 -1,
27 114 26 -1,
28 116 115 -1,
28 115 27 -1,
29 117 116 -1,
29 116 28 -1,
30 117 29 -1,
30 118 117 -1,
31 118 30 -1,
31 119 118 -1,
32 119 31 -1,
32 120 119 -1,
33 120 32 -1,
33 121 120 -1,
34 122 121 -1,
34 121 33 -1,
35 123 122 -1,
35 122 34 -1,
36 124 123 -1,
36 123 35 -1,
37 125 124 -1,
37 124 36 -1,
38 126 125 -1,
38 125 37 -1,
128 127 126 -1,
39 126 38 -1,
39 128 126 -1,
40 133 128 -1,
40 128 39 -1,
41 132 133 -1,
41 133 40 -1,
42 131 132 -1,
42 132 41 -1,
43 130 131 -1,
43 131 42 -1,
135 134 129 -1,
44 129 130 -1,
44 130 43 -1,
45 129 44 -1,
45 135 129 -1,
46 136 135 -1,
46 135 45 -1,
47 137 136 -1,
47 136 46 -1,
48 138 137 -1,
48 137 47 -1,
49 139 138 -1,
49 138 48 -1,
50 140 139 -1,
50 139 49 -1,
51 141 140 -1,
51 140 50 -1,
52 142 141 -1,
52 141 51 -1,
53 143 142 -1,
53 142 52 -1,
54 143 53 -1,
54 144 143 -1,
55 144 54 -1,
55 145 144 -1,
56 145 55 -1,
56 146 145 -1,
57 146 56 -1,
57 147 146 -1,
58 147 57 -1,
58 148 147 -1,
59 148 58 -1,
59 149 148 -1,
60 149 59 -1,
60 150 149 -1,
61 150 60 -1,
61 151 150 -1,
62 151 61 -1,
62 152 151 -1,
63 152 62 -1,
63 153 152 -1,
63 154 153 -1,
64 154 63 -1,
64 155 154 -1,
65 155 64 -1,
65 156 155 -1,
66 156 65 -1,
66 157 156 -1,
67 157 66 -1,
67 158 157 -1,
68 159 158 -1,
68 158 67 -1,
69 160 159 -1,
69 159 68 -1,
70 161 160 -1,
70 160 69 -1,
71 162 161 -1,
71 161 70 -1,
72 163 162 -1,
72 162 71 -1,
73 164 163 -1,
73 163 72 -1,
74 165 164 -1,
74 164 73 -1,
75 166 165 -1,
75 165 74 -1,
76 167 166 -1,
76 166 75 -1,
77 168 167 -1,
77 167 76 -1,
78 168 77 -1,
78 169 168 -1,
79 169 78 -1,
79 170 169 -1,
80 170 79 -1,
80 171 170 -1,
173 172 171 -1,
81 171 80 -1,
81 173 171 -1,
82 173 81 -1,
82 176 173 -1,
83 176 82 -1,
83 175 176 -1,
84 175 83 -1,
84 174 175 -1,
225 227 226 -1,
236 233 232 -1,
236 234 233 -1,
236 235 234 -1,
220 227 225 -1,
220 222 221 -1,
220 223 222 -1,
220 224 223 -1,
220 225 224 -1,
220 228 227 -1,
220 229 228 -1,
243 239 238 -1,
243 240 239 -1,
243 241 240 -1,
243 242 241 -1,
216 218 217 -1,
216 219 218 -1,
213 215 214 -1,
246 245 244 -1,
247 246 244 -1,
248 247 244 -1,
248 244 243 -1,
210 212 211 -1,
210 213 212 -1,
249 248 243 -1,
209 216 215 -1,
209 215 213 -1,
209 220 219 -1,
209 230 229 -1,
209 231 230 -1,
209 213 210 -1,
209 229 220 -1,
209 219 216 -1,
251 250 249 -1,
206 208 207 -1,
206 209 208 -1,
253 252 251 -1,
204 206 205 -1,
255 251 249 -1,
255 243 238 -1,
255 249 243 -1,
255 238 237 -1,
255 254 253 -1,
255 253 251 -1,
203 206 204 -1,
201 203 202 -1,
201 209 206 -1,
201 206 203 -1,
259 256 255 -1,
259 257 256 -1,
259 258 257 -1,
197 199 198 -1,
197 200 199 -1,
197 201 200 -1,
197 209 201 -1,
178 260 259 -1,
178 177 260 -1,
195 197 196 -1,
181 180 179 -1,
182 179 178 -1,
182 178 259 -1,
182 181 179 -1,
193 195 194 -1,
193 197 195 -1,
184 183 182 -1,
184 192 191 -1,
184 193 192 -1,
184 209 197 -1,
184 182 259 -1,
184 197 193 -1,
184 231 209 -1,
184 232 231 -1,
184 237 236 -1,
184 255 237 -1,
184 236 232 -1,
184 259 255 -1,
189 191 190 -1,
187 185 184 -1,
187 186 185 -1,
187 189 188 -1,
187 191 189 -1,
187 184 191 -1,
267 264 263 -1,
267 265 264 -1,
267 266 265 -1,
269 271 270 -1,
262 261 267 -1,
262 263 268 -1,
262 268 271 -1,
262 273 272 -1,
262 269 273 -1,
262 267 263 -1,
262 271 269 -1,
277 275 274 -1,
277 274 276 -1,
290 288 289 -1,
282 283 284 -1,
282 284 285 -1,
282 285 286 -1,
282 286 287 -1,
280 281 282 -1,
278 279 280 -1,
278 280 282 -1,
295 287 288 -1,
295 290 291 -1,
295 291 292 -1,
295 292 293 -1,
295 293 294 -1,
295 288 290 -1,
295 282 287 -1,
295 278 282 -1,
297 295 296 -1,
300 297 298 -1,
300 298 299 -1,
303 301 302 -1,
305 303 304 -1,
308 305 306 -1,
308 306 307 -1,
308 303 305 -1,
309 303 308 -1,
311 309 310 -1,
311 301 303 -1,
311 303 309 -1,
312 301 311 -1,
314 312 313 -1,
314 301 312 -1,
316 301 314 -1,
316 300 301 -1,
316 314 315 -1,
316 278 295 -1,
316 295 297 -1,
316 297 300 -1,
320 317 318 -1,
320 319 317 -1,
358 359 322 -1,
356 357 358 -1,
356 358 322 -1,
351 352 353 -1,
348 349 350 -1,
348 350 351 -1,
348 351 353 -1,
345 346 347 -1,
345 347 348 -1,
341 342 343 -1,
339 340 341 -1,
337 338 339 -1,
337 343 344 -1,
337 344 345 -1,
337 339 341 -1,
337 341 343 -1,
325 321 323 -1,
325 323 324 -1,
332 333 334 -1,
332 334 335 -1,
332 335 336 -1,
332 336 337 -1,
332 345 348 -1,
332 337 345 -1,
329 325 326 -1,
329 326 327 -1,
329 327 328 -1,
331 322 321 -1,
331 332 348 -1,
331 353 354 -1,
331 354 355 -1,
331 355 356 -1,
331 356 322 -1,
331 348 353 -1,
331 321 325 -1,
330 331 325 -1,
330 325 329 -1 ] solid TRUE creaseAngle 0.5 } }
# KiCad_standard_PinSocket_body
Shape { appearance Appearance { material Material { diffuseColor 0.09 0.09 0.1 } } geometry IndexedFaceSet { coord Coordinate { point [ 7.312500 1.562500 0.000000,
7.312500 1.562500 3.346457,
2.312500 1.562500 3.346457,
2.312500 1.562500 0.000000,
7.312500 0.562500 0.000000,
7.312500 0.729167 0.000000,
7.312500 0.562500 3.346457,
7.312500 1.562500 3.346457,
7.312500 1.562500 0.000000,
7.312500 1.395833 0.000000,
7.312500 1.395833 0.078740,
7.312500 0.729167 0.078740,
7.312500 1.562500 3.346457,
2.312500 1.562500 3.346457,
2.312500 0.562500 3.346457,
7.312500 0.562500 3.346457,
7.048720 1.298720 3.346457,
6.576280 1.298720 3.346457,
7.048720 0.826280 3.346457,
6.576280 0.826280 3.346457,
6.048720 1.298720 3.346457,
5.576280 1.298720 3.346457,
6.048720 0.826280 3.346457,
5.576280 0.826280 3.346457,
5.048720 1.298720 3.346457,
4.576280 1.298720 3.346457,
5.048720 0.826280 3.346457,
4.576280 0.826280 3.346457,
4.048720 1.298720 3.346457,
3.576280 1.298720 3.346457,
4.048720 0.826280 3.346457,
3.576280 0.826280 3.346457,
3.048720 1.298720 3.346457,
2.576280 1.298720 3.346457,
3.048720 0.826280 3.346457,
2.576280 0.826280 3.346457,
2.312500 1.562500 0.000000,
2.312500 1.395833 0.000000,
2.312500 1.562500 3.346457,
2.312500 0.562500 3.346457,
2.312500 0.562500 0.000000,
2.312500 0.729167 0.000000,
2.312500 0.729167 0.078740,
2.312500 1.395833 0.078740,
7.312500 1.395833 0.000000,
7.312500 1.562500 0.000000,
2.312500 1.562500 0.000000,
2.312500 1.395833 0.000000,
7.312500 0.562500 0.000000,
7.312500 0.729167 0.000000,
2.312500 0.729167 0.000000,
2.312500 0.562500 0.000000,
2.312500 0.562500 0.000000,
2.312500 0.562500 3.346457,
7.312500 0.562500 3.346457,
7.312500 0.562500 0.000000,
7.312500 1.395833 0.000000,
7.312500 1.395833 0.078740,
2.312500 1.395833 0.078740,
2.312500 1.395833 0.000000,
7.312500 1.395833 0.078740,
2.312500 1.395833 0.078740,
2.312500 0.729167 0.078740,
7.312500 0.729167 0.078740,
6.989665 1.023130 0.078740,
6.989665 1.101870 0.078740,
6.930610 1.023130 0.078740,
6.694390 1.023130 0.078740,
6.635335 1.023130 0.078740,
6.635335 1.101870 0.078740,
6.694390 1.101870 0.078740,
6.930610 1.101870 0.078740,
5.989665 1.023130 0.078740,
5.989665 1.101870 0.078740,
5.930610 1.023130 0.078740,
5.694390 1.023130 0.078740,
5.635335 1.023130 0.078740,
5.635335 1.101870 0.078740,
5.694390 1.101870 0.078740,
5.930610 1.101870 0.078740,
4.989665 1.023130 0.078740,
4.989665 1.101870 0.078740,
4.930610 1.023130 0.078740,
4.694390 1.023130 0.078740,
4.635335 1.023130 0.078740,
4.635335 1.101870 0.078740,
4.694390 1.101870 0.078740,
4.930610 1.101870 0.078740,
3.989665 1.023130 0.078740,
3.989665 1.101870 0.078740,
3.930610 1.023130 0.078740,
3.694390 1.023130 0.078740,
3.635335 1.023130 0.078740,
3.635335 1.101870 0.078740,
3.694390 1.101870 0.078740,
3.930610 1.101870 0.078740,
2.989665 1.023130 0.078740,
2.989665 1.101870 0.078740,
2.930610 1.023130 0.078740,
2.694390 1.023130 0.078740,
2.635335 1.023130 0.078740,
2.635335 1.101870 0.078740,
2.694390 1.101870 0.078740,
2.930610 1.101870 0.078740,
2.312500 0.729167 0.000000,
2.312500 0.729167 0.078740,
7.312500 0.729167 0.078740,
7.312500 0.729167 0.000000,
7.048720 1.298720 3.346457,
6.930610 1.180610 3.228346,
6.576280 1.298720 3.346457,
6.694390 1.180610 3.228346,
7.048720 0.826280 3.346457,
6.930610 0.944390 3.228346,
7.048720 1.298720 3.346457,
6.930610 1.180610 3.228346,
6.576280 0.826280 3.346457,
6.694390 0.944390 3.228346,
7.048720 0.826280 3.346457,
6.930610 0.944390 3.228346,
6.576280 1.298720 3.346457,
6.694390 1.180610 3.228346,
6.576280 0.826280 3.346457,
6.694390 0.944390 3.228346,
6.048720 1.298720 3.346457,
5.930610 1.180610 3.228346,
5.576280 1.298720 3.346457,
5.694390 1.180610 3.228346,
6.048720 0.826280 3.346457,
5.930610 0.944390 3.228346,
6.048720 1.298720 3.346457,
5.930610 1.180610 3.228346,
5.576280 0.826280 3.346457,
5.694390 0.944390 3.228346,
6.048720 0.826280 3.346457,
5.930610 0.944390 3.228346,
5.576280 1.298720 3.346457,
5.694390 1.180610 3.228346,
5.576280 0.826280 3.346457,
5.694390 0.944390 3.228346,
5.048720 1.298720 3.346457,
4.930610 1.180610 3.228346,
4.576280 1.298720 3.346457,
4.694390 1.180610 3.228346,
5.048720 0.826280 3.346457,
4.930610 0.944390 3.228346,
5.048720 1.298720 3.346457,
4.930610 1.180610 3.228346,
4.576280 0.826280 3.346457,
4.694390 0.944390 3.228346,
5.048720 0.826280 3.346457,
4.930610 0.944390 3.228346,
4.576280 1.298720 3.346457,
4.694390 1.180610 3.228346,
4.576280 0.826280 3.346457,
4.694390 0.944390 3.228346,
4.048720 1.298720 3.346457,
3.930610 1.180610 3.228346,
3.576280 1.298720 3.346457,
3.694390 1.180610 3.228346,
4.048720 0.826280 3.346457,
3.930610 0.944390 3.228346,
4.048720 1.298720 3.346457,
3.930610 1.180610 3.228346,
3.576280 0.826280 3.346457,
3.694390 0.944390 3.228346,
4.048720 0.826280 3.346457,
3.930610 0.944390 3.228346,
3.576280 1.298720 3.346457,
3.694390 1.180610 3.228346,
3.576280 0.826280 3.346457,
3.694390 0.944390 3.228346,
3.048720 1.298720 3.346457,
2.930610 1.180610 3.228346,
2.576280 1.298720 3.346457,
2.694390 1.180610 3.228346,
3.048720 0.826280 3.346457,
2.930610 0.944390 3.228346,
3.048720 1.298720 3.346457,
2.930610 1.180610 3.228346,
2.576280 0.826280 3.346457,
2.694390 0.944390 3.228346,
3.048720 0.826280 3.346457,
2.930610 0.944390 3.228346,
2.576280 1.298720 3.346457,
2.694390 1.180610 3.228346,
2.576280 0.826280 3.346457,
2.694390 0.944390 3.228346,
6.989665 1.023130 0.078740,
6.989665 1.101870 0.078740,
6.930610 1.023130 0.078740,
6.930610 1.101870 0.078740,
6.930610 1.023130 0.000000,
6.694390 1.023130 0.000000,
6.930610 1.023130 0.078740,
6.694390 1.023130 0.078740,
6.694390 1.023130 0.078740,
6.694390 1.101870 0.078740,
6.635335 1.023130 0.078740,
6.635335 1.101870 0.078740,
6.930610 1.101870 0.000000,
6.694390 1.101870 0.000000,
6.930610 1.101870 0.078740,
6.694390 1.101870 0.078740,
5.989665 1.023130 0.078740,
5.989665 1.101870 0.078740,
5.930610 1.023130 0.078740,
5.930610 1.101870 0.078740,
5.930610 1.023130 0.000000,
5.694390 1.023130 0.000000,
5.930610 1.023130 0.078740,
5.694390 1.023130 0.078740,
5.694390 1.023130 0.078740,
5.694390 1.101870 0.078740,
5.635335 1.023130 0.078740,
5.635335 1.101870 0.078740,
5.930610 1.101870 0.000000,
5.694390 1.101870 0.000000,
5.930610 1.101870 0.078740,
5.694390 1.101870 0.078740,
4.989665 1.023130 0.078740,
4.989665 1.101870 0.078740,
4.930610 1.023130 0.078740,
4.930610 1.101870 0.078740,
4.930610 1.023130 0.000000,
4.694390 1.023130 0.000000,
4.930610 1.023130 0.078740,
4.694390 1.023130 0.078740,
4.694390 1.023130 0.078740,
4.694390 1.101870 0.078740,
4.635335 1.023130 0.078740,
4.635335 1.101870 0.078740,
4.930610 1.101870 0.000000,
4.694390 1.101870 0.000000,
4.930610 1.101870 0.078740,
4.694390 1.101870 0.078740,
3.989665 1.023130 0.078740,
3.989665 1.101870 0.078740,
3.930610 1.023130 0.078740,
3.930610 1.101870 0.078740,
3.930610 1.023130 0.000000,
3.694390 1.023130 0.000000,
3.930610 1.023130 0.078740,
3.694390 1.023130 0.078740,
3.694390 1.023130 0.078740,
3.694390 1.101870 0.078740,
3.635335 1.023130 0.078740,
3.635335 1.101870 0.078740,
3.930610 1.101870 0.000000,
3.694390 1.101870 0.000000,
3.930610 1.101870 0.078740,
3.694390 1.101870 0.078740,
2.989665 1.023130 0.078740,
2.989665 1.101870 0.078740,
2.930610 1.023130 0.078740,
2.930610 1.101870 0.078740,
2.930610 1.023130 0.000000,
2.694390 1.023130 0.000000,
2.930610 1.023130 0.078740,
2.694390 1.023130 0.078740,
2.694390 1.023130 0.078740,
2.694390 1.101870 0.078740,
2.635335 1.023130 0.078740,
2.635335 1.101870 0.078740,
2.930610 1.101870 0.000000,
2.694390 1.101870 0.000000,
2.930610 1.101870 0.078740,
2.694390 1.101870 0.078740,
6.930610 1.180610 3.228346,
6.930610 1.180610 0.354331,
6.694390 1.180610 0.354331,
6.694390 1.180610 3.228346,
6.930610 0.944390 3.228346,
6.930610 1.180610 3.228346,
6.930610 0.944390 0.354331,
6.930610 1.023130 0.354331,
6.930610 1.023130 2.913386,
6.930610 1.101870 2.913386,
6.930610 1.101870 0.354331,
6.930610 1.180610 0.354331,
6.694390 0.944390 3.228346,
6.694390 0.944390 0.354331,
6.930610 0.944390 0.354331,
6.930610 0.944390 3.228346,
6.694390 1.180610 3.228346,
6.694390 0.944390 3.228346,
6.694390 1.180610 0.354331,
6.694390 1.101870 0.354331,
6.694390 1.101870 2.913386,
6.694390 1.023130 2.913386,
6.694390 1.023130 0.354331,
6.694390 0.944390 0.354331,
5.930610 1.180610 3.228346,
5.930610 1.180610 0.354331,
5.694390 1.180610 0.354331,
5.694390 1.180610 3.228346,
5.930610 0.944390 3.228346,
5.930610 1.180610 3.228346,
5.930610 0.944390 0.354331,
5.930610 1.023130 0.354331,
5.930610 1.023130 2.913386,
5.930610 1.101870 2.913386,
5.930610 1.101870 0.354331,
5.930610 1.180610 0.354331,
5.694390 0.944390 3.228346,
5.694390 0.944390 0.354331,
5.930610 0.944390 0.354331,
5.930610 0.944390 3.228346,
5.694390 1.180610 3.228346,
5.694390 0.944390 3.228346,
5.694390 1.180610 0.354331,
5.694390 1.101870 0.354331,
5.694390 1.101870 2.913386,
5.694390 1.023130 2.913386,
5.694390 1.023130 0.354331,
5.694390 0.944390 0.354331,
4.930610 1.180610 3.228346,
4.930610 1.180610 0.354331,
4.694390 1.180610 0.354331,
4.694390 1.180610 3.228346,
4.930610 0.944390 3.228346,
4.930610 1.180610 3.228346,
4.930610 0.944390 0.354331,
4.930610 1.023130 0.354331,
4.930610 1.023130 2.913386,
4.930610 1.101870 2.913386,
4.930610 1.101870 0.354331,
4.930610 1.180610 0.354331,
4.694390 0.944390 3.228346,
4.694390 0.944390 0.354331,
4.930610 0.944390 0.354331,
4.930610 0.944390 3.228346,
4.694390 1.180610 3.228346,
4.694390 0.944390 3.228346,
4.694390 1.180610 0.354331,
4.694390 1.101870 0.354331,
4.694390 1.101870 2.913386,
4.694390 1.023130 2.913386,
4.694390 1.023130 0.354331,
4.694390 0.944390 0.354331,
3.930610 1.180610 3.228346,
3.930610 1.180610 0.354331,
3.694390 1.180610 0.354331,
3.694390 1.180610 3.228346,
3.930610 0.944390 3.228346,
3.930610 1.180610 3.228346,
3.930610 0.944390 0.354331,
3.930610 1.023130 0.354331,
3.930610 1.023130 2.913386,
3.930610 1.101870 2.913386,
3.930610 1.101870 0.354331,
3.930610 1.180610 0.354331,
3.694390 0.944390 3.228346,
3.694390 0.944390 0.354331,
3.930610 0.944390 0.354331,
3.930610 0.944390 3.228346,
3.694390 1.180610 3.228346,
3.694390 0.944390 3.228346,
3.694390 1.180610 0.354331,
3.694390 1.101870 0.354331,
3.694390 1.101870 2.913386,
3.694390 1.023130 2.913386,
3.694390 1.023130 0.354331,
3.694390 0.944390 0.354331,
2.930610 1.180610 3.228346,
2.930610 1.180610 0.354331,
2.694390 1.180610 0.354331,
2.694390 1.180610 3.228346,
2.930610 0.944390 3.228346,
2.930610 1.180610 3.228346,
2.930610 0.944390 0.354331,
2.930610 1.023130 0.354331,
2.930610 1.023130 2.913386,
2.930610 1.101870 2.913386,
2.930610 1.101870 0.354331,
2.930610 1.180610 0.354331,
2.694390 0.944390 3.228346,
2.694390 0.944390 0.354331,
2.930610 0.944390 0.354331,
2.930610 0.944390 3.228346,
2.694390 1.180610 3.228346,
2.694390 0.944390 3.228346,
2.694390 1.180610 0.354331,
2.694390 1.101870 0.354331,
2.694390 1.101870 2.913386,
2.694390 1.023130 2.913386,
2.694390 1.023130 0.354331,
2.694390 0.944390 0.354331,
6.930610 1.023130 0.000000,
6.930610 1.023130 0.078740,
6.930610 1.101870 0.000000,
6.930610 1.101870 0.078740,
6.930610 1.101870 0.000000,
6.930610 1.023130 0.000000,
6.694390 1.101870 0.000000,
6.694390 1.023130 0.000000,
6.694390 1.023130 0.078740,
6.694390 1.023130 0.000000,
6.694390 1.101870 0.078740,
6.694390 1.101870 0.000000,
5.930610 1.023130 0.000000,
5.930610 1.023130 0.078740,
5.930610 1.101870 0.000000,
5.930610 1.101870 0.078740,
5.930610 1.101870 0.000000,
5.930610 1.023130 0.000000,
5.694390 1.101870 0.000000,
5.694390 1.023130 0.000000,
5.694390 1.023130 0.078740,
5.694390 1.023130 0.000000,
5.694390 1.101870 0.078740,
5.694390 1.101870 0.000000,
4.930610 1.023130 0.000000,
4.930610 1.023130 0.078740,
4.930610 1.101870 0.000000,
4.930610 1.101870 0.078740,
4.930610 1.101870 0.000000,
4.930610 1.023130 0.000000,
4.694390 1.101870 0.000000,
4.694390 1.023130 0.000000,
4.694390 1.023130 0.078740,
4.694390 1.023130 0.000000,
4.694390 1.101870 0.078740,
4.694390 1.101870 0.000000,
3.930610 1.023130 0.000000,
3.930610 1.023130 0.078740,
3.930610 1.101870 0.000000,
3.930610 1.101870 0.078740,
3.930610 1.101870 0.000000,
3.930610 1.023130 0.000000,
3.694390 1.101870 0.000000,
3.694390 1.023130 0.000000,
3.694390 1.023130 0.078740,
3.694390 1.023130 0.000000,
3.694390 1.101870 0.078740,
3.694390 1.101870 0.000000,
2.930610 1.023130 0.000000,
2.930610 1.023130 0.078740,
2.930610 1.101870 0.000000,
2.930610 1.101870 0.078740,
2.930610 1.101870 0.000000,
2.930610 1.023130 0.000000,
2.694390 1.101870 0.000000,
2.694390 1.023130 0.000000,
2.694390 1.023130 0.078740,
2.694390 1.023130 0.000000,
2.694390 1.101870 0.078740,
2.694390 1.101870 0.000000,
6.930610 1.101870 0.354331,
6.930610 1.180610 0.354331,
6.694390 1.180610 0.354331,
6.694390 1.101870 0.354331,
6.930610 0.944390 0.354331,
6.930610 1.023130 0.354331,
6.694390 1.023130 0.354331,
6.694390 0.944390 0.354331,
6.930610 1.023130 2.913386,
6.930610 1.023130 0.354331,
6.910925 1.023130 2.893701,
6.910925 1.023130 0.492126,
6.714075 1.023130 0.492126,
6.714075 1.023130 2.893701,
6.694390 1.023130 2.913386,
6.694390 1.023130 0.354331,
6.930610 1.023130 2.913386,
6.930610 1.101870 2.913386,
6.910925 1.101870 2.893701,
6.910925 1.023130 2.893701,
6.930610 1.101870 2.913386,
6.930610 1.101870 0.354331,
6.910925 1.101870 2.893701,
6.910925 1.101870 0.492126,
6.714075 1.101870 0.492126,
6.714075 1.101870 2.893701,
6.694390 1.101870 2.913386,
6.694390 1.101870 0.354331,
6.714075 1.023130 2.893701,
6.714075 1.101870 2.893701,
6.694390 1.101870 2.913386,
6.694390 1.023130 2.913386,
5.930610 1.101870 0.354331,
5.930610 1.180610 0.354331,
5.694390 1.180610 0.354331,
5.694390 1.101870 0.354331,
5.930610 0.944390 0.354331,
5.930610 1.023130 0.354331,
5.694390 1.023130 0.354331,
5.694390 0.944390 0.354331,
5.930610 1.023130 2.913386,
5.930610 1.023130 0.354331,
5.910925 1.023130 2.893701,
5.910925 1.023130 0.492126,
5.714075 1.023130 0.492126,
5.714075 1.023130 2.893701,
5.694390 1.023130 2.913386,
5.694390 1.023130 0.354331,
5.930610 1.023130 2.913386,
5.930610 1.101870 2.913386,
5.910925 1.101870 2.893701,
5.910925 1.023130 2.893701,
5.930610 1.101870 2.913386,
5.930610 1.101870 0.354331,
5.910925 1.101870 2.893701,
5.910925 1.101870 0.492126,
5.714075 1.101870 0.492126,
5.714075 1.101870 2.893701,
5.694390 1.101870 2.913386,
5.694390 1.101870 0.354331,
5.714075 1.023130 2.893701,
5.714075 1.101870 2.893701,
5.694390 1.101870 2.913386,
5.694390 1.023130 2.913386,
4.930610 1.101870 0.354331,
4.930610 1.180610 0.354331,
4.694390 1.180610 0.354331,
4.694390 1.101870 0.354331,
4.930610 0.944390 0.354331,
4.930610 1.023130 0.354331,
4.694390 1.023130 0.354331,
4.694390 0.944390 0.354331,
4.930610 1.023130 2.913386,
4.930610 1.023130 0.354331,
4.910925 1.023130 2.893701,
4.910925 1.023130 0.492126,
4.714075 1.023130 0.492126,
4.714075 1.023130 2.893701,
4.694390 1.023130 2.913386,
4.694390 1.023130 0.354331,
4.930610 1.023130 2.913386,
4.930610 1.101870 2.913386,
4.910925 1.101870 2.893701,
4.910925 1.023130 2.893701,
4.930610 1.101870 2.913386,
4.930610 1.101870 0.354331,
4.910925 1.101870 2.893701,
4.910925 1.101870 0.492126,
4.714075 1.101870 0.492126,
4.714075 1.101870 2.893701,
4.694390 1.101870 2.913386,
4.694390 1.101870 0.354331,
4.714075 1.023130 2.893701,
4.714075 1.101870 2.893701,
4.694390 1.101870 2.913386,
4.694390 1.023130 2.913386,
3.930610 1.101870 0.354331,
3.930610 1.180610 0.354331,
3.694390 1.180610 0.354331,
3.694390 1.101870 0.354331,
3.930610 0.944390 0.354331,
3.930610 1.023130 0.354331,
3.694390 1.023130 0.354331,
3.694390 0.944390 0.354331,
3.930610 1.023130 2.913386,
3.930610 1.023130 0.354331,
3.910925 1.023130 2.893701,
3.910925 1.023130 0.492126,
3.714075 1.023130 0.492126,
3.714075 1.023130 2.893701,
3.694390 1.023130 2.913386,
3.694390 1.023130 0.354331,
3.930610 1.023130 2.913386,
3.930610 1.101870 2.913386,
3.910925 1.101870 2.893701,
3.910925 1.023130 2.893701,
3.930610 1.101870 2.913386,
3.930610 1.101870 0.354331,
3.910925 1.101870 2.893701,
3.910925 1.101870 0.492126,
3.714075 1.101870 0.492126,
3.714075 1.101870 2.893701,
3.694390 1.101870 2.913386,
3.694390 1.101870 0.354331,
3.714075 1.023130 2.893701,
3.714075 1.101870 2.893701,
3.694390 1.101870 2.913386,
3.694390 1.023130 2.913386,
2.930610 1.101870 0.354331,
2.930610 1.180610 0.354331,
2.694390 1.180610 0.354331,
2.694390 1.101870 0.354331,
2.930610 0.944390 0.354331,
2.930610 1.023130 0.354331,
2.694390 1.023130 0.354331,
2.694390 0.944390 0.354331,
2.930610 1.023130 2.913386,
2.930610 1.023130 0.354331,
2.910925 1.023130 2.893701,
2.910925 1.023130 0.492126,
2.714075 1.023130 0.492126,
2.714075 1.023130 2.893701,
2.694390 1.023130 2.913386,
2.694390 1.023130 0.354331,
2.930610 1.023130 2.913386,
2.930610 1.101870 2.913386,
2.910925 1.101870 2.893701,
2.910925 1.023130 2.893701,
2.930610 1.101870 2.913386,
2.930610 1.101870 0.354331,
2.910925 1.101870 2.893701,
2.910925 1.101870 0.492126,
2.714075 1.101870 0.492126,
2.714075 1.101870 2.893701,
2.694390 1.101870 2.913386,
2.694390 1.101870 0.354331,
2.714075 1.023130 2.893701,
2.714075 1.101870 2.893701,
2.694390 1.101870 2.913386,
2.694390 1.023130 2.913386,
6.910925 1.023130 2.893701,
6.910925 1.101870 2.893701,
6.910925 1.101870 0.492126,
6.910925 1.023130 0.492126,
6.910925 1.023130 0.492126,
6.910925 1.101870 0.492126,
6.714075 1.101870 0.492126,
6.714075 1.023130 0.492126,
6.714075 1.023130 0.492126,
6.714075 1.101870 0.492126,
6.714075 1.101870 2.893701,
6.714075 1.023130 2.893701,
5.910925 1.023130 2.893701,
5.910925 1.101870 2.893701,
5.910925 1.101870 0.492126,
5.910925 1.023130 0.492126,
5.910925 1.023130 0.492126,
5.910925 1.101870 0.492126,
5.714075 1.101870 0.492126,
5.714075 1.023130 0.492126,
5.714075 1.023130 0.492126,
5.714075 1.101870 0.492126,
5.714075 1.101870 2.893701,
5.714075 1.023130 2.893701,
4.910925 1.023130 2.893701,
4.910925 1.101870 2.893701,
4.910925 1.101870 0.492126,
4.910925 1.023130 0.492126,
4.910925 1.023130 0.492126,
4.910925 1.101870 0.492126,
4.714075 1.101870 0.492126,
4.714075 1.023130 0.492126,
4.714075 1.023130 0.492126,
4.714075 1.101870 0.492126,
4.714075 1.101870 2.893701,
4.714075 1.023130 2.893701,
3.910925 1.023130 2.893701,
3.910925 1.101870 2.893701,
3.910925 1.101870 0.492126,
3.910925 1.023130 0.492126,
3.910925 1.023130 0.492126,
3.910925 1.101870 0.492126,
3.714075 1.101870 0.492126,
3.714075 1.023130 0.492126,
3.714075 1.023130 0.492126,
3.714075 1.101870 0.492126,
3.714075 1.101870 2.893701,
3.714075 1.023130 2.893701,
2.910925 1.023130 2.893701,
2.910925 1.101870 2.893701,
2.910925 1.101870 0.492126,
2.910925 1.023130 0.492126,
2.910925 1.023130 0.492126,
2.910925 1.101870 0.492126,
2.714075 1.101870 0.492126,
2.714075 1.023130 0.492126,
2.714075 1.023130 0.492126,
2.714075 1.101870 0.492126,
2.714075 1.101870 2.893701,
2.714075 1.023130 2.893701 ] } coordIndex [ 2 1 0 -1,
3 2 0 -1,
11 6 4 -1,
5 11 4 -1,
10 7 6 -1,
10 6 11 -1,
8 10 9 -1,
8 7 10 -1,
17 16 12 -1,
15 16 18 -1,
15 12 16 -1,
19 15 18 -1,
20 17 12 -1,
22 19 17 -1,
22 17 20 -1,
22 15 19 -1,
21 20 12 -1,
24 21 12 -1,
26 23 21 -1,
26 21 24 -1,
25 24 12 -1,
28 27 25 -1,
30 27 28 -1,
13 29 28 -1,
13 28 25 -1,
13 25 12 -1,
13 32 29 -1,
34 31 29 -1,
34 29 32 -1,
33 32 13 -1,
14 34 35 -1,
14 35 33 -1,
14 31 34 -1,
14 33 13 -1,
14 15 31 -1,
31 15 30 -1,
30 15 27 -1,
27 15 26 -1,
26 15 23 -1,
23 15 22 -1,
43 38 36 -1,
37 43 36 -1,
42 39 38 -1,
42 38 43 -1,
40 42 41 -1,
40 39 42 -1,
46 45 44 -1,
47 46 44 -1,
50 49 48 -1,
51 50 48 -1,
55 53 52 -1,
55 54 53 -1,
58 56 57 -1,
59 56 58 -1,
71 60 65 -1,
64 60 63 -1,
64 65 60 -1,
66 64 63 -1,
70 60 71 -1,
69 60 70 -1,
67 66 63 -1,
68 67 63 -1,
73 60 69 -1,
79 60 73 -1,
72 69 68 -1,
72 73 69 -1,
72 68 63 -1,
78 60 79 -1,
77 60 78 -1,
81 60 77 -1,
87 60 81 -1,
80 77 76 -1,
80 81 77 -1,
89 85 84 -1,
88 89 84 -1,
97 93 92 -1,
96 97 92 -1,
61 93 97 -1,
61 86 85 -1,
61 87 86 -1,
61 94 93 -1,
61 95 94 -1,
61 89 95 -1,
61 102 101 -1,
61 103 102 -1,
61 97 103 -1,
61 85 89 -1,
61 60 87 -1,
100 61 101 -1,
62 96 92 -1,
62 61 100 -1,
62 98 96 -1,
62 99 98 -1,
62 100 99 -1,
62 76 63 -1,
76 75 63 -1,
75 74 63 -1,
74 72 63 -1,
62 80 76 -1,
62 82 80 -1,
62 83 82 -1,
62 84 83 -1,
62 88 84 -1,
62 90 88 -1,
62 91 90 -1,
62 92 91 -1,
106 104 105 -1,
107 104 106 -1,
111 109 108 -1,
111 108 110 -1,
115 113 112 -1,
115 112 114 -1,
119 117 116 -1,
119 116 118 -1,
123 121 120 -1,
123 120 122 -1,
127 125 124 -1,
127 124 126 -1,
131 129 128 -1,
131 128 130 -1,
135 133 132 -1,
135 132 134 -1,
139 137 136 -1,
139 136 138 -1,
143 141 140 -1,
143 140 142 -1,
147 145 144 -1,
147 144 146 -1,
151 149 148 -1,
151 148 150 -1,
155 153 152 -1,
155 152 154 -1,
159 157 156 -1,
159 156 158 -1,
163 161 160 -1,
163 160 162 -1,
167 165 164 -1,
167 164 166 -1,
171 169 168 -1,
171 168 170 -1,
175 173 172 -1,
175 172 174 -1,
179 177 176 -1,
179 176 178 -1,
183 181 180 -1,
183 180 182 -1,
187 185 184 -1,
187 184 186 -1,
188 190 191 -1,
188 191 189 -1,
195 193 192 -1,
195 192 194 -1,
196 198 199 -1,
196 199 197 -1,
203 200 201 -1,
203 202 200 -1,
204 206 207 -1,
204 207 205 -1,
211 209 208 -1,
211 208 210 -1,
212 214 215 -1,
212 215 213 -1,
219 216 217 -1,
219 218 216 -1,
220 222 223 -1,
220 223 221 -1,
225 224 226 -1,
227 225 226 -1,
228 230 231 -1,
228 231 229 -1,
233 234 232 -1,
235 234 233 -1,
236 238 239 -1,
236 239 237 -1,
243 241 240 -1,
243 240 242 -1,
244 246 247 -1,
244 247 245 -1,
251 248 249 -1,
251 250 248 -1,
252 254 255 -1,
252 255 253 -1,
259 257 256 -1,
259 256 258 -1,
260 262 263 -1,
260 263 261 -1,
267 264 265 -1,
267 266 264 -1,
271 269 268 -1,
271 270 269 -1,
276 275 274 -1,
277 279 278 -1,
272 277 276 -1,
273 277 272 -1,
272 276 274 -1,
279 277 273 -1,
283 281 280 -1,
283 282 281 -1,
288 287 286 -1,
289 291 290 -1,
285 289 288 -1,
285 288 284 -1,
284 288 286 -1,
291 289 285 -1,
295 293 292 -1,
295 294 293 -1,
300 299 298 -1,
301 303 302 -1,
296 301 300 -1,
297 301 296 -1,
296 300 298 -1,
303 301 297 -1,
307 305 304 -1,
307 306 305 -1,
312 311 310 -1,
313 315 314 -1,
308 313 312 -1,
309 313 308 -1,
308 312 310 -1,
315 313 309 -1,
319 317 316 -1,
319 318 317 -1,
324 323 322 -1,
325 327 326 -1,
321 325 324 -1,
321 324 320 -1,
320 324 322 -1,
327 325 321 -1,
331 329 328 -1,
331 330 329 -1,
336 335 334 -1,
337 339 338 -1,
332 337 336 -1,
333 337 332 -1,
332 336 334 -1,
339 337 333 -1,
343 341 340 -1,
343 342 341 -1,
348 347 346 -1,
349 351 350 -1,
344 349 348 -1,
345 349 344 -1,
344 348 346 -1,
351 349 345 -1,
355 353 352 -1,
355 354 353 -1,
360 359 358 -1,
361 363 362 -1,
357 361 360 -1,
357 360 356 -1,
356 360 358 -1,
363 361 357 -1,
367 365 364 -1,
367 366 365 -1,
372 371 370 -1,
373 375 374 -1,
368 373 372 -1,
369 373 368 -1,
368 372 370 -1,
375 373 369 -1,
379 377 376 -1,
379 378 377 -1,
384 383 382 -1,
385 387 386 -1,
380 385 384 -1,
381 385 380 -1,
380 384 382 -1,
387 385 381 -1,
389 388 390 -1,
389 390 391 -1,
395 392 393 -1,
394 392 395 -1,
397 396 398 -1,
397 398 399 -1,
401 400 402 -1,
401 402 403 -1,
406 404 405 -1,
406 405 407 -1,
409 408 410 -1,
409 410 411 -1,
413 412 414 -1,
413 414 415 -1,
419 416 417 -1,
418 416 419 -1,
421 420 422 -1,
421 422 423 -1,
425 424 426 -1,
425 426 427 -1,
430 428 429 -1,
430 429 431 -1,
433 432 434 -1,
433 434 435 -1,
437 436 438 -1,
437 438 439 -1,
443 440 441 -1,
442 440 443 -1,
445 444 446 -1,
445 446 447 -1,
451 448 449 -1,
451 449 450 -1,
454 452 453 -1,
455 452 454 -1,
460 463 457 -1,
460 457 459 -1,
456 458 459 -1,
456 459 457 -1,
462 463 460 -1,
462 460 461 -1,
464 465 466 -1,
467 464 466 -1,
472 469 475 -1,
472 471 469 -1,
468 471 470 -1,
468 469 471 -1,
474 472 475 -1,
474 473 472 -1,
479 476 477 -1,
479 477 478 -1,
482 480 481 -1,
483 480 482 -1,
487 484 485 -1,
487 485 486 -1,
492 495 489 -1,
492 489 491 -1,
488 490 491 -1,
488 491 489 -1,
494 495 493 -1,
493 495 492 -1,
499 496 497 -1,
499 497 498 -1,
504 501 507 -1,
504 503 501 -1,
500 503 502 -1,
500 501 503 -1,
506 505 507 -1,
505 504 507 -1,
508 509 510 -1,
511 508 510 -1,
515 512 513 -1,
515 513 514 -1,
518 516 517 -1,
519 516 518 -1,
524 527 521 -1,
524 521 523 -1,
520 522 523 -1,
520 523 521 -1,
526 527 524 -1,
526 524 525 -1,
531 528 529 -1,
531 529 530 -1,
536 533 539 -1,
536 535 533 -1,
532 535 534 -1,
532 533 535 -1,
538 536 539 -1,
538 537 536 -1,
543 540 541 -1,
543 541 542 -1,
547 544 545 -1,
547 545 546 -1,
550 548 549 -1,
551 548 550 -1,
556 559 553 -1,
556 553 555 -1,
552 554 555 -1,
552 555 553 -1,
558 559 556 -1,
558 556 557 -1,
560 561 562 -1,
563 560 562 -1,
568 565 571 -1,
568 567 565 -1,
564 567 566 -1,
564 565 567 -1,
570 568 571 -1,
570 569 568 -1,
575 572 573 -1,
575 573 574 -1,
579 576 577 -1,
579 577 578 -1,
583 580 581 -1,
583 581 582 -1,
588 591 585 -1,
588 585 587 -1,
584 586 587 -1,
584 587 585 -1,
590 591 589 -1,
589 591 588 -1,
595 592 593 -1,
595 593 594 -1,
600 597 603 -1,
600 599 597 -1,
596 599 598 -1,
596 597 599 -1,
602 601 603 -1,
601 600 603 -1,
607 604 605 -1,
607 605 606 -1,
611 608 609 -1,
611 609 610 -1,
615 612 613 -1,
615 613 614 -1,
619 616 617 -1,
619 617 618 -1,
623 620 621 -1,
623 621 622 -1,
627 624 625 -1,
627 625 626 -1,
631 628 629 -1,
631 629 630 -1,
635 632 633 -1,
635 633 634 -1,
639 636 637 -1,
639 637 638 -1,
643 640 641 -1,
643 641 642 -1,
647 644 645 -1,
647 645 646 -1,
651 648 649 -1,
651 649 650 -1,
655 652 653 -1,
655 653 654 -1,
659 656 657 -1,
659 657 658 -1,
663 660 661 -1,
663 661 662 -1,
667 664 665 -1,
667 665 666 -1 ] solid TRUE creaseAngle 0.5 } }
# KiCad_standard_PinSocket_contacts
Shape { appearance Appearance { material Material { diffuseColor 0.78 0.58 0.16 } } geometry IndexedFaceSet { coord Coordinate { point [ 6.871555 1.023130 -1.220472,
6.930610 1.023130 -0.984252,
6.930610 1.023130 0.000000,
6.694390 1.023130 0.000000,
6.694390 1.023130 -0.984252,
6.753445 1.023130 -1.220472,
6.871555 1.023130 -1.220472,
6.871555 1.101870 -1.220472,
6.930610 1.101870 -0.984252,
6.930610 1.023130 -0.984252,
6.753445 1.023130 -1.220472,
6.753445 1.101870 -1.220472,
6.871555 1.101870 -1.220472,
6.871555 1.023130 -1.220472,
6.694390 1.023130 -0.984252,
6.694390 1.101870 -0.984252,
6.753445 1.101870 -1.220472,
6.753445 1.023130 -1.220472,
6.694390 1.023130 0.000000,
6.694390 1.023130 -0.984252,
6.694390 1.101870 0.000000,
6.694390 1.101870 -0.984252,
6.930610 1.101870 0.000000,
6.930610 1.023130 0.000000,
6.694390 1.101870 0.000000,
6.694390 1.023130 0.000000,
6.930610 1.023130 -0.984252,
6.930610 1.023130 0.000000,
6.930610 1.101870 -0.984252,
6.930610 1.101870 0.000000,
6.871555 1.101870 -1.220472,
6.930610 1.101870 -0.984252,
6.930610 1.101870 0.000000,
6.694390 1.101870 0.000000,
6.694390 1.101870 -0.984252,
6.753445 1.101870 -1.220472,
5.871555 1.023130 -1.220472,
5.930610 1.023130 -0.984252,
5.930610 1.023130 0.000000,
5.694390 1.023130 0.000000,
5.694390 1.023130 -0.984252,
5.753445 1.023130 -1.220472,
5.871555 1.023130 -1.220472,
5.871555 1.101870 -1.220472,
5.930610 1.101870 -0.984252,
5.930610 1.023130 -0.984252,
5.753445 1.023130 -1.220472,
5.753445 1.101870 -1.220472,
5.871555 1.101870 -1.220472,
5.871555 1.023130 -1.220472,
5.694390 1.023130 -0.984252,
5.694390 1.101870 -0.984252,
5.753445 1.101870 -1.220472,
5.753445 1.023130 -1.220472,
5.694390 1.023130 0.000000,
5.694390 1.023130 -0.984252,
5.694390 1.101870 0.000000,
5.694390 1.101870 -0.984252,
5.930610 1.101870 0.000000,
5.930610 1.023130 0.000000,
5.694390 1.101870 0.000000,
5.694390 1.023130 0.000000,
5.930610 1.023130 -0.984252,
5.930610 1.023130 0.000000,
5.930610 1.101870 -0.984252,
5.930610 1.101870 0.000000,
5.871555 1.101870 -1.220472,
5.930610 1.101870 -0.984252,
5.930610 1.101870 0.000000,
5.694390 1.101870 0.000000,
5.694390 1.101870 -0.984252,
5.753445 1.101870 -1.220472,
4.871555 1.023130 -1.220472,
4.930610 1.023130 -0.984252,
4.930610 1.023130 0.000000,
4.694390 1.023130 0.000000,
4.694390 1.023130 -0.984252,
4.753445 1.023130 -1.220472,
4.871555 1.023130 -1.220472,
4.871555 1.101870 -1.220472,
4.930610 1.101870 -0.984252,
4.930610 1.023130 -0.984252,
4.753445 1.023130 -1.220472,
4.753445 1.101870 -1.220472,
4.871555 1.101870 -1.220472,
4.871555 1.023130 -1.220472,
4.694390 1.023130 -0.984252,
4.694390 1.101870 -0.984252,
4.753445 1.101870 -1.220472,
4.753445 1.023130 -1.220472,
4.694390 1.023130 0.000000,
4.694390 1.023130 -0.984252,
4.694390 1.101870 0.000000,
4.694390 1.101870 -0.984252,
4.930610 1.101870 0.000000,
4.930610 1.023130 0.000000,
4.694390 1.101870 0.000000,
4.694390 1.023130 0.000000,
4.930610 1.023130 -0.984252,
4.930610 1.023130 0.000000,
4.930610 1.101870 -0.984252,
4.930610 1.101870 0.000000,
4.871555 1.101870 -1.220472,
4.930610 1.101870 -0.984252,
4.930610 1.101870 0.000000,
4.694390 1.101870 0.000000,
4.694390 1.101870 -0.984252,
4.753445 1.101870 -1.220472,
3.871555 1.023130 -1.220472,
3.930610 1.023130 -0.984252,
3.930610 1.023130 0.000000,
3.694390 1.023130 0.000000,
3.694390 1.023130 -0.984252,
3.753445 1.023130 -1.220472,
3.871555 1.023130 -1.220472,
3.871555 1.101870 -1.220472,
3.930610 1.101870 -0.984252,
3.930610 1.023130 -0.984252,
3.753445 1.023130 -1.220472,
3.753445 1.101870 -1.220472,
3.871555 1.101870 -1.220472,
3.871555 1.023130 -1.220472,
3.694390 1.023130 -0.984252,
3.694390 1.101870 -0.984252,
3.753445 1.101870 -1.220472,
3.753445 1.023130 -1.220472,
3.694390 1.023130 0.000000,
3.694390 1.023130 -0.984252,
3.694390 1.101870 0.000000,
3.694390 1.101870 -0.984252,
3.930610 1.101870 0.000000,
3.930610 1.023130 0.000000,
3.694390 1.101870 0.000000,
3.694390 1.023130 0.000000,
3.930610 1.023130 -0.984252,
3.930610 1.023130 0.000000,
3.930610 1.101870 -0.984252,
3.930610 1.101870 0.000000,
3.871555 1.101870 -1.220472,
3.930610 1.101870 -0.984252,
3.930610 1.101870 0.000000,
3.694390 1.101870 0.000000,
3.694390 1.101870 -0.984252,
3.753445 1.101870 -1.220472,
2.871555 1.023130 -1.220472,
2.930610 1.023130 -0.984252,
2.930610 1.023130 0.000000,
2.694390 1.023130 0.000000,
2.694390 1.023130 -0.984252,
2.753445 1.023130 -1.220472,
2.871555 1.023130 -1.220472,
2.871555 1.101870 -1.220472,
2.930610 1.101870 -0.984252,
2.930610 1.023130 -0.984252,
2.753445 1.023130 -1.220472,
2.753445 1.101870 -1.220472,
2.871555 1.101870 -1.220472,
2.871555 1.023130 -1.220472,
2.694390 1.023130 -0.984252,
2.694390 1.101870 -0.984252,
2.753445 1.101870 -1.220472,
2.753445 1.023130 -1.220472,
2.694390 1.023130 0.000000,
2.694390 1.023130 -0.984252,
2.694390 1.101870 0.000000,
2.694390 1.101870 -0.984252,
2.930610 1.101870 0.000000,
2.930610 1.023130 0.000000,
2.694390 1.101870 0.000000,
2.694390 1.023130 0.000000,
2.930610 1.023130 -0.984252,
2.930610 1.023130 0.000000,
2.930610 1.101870 -0.984252,
2.930610 1.101870 0.000000,
2.871555 1.101870 -1.220472,
2.930610 1.101870 -0.984252,
2.930610 1.101870 0.000000,
2.694390 1.101870 0.000000,
2.694390 1.101870 -0.984252,
2.753445 1.101870 -1.220472 ] } coordIndex [ 1 5 0 -1,
4 5 1 -1,
3 1 2 -1,
3 4 1 -1,
8 6 7 -1,
9 6 8 -1,
13 10 11 -1,
13 11 12 -1,
17 14 15 -1,
17 15 16 -1,
19 18 20 -1,
19 20 21 -1,
25 23 22 -1,
24 25 22 -1,
27 26 28 -1,
27 28 29 -1,
31 30 35 -1,
34 31 35 -1,
33 32 31 -1,
33 31 34 -1,
40 36 37 -1,
40 41 36 -1,
39 37 38 -1,
39 40 37 -1,
45 42 43 -1,
45 43 44 -1,
49 46 47 -1,
49 47 48 -1,
53 50 51 -1,
53 51 52 -1,
55 54 56 -1,
55 56 57 -1,
60 59 58 -1,
60 61 59 -1,
63 62 64 -1,
63 64 65 -1,
67 66 71 -1,
70 67 71 -1,
69 68 67 -1,
69 67 70 -1,
76 72 73 -1,
76 77 72 -1,
75 73 74 -1,
75 76 73 -1,
81 78 79 -1,
81 79 80 -1,
85 82 83 -1,
85 83 84 -1,
89 86 87 -1,
89 87 88 -1,
91 90 92 -1,
91 92 93 -1,
97 95 94 -1,
96 97 94 -1,
99 98 100 -1,
99 100 101 -1,
106 103 102 -1,
106 102 107 -1,
105 104 103 -1,
105 103 106 -1,
112 108 109 -1,
112 113 108 -1,
111 109 110 -1,
111 112 109 -1,
117 114 115 -1,
117 115 116 -1,
121 118 119 -1,
121 119 120 -1,
125 122 123 -1,
125 123 124 -1,
127 126 128 -1,
127 128 129 -1,
132 131 130 -1,
132 133 131 -1,
135 134 136 -1,
135 136 137 -1,
139 138 143 -1,
142 139 143 -1,
141 140 139 -1,
141 139 142 -1,
148 144 145 -1,
148 149 144 -1,
147 145 146 -1,
147 148 145 -1,
153 150 151 -1,
153 151 152 -1,
156 154 155 -1,
157 154 156 -1,
161 158 159 -1,
161 159 160 -1,
163 162 164 -1,
163 164 165 -1,
169 167 166 -1,
168 169 166 -1,
171 170 172 -1,
171 172 173 -1,
178 175 174 -1,
178 174 179 -1,
177 176 175 -1,
177 175 178 -1 ] solid TRUE creaseAngle 0.5 } }
# KiCad_standard_PinHeader_body
Shape { appearance Appearance { material Material { diffuseColor 0.09 0.09 0.1 } } geometry IndexedFaceSet { coord Coordinate { point [ 2.312500 1.462500 4.346457,
2.312500 1.462500 3.346457,
2.412500 1.562500 3.346457,
2.412500 1.562500 4.346457,
2.312500 0.662500 4.346457,
2.312500 0.662500 3.346457,
2.312500 1.462500 3.346457,
2.312500 1.462500 4.346457,
2.312500 1.462500 3.346457,
2.412500 1.562500 3.346457,
3.212500 1.562500 3.346457,
3.312500 1.462500 3.346457,
3.412500 1.562500 3.346457,
4.212500 1.562500 3.346457,
4.312500 1.462500 3.346457,
4.412500 1.562500 3.346457,
5.212500 1.562500 3.346457,
5.312500 1.462500 3.346457,
5.412500 1.562500 3.346457,
6.212500 1.562500 3.346457,
6.312500 1.462500 3.346457,
6.412500 1.562500 3.346457,
7.212500 1.562500 3.346457,
7.312500 1.462500 3.346457,
7.312500 0.662500 3.346457,
7.212500 0.562500 3.346457,
6.412500 0.562500 3.346457,
6.312500 0.662500 3.346457,
6.212500 0.562500 3.346457,
5.412500 0.562500 3.346457,
5.312500 0.662500 3.346457,
5.212500 0.562500 3.346457,
4.412500 0.562500 3.346457,
4.312500 0.662500 3.346457,
4.212500 0.562500 3.346457,
3.412500 0.562500 3.346457,
3.312500 0.662500 3.346457,
3.212500 0.562500 3.346457,
2.412500 0.562500 3.346457,
2.312500 0.662500 3.346457,
2.938484 0.936516 3.346457,
2.686516 0.936516 3.346457,
2.938484 1.188484 3.346457,
2.686516 1.188484 3.346457,
3.686516 0.936516 3.346457,
3.686516 1.188484 3.346457,
3.938484 0.936516 3.346457,
3.938484 1.188484 3.346457,
4.686516 0.936516 3.346457,
4.686516 1.188484 3.346457,
4.938484 0.936516 3.346457,
4.938484 1.188484 3.346457,
6.686516 0.936516 3.346457,
6.686516 1.188484 3.346457,
6.938484 0.936516 3.346457,
6.938484 1.188484 3.346457,
5.938484 0.936516 3.346457,
5.938484 1.188484 3.346457,
5.686516 1.188484 3.346457,
5.686516 0.936516 3.346457,
2.412500 1.562500 4.346457,
2.412500 1.562500 3.346457,
3.212500 1.562500 3.346457,
3.212500 1.562500 4.346457,
2.312500 1.462500 4.346457,
2.412500 1.562500 4.346457,
3.212500 1.562500 4.346457,
3.312500 1.462500 4.346457,
3.412500 1.562500 4.346457,
4.212500 1.562500 4.346457,
4.312500 1.462500 4.346457,
4.412500 1.562500 4.346457,
5.212500 1.562500 4.346457,
5.312500 1.462500 4.346457,
5.412500 1.562500 4.346457,
6.212500 1.562500 4.346457,
6.312500 1.462500 4.346457,
6.412500 1.562500 4.346457,
7.212500 1.562500 4.346457,
7.312500 1.462500 4.346457,
7.312500 0.662500 4.346457,
7.212500 0.562500 4.346457,
6.412500 0.562500 4.346457,
6.312500 0.662500 4.346457,
6.212500 0.562500 4.346457,
5.412500 0.562500 4.346457,
5.312500 0.662500 4.346457,
5.212500 0.562500 4.346457,
4.412500 0.562500 4.346457,
4.312500 0.662500 4.346457,
4.212500 0.562500 4.346457,
3.412500 0.562500 4.346457,
3.312500 0.662500 4.346457,
3.212500 0.562500 4.346457,
2.412500 0.562500 4.346457,
2.312500 0.662500 4.346457,
2.938484 0.936516 4.346457,
2.686516 0.936516 4.346457,
2.938484 1.188484 4.346457,
2.686516 1.188484 4.346457,
3.686516 0.936516 4.346457,
3.686516 1.188484 4.346457,
3.938484 0.936516 4.346457,
3.938484 1.188484 4.346457,
4.686516 0.936516 4.346457,
4.686516 1.188484 4.346457,
4.938484 0.936516 4.346457,
4.938484 1.188484 4.346457,
6.686516 0.936516 4.346457,
6.686516 1.188484 4.346457,
6.938484 0.936516 4.346457,
6.938484 1.188484 4.346457,
5.938484 0.936516 4.346457,
5.938484 1.188484 4.346457,
5.686516 1.188484 4.346457,
5.686516 0.936516 4.346457,
2.412500 0.562500 4.346457,
2.412500 0.562500 3.346457,
2.312500 0.662500 3.346457,
2.312500 0.662500 4.346457,
3.212500 1.562500 4.346457,
3.212500 1.562500 3.346457,
3.312500 1.462500 3.346457,
3.312500 1.462500 4.346457,
3.312500 1.462500 4.346457,
3.312500 1.462500 3.346457,
3.412500 1.562500 3.346457,
3.412500 1.562500 4.346457,
3.412500 1.562500 4.346457,
3.412500 1.562500 3.346457,
4.212500 1.562500 3.346457,
4.212500 1.562500 4.346457,
4.212500 1.562500 4.346457,
4.212500 1.562500 3.346457,
4.312500 1.462500 3.346457,
4.312500 1.462500 4.346457,
4.312500 1.462500 4.346457,
4.312500 1.462500 3.346457,
4.412500 1.562500 3.346457,
4.412500 1.562500 4.346457,
4.412500 1.562500 4.346457,
4.412500 1.562500 3.346457,
5.212500 1.562500 3.346457,
5.212500 1.562500 4.346457,
5.212500 1.562500 4.346457,
5.212500 1.562500 3.346457,
5.312500 1.462500 3.346457,
5.312500 1.462500 4.346457,
5.312500 1.462500 4.346457,
5.312500 1.462500 3.346457,
5.412500 1.562500 3.346457,
5.412500 1.562500 4.346457,
5.412500 1.562500 4.346457,
5.412500 1.562500 3.346457,
6.212500 1.562500 3.346457,
6.212500 1.562500 4.346457,
6.212500 1.562500 4.346457,
6.212500 1.562500 3.346457,
6.312500 1.462500 3.346457,
6.312500 1.462500 4.346457,
6.312500 1.462500 4.346457,
6.312500 1.462500 3.346457,
6.412500 1.562500 3.346457,
6.412500 1.562500 4.346457,
6.412500 1.562500 4.346457,
6.412500 1.562500 3.346457,
7.212500 1.562500 3.346457,
7.212500 1.562500 4.346457,
7.212500 1.562500 4.346457,
7.212500 1.562500 3.346457,
7.312500 1.462500 3.346457,
7.312500 1.462500 4.346457,
7.312500 1.462500 4.346457,
7.312500 1.462500 3.346457,
7.312500 0.662500 3.346457,
7.312500 0.662500 4.346457,
7.312500 0.662500 4.346457,
7.312500 0.662500 3.346457,
7.212500 0.562500 3.346457,
7.212500 0.562500 4.346457,
7.212500 0.562500 4.346457,
7.212500 0.562500 3.346457,
6.412500 0.562500 3.346457,
6.412500 0.562500 4.346457,
6.412500 0.562500 4.346457,
6.412500 0.562500 3.346457,
6.312500 0.662500 3.346457,
6.312500 0.662500 4.346457,
6.312500 0.662500 4.346457,
6.312500 0.662500 3.346457,
6.212500 0.562500 3.346457,
6.212500 0.562500 4.346457,
6.212500 0.562500 4.346457,
6.212500 0.562500 3.346457,
5.412500 0.562500 3.346457,
5.412500 0.562500 4.346457,
5.412500 0.562500 4.346457,
5.412500 0.562500 3.346457,
5.312500 0.662500 3.346457,
5.312500 0.662500 4.346457,
5.312500 0.662500 4.346457,
5.312500 0.662500 3.346457,
5.212500 0.562500 3.346457,
5.212500 0.562500 4.346457,
5.212500 0.562500 4.346457,
5.212500 0.562500 3.346457,
4.412500 0.562500 3.346457,
4.412500 0.562500 4.346457,
4.412500 0.562500 4.346457,
4.412500 0.562500 3.346457,
4.312500 0.662500 3.346457,
4.312500 0.662500 4.346457,
4.312500 0.662500 4.346457,
4.312500 0.662500 3.346457,
4.212500 0.562500 3.346457,
4.212500 0.562500 4.346457,
4.212500 0.562500 4.346457,
4.212500 0.562500 3.346457,
3.412500 0.562500 3.346457,
3.412500 0.562500 4.346457,
3.412500 0.562500 4.346457,
3.412500 0.562500 3.346457,
3.312500 0.662500 3.346457,
3.312500 0.662500 4.346457,
3.312500 0.662500 4.346457,
3.312500 0.662500 3.346457,
3.212500 0.562500 3.346457,
3.212500 0.562500 4.346457,
3.212500 0.562500 4.346457,
3.212500 0.562500 3.346457,
2.412500 0.562500 3.346457,
2.412500 0.562500 4.346457,
2.938484 0.936516 3.346457,
2.938484 1.188484 3.346457,
2.686516 0.936516 3.346457,
2.686516 1.188484 3.346457,
3.938484 0.936516 3.346457,
3.686516 0.936516 3.346457,
3.686516 1.188484 3.346457,
3.938484 1.188484 3.346457,
4.938484 0.936516 3.346457,
4.686516 0.936516 3.346457,
4.686516 1.188484 3.346457,
4.938484 1.188484 3.346457,
6.938484 0.936516 3.346457,
6.686516 0.936516 3.346457,
6.686516 1.188484 3.346457,
6.938484 1.188484 3.346457,
5.938484 0.936516 3.346457,
5.938484 1.188484 3.346457,
5.686516 0.936516 3.346457,
5.686516 1.188484 3.346457,
2.938484 0.936516 4.346457,
2.938484 1.188484 4.346457,
2.686516 0.936516 4.346457,
2.686516 1.188484 4.346457,
3.938484 0.936516 4.346457,
3.686516 0.936516 4.346457,
3.686516 1.188484 4.346457,
3.938484 1.188484 4.346457,
4.938484 0.936516 4.346457,
4.686516 0.936516 4.346457,
4.686516 1.188484 4.346457,
4.938484 1.188484 4.346457,
6.938484 0.936516 4.346457,
6.686516 0.936516 4.346457,
6.686516 1.188484 4.346457,
6.938484 1.188484 4.346457,
5.938484 0.936516 4.346457,
5.938484 1.188484 4.346457,
5.686516 0.936516 4.346457,
5.686516 1.188484 4.346457 ] } coordIndex [ 3 1 0 -1,
3 2 1 -1,
7 5 4 -1,
7 6 5 -1,
55 22 23 -1,
54 23 24 -1,
54 55 23 -1,
53 21 22 -1,
53 22 55 -1,
25 54 24 -1,
20 21 53 -1,
57 19 20 -1,
57 20 53 -1,
26 52 54 -1,
26 54 25 -1,
27 52 26 -1,
56 53 52 -1,
56 57 53 -1,
56 52 27 -1,
58 18 19 -1,
58 19 57 -1,
28 56 27 -1,
17 18 58 -1,
59 56 28 -1,
51 16 17 -1,
51 17 58 -1,
29 59 28 -1,
30 59 29 -1,
49 15 16 -1,
49 16 51 -1,
50 59 30 -1,
50 58 59 -1,
50 51 58 -1,
14 15 49 -1,
31 50 30 -1,
48 50 31 -1,
47 13 14 -1,
47 49 48 -1,
47 14 49 -1,
32 48 31 -1,
32 33 48 -1,
45 12 13 -1,
45 13 47 -1,
46 47 48 -1,
46 48 33 -1,
34 46 33 -1,
11 12 45 -1,
42 10 11 -1,
42 11 45 -1,
35 46 34 -1,
35 44 46 -1,
36 44 35 -1,
43 9 10 -1,
43 10 42 -1,
40 45 44 -1,
40 42 45 -1,
40 44 36 -1,
37 40 36 -1,
8 9 43 -1,
41 8 43 -1,
41 40 37 -1,
38 41 37 -1,
39 8 41 -1,
39 41 38 -1,
63 61 60 -1,
63 62 61 -1,
111 79 78 -1,
110 80 79 -1,
110 79 111 -1,
109 78 77 -1,
109 111 78 -1,
81 80 110 -1,
76 109 77 -1,
113 76 75 -1,
113 109 76 -1,
82 110 108 -1,
82 81 110 -1,
83 82 108 -1,
112 108 109 -1,
112 109 113 -1,
112 83 108 -1,
114 75 74 -1,
114 113 75 -1,
84 83 112 -1,
73 114 74 -1,
115 84 112 -1,
107 73 72 -1,
107 114 73 -1,
85 84 115 -1,
86 85 115 -1,
105 72 71 -1,
105 107 72 -1,
106 86 115 -1,
106 115 114 -1,
106 114 107 -1,
70 105 71 -1,
87 86 106 -1,
104 87 106 -1,
103 70 69 -1,
103 104 105 -1,
103 105 70 -1,
88 87 104 -1,
88 104 89 -1,
101 69 68 -1,
101 103 69 -1,
102 104 103 -1,
102 89 104 -1,
90 89 102 -1,
67 101 68 -1,
98 67 66 -1,
98 101 67 -1,
91 90 102 -1,
91 102 100 -1,
92 91 100 -1,
96 100 101 -1,
96 101 98 -1,
96 92 100 -1,
99 66 65 -1,
99 98 66 -1,
93 92 96 -1,
64 99 65 -1,
97 93 96 -1,
97 99 64 -1,
94 93 97 -1,
95 97 64 -1,
95 94 97 -1,
119 117 116 -1,
119 118 117 -1,
123 121 120 -1,
123 122 121 -1,
127 125 124 -1,
127 126 125 -1,
131 129 128 -1,
131 130 129 -1,
132 134 133 -1,
135 134 132 -1,
136 138 137 -1,
139 138 136 -1,
140 142 141 -1,
143 142 140 -1,
144 146 145 -1,
147 146 144 -1,
148 150 149 -1,
151 150 148 -1,
155 153 152 -1,
155 154 153 -1,
159 157 156 -1,
159 158 157 -1,
163 161 160 -1,
163 162 161 -1,
167 165 164 -1,
167 166 165 -1,
171 169 168 -1,
171 170 169 -1,
175 173 172 -1,
175 174 173 -1,
179 177 176 -1,
179 178 177 -1,
183 181 180 -1,
183 182 181 -1,
187 185 184 -1,
187 186 185 -1,
191 189 188 -1,
191 190 189 -1,
192 194 193 -1,
195 194 192 -1,
199 197 196 -1,
199 198 197 -1,
200 202 201 -1,
203 202 200 -1,
207 205 204 -1,
207 206 205 -1,
208 210 209 -1,
211 210 208 -1,
215 213 212 -1,
215 214 213 -1,
216 218 217 -1,
219 218 216 -1,
223 221 220 -1,
223 222 221 -1,
227 225 224 -1,
227 226 225 -1,
231 229 228 -1,
231 230 229 -1,
234 233 232 -1,
234 235 233 -1,
237 238 239 -1,
237 239 236 -1,
241 242 243 -1,
241 243 240 -1,
245 246 247 -1,
245 247 244 -1,
250 249 248 -1,
250 251 249 -1,
252 253 255 -1,
254 252 255 -1,
257 259 258 -1,
257 256 259 -1,
261 263 262 -1,
261 260 263 -1,
265 267 266 -1,
265 264 267 -1,
270 268 269 -1,
270 269 271 -1 ] solid TRUE creaseAngle 0.5 } }
# KiCad_standard_PinHeader_contacts
Shape { appearance Appearance { material Material { diffuseColor 0.78 0.58 0.16 } } geometry IndexedFaceSet { coord Coordinate { point [ 2.938484 0.936516 3.346457,
2.938484 0.936516 1.047244,
2.686516 0.936516 3.346457,
2.686516 0.936516 1.047244,
2.938484 0.936516 3.346457,
2.938484 0.936516 1.047244,
2.938484 1.188484 3.346457,
2.938484 1.188484 1.047244,
2.938484 0.936516 3.346457,
2.938484 1.188484 3.346457,
2.686516 0.936516 3.346457,
2.686516 1.188484 3.346457,
2.686516 0.936516 3.346457,
2.686516 0.936516 1.047244,
2.686516 1.188484 3.346457,
2.686516 1.188484 1.047244,
2.938484 0.936516 1.047244,
2.875492 0.999508 0.984252,
2.686516 0.936516 1.047244,
2.749508 0.999508 0.984252,
2.938484 1.188484 3.346457,
2.938484 1.188484 1.047244,
2.686516 1.188484 3.346457,
2.686516 1.188484 1.047244,
2.875492 1.125492 0.984252,
2.875492 0.999508 0.984252,
2.938484 0.936516 1.047244,
2.938484 1.188484 1.047244,
2.749508 1.125492 0.984252,
2.749508 0.999508 0.984252,
2.686516 0.936516 1.047244,
2.686516 1.188484 1.047244,
2.875492 0.999508 0.984252,
2.749508 0.999508 0.984252,
2.749508 1.125492 0.984252,
2.875492 1.125492 0.984252,
2.938484 1.188484 1.047244,
2.875492 1.125492 0.984252,
2.686516 1.188484 1.047244,
2.749508 1.125492 0.984252,
3.686516 0.936516 3.346457,
3.686516 0.936516 1.047244,
3.686516 1.188484 3.346457,
3.686516 1.188484 1.047244,
3.938484 0.936516 3.346457,
3.938484 0.936516 1.047244,
3.686516 0.936516 3.346457,
3.686516 0.936516 1.047244,
3.938484 0.936516 3.346457,
3.686516 0.936516 3.346457,
3.686516 1.188484 3.346457,
3.938484 1.188484 3.346457,
3.938484 1.188484 3.346457,
3.938484 1.188484 1.047244,
3.686516 1.188484 3.346457,
3.686516 1.188484 1.047244,
3.749508 1.125492 0.984252,
3.749508 0.999508 0.984252,
3.686516 0.936516 1.047244,
3.686516 1.188484 1.047244,
3.938484 0.936516 3.346457,
3.938484 0.936516 1.047244,
3.938484 1.188484 3.346457,
3.938484 1.188484 1.047244,
3.938484 0.936516 1.047244,
3.875492 0.999508 0.984252,
3.686516 0.936516 1.047244,
3.749508 0.999508 0.984252,
3.938484 1.188484 1.047244,
3.875492 1.125492 0.984252,
3.686516 1.188484 1.047244,
3.749508 1.125492 0.984252,
3.875492 0.999508 0.984252,
3.749508 0.999508 0.984252,
3.749508 1.125492 0.984252,
3.875492 1.125492 0.984252,
3.875492 1.125492 0.984252,
3.875492 0.999508 0.984252,
3.938484 0.936516 1.047244,
3.938484 1.188484 1.047244,
4.686516 0.936516 3.346457,
4.686516 0.936516 1.047244,
4.686516 1.188484 3.346457,
4.686516 1.188484 1.047244,
4.938484 0.936516 3.346457,
4.938484 0.936516 1.047244,
4.686516 0.936516 3.346457,
4.686516 0.936516 1.047244,
4.938484 0.936516 3.346457,
4.686516 0.936516 3.346457,
4.686516 1.188484 3.346457,
4.938484 1.188484 3.346457,
4.938484 1.188484 3.346457,
4.938484 1.188484 1.047244,
4.686516 1.188484 3.346457,
4.686516 1.188484 1.047244,
4.749508 1.125492 0.984252,
4.749508 0.999508 0.984252,
4.686516 0.936516 1.047244,
4.686516 1.188484 1.047244,
4.938484 0.936516 3.346457,
4.938484 0.936516 1.047244,
4.938484 1.188484 3.346457,
4.938484 1.188484 1.047244,
4.938484 0.936516 1.047244,
4.875492 0.999508 0.984252,
4.686516 0.936516 1.047244,
4.749508 0.999508 0.984252,
4.938484 1.188484 1.047244,
4.875492 1.125492 0.984252,
4.686516 1.188484 1.047244,
4.749508 1.125492 0.984252,
4.875492 0.999508 0.984252,
4.749508 0.999508 0.984252,
4.749508 1.125492 0.984252,
4.875492 1.125492 0.984252,
4.875492 1.125492 0.984252,
4.875492 0.999508 0.984252,
4.938484 0.936516 1.047244,
4.938484 1.188484 1.047244,
6.686516 0.936516 3.346457,
6.686516 0.936516 1.047244,
6.686516 1.188484 3.346457,
6.686516 1.188484 1.047244,
6.938484 0.936516 3.346457,
6.938484 0.936516 1.047244,
6.686516 0.936516 3.346457,
6.686516 0.936516 1.047244,
6.938484 0.936516 3.346457,
6.686516 0.936516 3.346457,
6.686516 1.188484 3.346457,
6.938484 1.188484 3.346457,
6.938484 1.188484 3.346457,
6.938484 1.188484 1.047244,
6.686516 1.188484 3.346457,
6.686516 1.188484 1.047244,
6.749508 1.125492 0.984252,
6.749508 0.999508 0.984252,
6.686516 0.936516 1.047244,
6.686516 1.188484 1.047244,
6.938484 0.936516 3.346457,
6.938484 0.936516 1.047244,
6.938484 1.188484 3.346457,
6.938484 1.188484 1.047244,
6.938484 0.936516 1.047244,
6.875492 0.999508 0.984252,
6.686516 0.936516 1.047244,
6.749508 0.999508 0.984252,
6.938484 1.188484 1.047244,
6.875492 1.125492 0.984252,
6.686516 1.188484 1.047244,
6.749508 1.125492 0.984252,
6.875492 0.999508 0.984252,
6.749508 0.999508 0.984252,
6.749508 1.125492 0.984252,
6.875492 1.125492 0.984252,
6.875492 1.125492 0.984252,
6.875492 0.999508 0.984252,
6.938484 0.936516 1.047244,
6.938484 1.188484 1.047244,
5.938484 0.936516 3.346457,
5.938484 0.936516 1.047244,
5.938484 1.188484 3.346457,
5.938484 1.188484 1.047244,
5.938484 0.936516 3.346457,
5.938484 0.936516 1.047244,
5.686516 0.936516 3.346457,
5.686516 0.936516 1.047244,
5.938484 0.936516 3.346457,
5.938484 1.188484 3.346457,
5.686516 0.936516 3.346457,
5.686516 1.188484 3.346457,
5.938484 1.188484 3.346457,
5.938484 1.188484 1.047244,
5.686516 1.188484 3.346457,
5.686516 1.188484 1.047244,
5.875492 1.125492 0.984252,
5.875492 0.999508 0.984252,
5.938484 0.936516 1.047244,
5.938484 1.188484 1.047244,
5.686516 0.936516 3.346457,
5.686516 0.936516 1.047244,
5.686516 1.188484 3.346457,
5.686516 1.188484 1.047244,
5.938484 0.936516 1.047244,
5.875492 0.999508 0.984252,
5.686516 0.936516 1.047244,
5.749508 0.999508 0.984252,
5.938484 1.188484 1.047244,
5.875492 1.125492 0.984252,
5.686516 1.188484 1.047244,
5.749508 1.125492 0.984252,
5.875492 0.999508 0.984252,
5.749508 0.999508 0.984252,
5.749508 1.125492 0.984252,
5.875492 1.125492 0.984252,
5.749508 1.125492 0.984252,
5.749508 0.999508 0.984252,
5.686516 0.936516 1.047244,
5.686516 1.188484 1.047244,
2.938484 0.936516 5.464567,
2.938484 0.936516 4.346457,
2.686516 0.936516 5.464567,
2.686516 0.936516 4.346457,
2.938484 0.936516 5.464567,
2.938484 0.936516 4.346457,
2.938484 1.188484 5.464567,
2.938484 1.188484 4.346457,
2.938484 0.936516 5.464567,
2.875492 0.999508 5.527559,
2.686516 0.936516 5.464567,
2.749508 0.999508 5.527559,
2.686516 0.936516 5.464567,
2.686516 0.936516 4.346457,
2.686516 1.188484 5.464567,
2.686516 1.188484 4.346457,
2.938484 0.936516 4.346457,
2.938484 1.188484 4.346457,
2.686516 0.936516 4.346457,
2.686516 1.188484 4.346457,
2.875492 1.125492 5.527559,
2.875492 0.999508 5.527559,
2.938484 0.936516 5.464567,
2.938484 1.188484 5.464567,
2.938484 1.188484 5.464567,
2.938484 1.188484 4.346457,
2.686516 1.188484 5.464567,
2.686516 1.188484 4.346457,
2.749508 1.125492 5.527559,
2.749508 0.999508 5.527559,
2.686516 0.936516 5.464567,
2.686516 1.188484 5.464567,
2.875492 1.125492 5.527559,
2.875492 0.999508 5.527559,
2.749508 0.999508 5.527559,
2.749508 1.125492 5.527559,
2.938484 1.188484 5.464567,
2.875492 1.125492 5.527559,
2.686516 1.188484 5.464567,
2.749508 1.125492 5.527559,
3.686516 0.936516 5.464567,
3.686516 0.936516 4.346457,
3.686516 1.188484 5.464567,
3.686516 1.188484 4.346457,
3.938484 0.936516 5.464567,
3.938484 0.936516 4.346457,
3.686516 0.936516 5.464567,
3.686516 0.936516 4.346457,
3.749508 1.125492 5.527559,
3.749508 0.999508 5.527559,
3.686516 0.936516 5.464567,
3.686516 1.188484 5.464567,
3.938484 1.188484 5.464567,
3.938484 1.188484 4.346457,
3.686516 1.188484 5.464567,
3.686516 1.188484 4.346457,
3.938484 0.936516 4.346457,
3.686516 0.936516 4.346457,
3.686516 1.188484 4.346457,
3.938484 1.188484 4.346457,
3.938484 0.936516 5.464567,
3.938484 0.936516 4.346457,
3.938484 1.188484 5.464567,
3.938484 1.188484 4.346457,
3.938484 0.936516 5.464567,
3.875492 0.999508 5.527559,
3.686516 0.936516 5.464567,
3.749508 0.999508 5.527559,
3.938484 1.188484 5.464567,
3.875492 1.125492 5.527559,
3.686516 1.188484 5.464567,
3.749508 1.125492 5.527559,
3.875492 1.125492 5.527559,
3.875492 0.999508 5.527559,
3.749508 0.999508 5.527559,
3.749508 1.125492 5.527559,
3.875492 1.125492 5.527559,
3.875492 0.999508 5.527559,
3.938484 0.936516 5.464567,
3.938484 1.188484 5.464567,
4.686516 0.936516 5.464567,
4.686516 0.936516 4.346457,
4.686516 1.188484 5.464567,
4.686516 1.188484 4.346457,
4.938484 0.936516 5.464567,
4.938484 0.936516 4.346457,
4.686516 0.936516 5.464567,
4.686516 0.936516 4.346457,
4.749508 1.125492 5.527559,
4.749508 0.999508 5.527559,
4.686516 0.936516 5.464567,
4.686516 1.188484 5.464567,
4.938484 1.188484 5.464567,
4.938484 1.188484 4.346457,
4.686516 1.188484 5.464567,
4.686516 1.188484 4.346457,
4.938484 0.936516 4.346457,
4.686516 0.936516 4.346457,
4.686516 1.188484 4.346457,
4.938484 1.188484 4.346457,
4.938484 0.936516 5.464567,
4.938484 0.936516 4.346457,
4.938484 1.188484 5.464567,
4.938484 1.188484 4.346457,
4.938484 0.936516 5.464567,
4.875492 0.999508 5.527559,
4.686516 0.936516 5.464567,
4.749508 0.999508 5.527559,
4.938484 1.188484 5.464567,
4.875492 1.125492 5.527559,
4.686516 1.188484 5.464567,
4.749508 1.125492 5.527559,
4.875492 1.125492 5.527559,
4.875492 0.999508 5.527559,
4.749508 0.999508 5.527559,
4.749508 1.125492 5.527559,
4.875492 1.125492 5.527559,
4.875492 0.999508 5.527559,
4.938484 0.936516 5.464567,
4.938484 1.188484 5.464567,
6.686516 0.936516 5.464567,
6.686516 0.936516 4.346457,
6.686516 1.188484 5.464567,
6.686516 1.188484 4.346457,
6.938484 0.936516 5.464567,
6.938484 0.936516 4.346457,
6.686516 0.936516 5.464567,
6.686516 0.936516 4.346457,
6.749508 1.125492 5.527559,
6.749508 0.999508 5.527559,
6.686516 0.936516 5.464567,
6.686516 1.188484 5.464567,
6.938484 1.188484 5.464567,
6.938484 1.188484 4.346457,
6.686516 1.188484 5.464567,
6.686516 1.188484 4.346457,
6.938484 0.936516 4.346457,
6.686516 0.936516 4.346457,
6.686516 1.188484 4.346457,
6.938484 1.188484 4.346457,
6.938484 0.936516 5.464567,
6.938484 0.936516 4.346457,
6.938484 1.188484 5.464567,
6.938484 1.188484 4.346457,
6.938484 0.936516 5.464567,
6.875492 0.999508 5.527559,
6.686516 0.936516 5.464567,
6.749508 0.999508 5.527559,
6.938484 1.188484 5.464567,
6.875492 1.125492 5.527559,
6.686516 1.188484 5.464567,
6.749508 1.125492 5.527559,
6.875492 1.125492 5.527559,
6.875492 0.999508 5.527559,
6.749508 0.999508 5.527559,
6.749508 1.125492 5.527559,
6.875492 1.125492 5.527559,
6.875492 0.999508 5.527559,
6.938484 0.936516 5.464567,
6.938484 1.188484 5.464567,
5.938484 0.936516 5.464567,
5.938484 0.936516 4.346457,
5.938484 1.188484 5.464567,
5.938484 1.188484 4.346457,
5.938484 0.936516 5.464567,
5.938484 0.936516 4.346457,
5.686516 0.936516 5.464567,
5.686516 0.936516 4.346457,
5.875492 1.125492 5.527559,
5.875492 0.999508 5.527559,
5.938484 0.936516 5.464567,
5.938484 1.188484 5.464567,
5.938484 1.188484 5.464567,
5.938484 1.188484 4.346457,
5.686516 1.188484 5.464567,
5.686516 1.188484 4.346457,
5.938484 0.936516 4.346457,
5.938484 1.188484 4.346457,
5.686516 0.936516 4.346457,
5.686516 1.188484 4.346457,
5.938484 0.936516 5.464567,
5.875492 0.999508 5.527559,
5.686516 0.936516 5.464567,
5.749508 0.999508 5.527559,
5.686516 0.936516 5.464567,
5.686516 0.936516 4.346457,
5.686516 1.188484 5.464567,
5.686516 1.188484 4.346457,
5.938484 1.188484 5.464567,
5.875492 1.125492 5.527559,
5.686516 1.188484 5.464567,
5.749508 1.125492 5.527559,
5.875492 1.125492 5.527559,
5.875492 0.999508 5.527559,
5.749508 0.999508 5.527559,
5.749508 1.125492 5.527559,
5.749508 1.125492 5.527559,
5.749508 0.999508 5.527559,
5.686516 0.936516 5.464567,
5.686516 1.188484 5.464567 ] } coordIndex [ 3 0 2 -1,
1 0 3 -1,
5 6 4 -1,
5 7 6 -1,
10 8 9 -1,
10 9 11 -1,
13 12 14 -1,
13 14 15 -1,
19 17 16 -1,
19 16 18 -1,
23 22 20 -1,
21 23 20 -1,
24 26 25 -1,
24 27 26 -1,
28 29 30 -1,
28 30 31 -1,
33 34 35 -1,
33 35 32 -1,
38 36 37 -1,
39 38 37 -1,
43 40 42 -1,
41 40 43 -1,
47 44 46 -1,
45 44 47 -1,
49 51 50 -1,
49 48 51 -1,
55 54 52 -1,
53 55 52 -1,
56 57 58 -1,
56 58 59 -1,
63 62 60 -1,
61 63 60 -1,
66 65 64 -1,
67 65 66 -1,
71 68 69 -1,
71 70 68 -1,
73 74 75 -1,
73 75 72 -1,
79 78 77 -1,
76 79 77 -1,
83 80 82 -1,
81 80 83 -1,
87 84 86 -1,
85 84 87 -1,
89 91 90 -1,
89 88 91 -1,
95 94 92 -1,
93 95 92 -1,
96 97 98 -1,
96 98 99 -1,
103 102 100 -1,
101 103 100 -1,
106 105 104 -1,
107 105 106 -1,
111 108 109 -1,
111 110 108 -1,
113 114 115 -1,
113 115 112 -1,
116 118 117 -1,
116 119 118 -1,
121 120 122 -1,
121 122 123 -1,
125 124 126 -1,
125 126 127 -1,
129 131 130 -1,
129 128 131 -1,
133 134 132 -1,
133 135 134 -1,
139 137 138 -1,
136 137 139 -1,
141 142 140 -1,
141 143 142 -1,
147 145 144 -1,
147 144 146 -1,
151 148 149 -1,
151 150 148 -1,
153 154 155 -1,
153 155 152 -1,
159 158 157 -1,
156 159 157 -1,
163 162 160 -1,
161 163 160 -1,
167 164 166 -1,
165 164 167 -1,
170 168 169 -1,
170 169 171 -1,
175 174 172 -1,
173 175 172 -1,
179 178 177 -1,
176 179 177 -1,
183 180 182 -1,
181 180 183 -1,
186 185 184 -1,
187 185 186 -1,
191 188 189 -1,
191 190 188 -1,
193 194 195 -1,
193 195 192 -1,
196 197 198 -1,
196 198 199 -1,
201 200 202 -1,
201 202 203 -1,
205 206 204 -1,
205 207 206 -1,
211 208 209 -1,
211 210 208 -1,
213 212 214 -1,
213 214 215 -1,
216 219 217 -1,
218 219 216 -1,
220 221 222 -1,
220 222 223 -1,
225 226 224 -1,
225 227 226 -1,
228 230 229 -1,
228 231 230 -1,
234 233 232 -1,
234 232 235 -1,
239 237 236 -1,
239 236 238 -1,
241 240 242 -1,
241 242 243 -1,
245 244 246 -1,
245 246 247 -1,
248 250 249 -1,
248 251 250 -1,
253 254 252 -1,
253 255 254 -1,
257 258 259 -1,
257 259 256 -1,
261 262 260 -1,
261 263 262 -1,
266 264 265 -1,
267 266 265 -1,
271 269 268 -1,
271 268 270 -1,
274 273 272 -1,
274 272 275 -1,
279 277 278 -1,
276 277 279 -1,
281 280 282 -1,
281 282 283 -1,
285 284 286 -1,
285 286 287 -1,
288 290 289 -1,
288 291 290 -1,
293 294 292 -1,
293 295 294 -1,
297 298 299 -1,
297 299 296 -1,
301 302 300 -1,
301 303 302 -1,
306 304 305 -1,
307 306 305 -1,
311 309 308 -1,
311 308 310 -1,
314 313 312 -1,
314 312 315 -1,
316 317 318 -1,
316 318 319 -1,
321 320 322 -1,
321 322 323 -1,
325 324 326 -1,
325 326 327 -1,
331 330 329 -1,
328 331 329 -1,
333 334 332 -1,
333 335 334 -1,
337 338 339 -1,
337 339 336 -1,
341 342 340 -1,
341 343 342 -1,
347 344 345 -1,
347 346 344 -1,
351 349 348 -1,
351 348 350 -1,
355 353 352 -1,
354 353 355 -1,
359 357 358 -1,
356 357 359 -1,
361 362 360 -1,
361 363 362 -1,
365 364 366 -1,
365 366 367 -1,
368 369 370 -1,
368 370 371 -1,
373 374 372 -1,
373 375 374 -1,
378 377 376 -1,
378 379 377 -1,
382 380 381 -1,
383 382 381 -1,
385 384 386 -1,
385 386 387 -1,
391 389 388 -1,
391 388 390 -1,
394 393 392 -1,
394 392 395 -1,
396 398 397 -1,
396 399 398 -1 ] solid TRUE creaseAngle 0.5 } }
# header_pad_1
Shape { appearance Appearance { material Material { diffuseColor 0.78 0.58 0.16 } } geometry IndexedFaceSet { coord Coordinate { point [ 3.147146 1.062500 4.976378,
3.147146 1.062500 4.992126,
3.146210 1.087508 4.992126,
3.143408 1.112376 4.992126,
3.138755 1.136966 4.992126,
3.132278 1.161139 4.992126,
3.124013 1.184760 4.992126,
3.114005 1.207697 4.992126,
3.102312 1.229823 4.992126,
3.088997 1.251013 4.992126,
3.074137 1.271148 4.992126,
3.057813 1.290117 4.992126,
3.040117 1.307813 4.992126,
3.021148 1.324137 4.992126,
3.001013 1.338997 4.992126,
2.979823 1.352312 4.992126,
2.957697 1.364005 4.992126,
2.934760 1.374013 4.992126,
2.911139 1.382278 4.992126,
2.886966 1.388755 4.992126,
2.862376 1.393408 4.992126,
2.837508 1.396210 4.992126,
2.812500 1.397146 4.992126,
2.787492 1.396210 4.992126,
2.762624 1.393408 4.992126,
2.738034 1.388755 4.992126,
2.713861 1.382278 4.992126,
2.690240 1.374013 4.992126,
2.667303 1.364005 4.992126,
2.645177 1.352312 4.992126,
2.623987 1.338997 4.992126,
2.603852 1.324137 4.992126,
2.584883 1.307813 4.992126,
2.567187 1.290117 4.992126,
2.550863 1.271148 4.992126,
2.536003 1.251013 4.992126,
2.522688 1.229823 4.992126,
2.510995 1.207697 4.992126,
2.500987 1.184760 4.992126,
2.492722 1.161139 4.992126,
2.486245 1.136966 4.992126,
2.481592 1.112376 4.992126,
2.478790 1.087508 4.992126,
2.477854 1.062500 4.992126,
2.478790 1.037492 4.992126,
2.481592 1.012624 4.992126,
2.486245 0.988034 4.992126,
2.492722 0.963861 4.992126,
2.500987 0.940240 4.992126,
2.510995 0.917303 4.992126,
2.522688 0.895177 4.992126,
2.536003 0.873987 4.992126,
2.550863 0.853852 4.992126,
2.567187 0.834883 4.992126,
2.584883 0.817187 4.992126,
2.603852 0.800863 4.992126,
2.623987 0.786003 4.992126,
2.645177 0.772688 4.992126,
2.667303 0.760995 4.992126,
2.690240 0.750987 4.992126,
2.713861 0.742722 4.992126,
2.738034 0.736245 4.992126,
2.762624 0.731592 4.992126,
2.787492 0.728790 4.992126,
2.812500 0.727854 4.992126,
2.837508 0.728790 4.992126,
2.862376 0.731592 4.992126,
2.886966 0.736245 4.992126,
2.911139 0.742722 4.992126,
2.934760 0.750987 4.992126,
2.957697 0.760995 4.992126,
2.979823 0.772688 4.992126,
3.001013 0.786003 4.992126,
3.021148 0.800863 4.992126,
3.040117 0.817187 4.992126,
3.057813 0.834883 4.992126,
3.074137 0.853852 4.992126,
3.088997 0.873987 4.992126,
3.102312 0.895177 4.992126,
3.114005 0.917303 4.992126,
3.124013 0.940240 4.992126,
3.132278 0.963861 4.992126,
3.138755 0.988034 4.992126,
3.143408 1.012624 4.992126,
3.146210 1.037492 4.992126,
3.147146 1.062500 4.992126,
3.147146 1.062500 4.976378,
3.146210 1.087508 4.976378,
3.143408 1.112376 4.976378,
3.138755 1.136966 4.976378,
3.132278 1.161139 4.976378,
3.124013 1.184760 4.976378,
3.114005 1.207697 4.976378,
3.102312 1.229823 4.976378,
3.088997 1.251013 4.976378,
3.074137 1.271148 4.976378,
3.057813 1.290117 4.976378,
3.040117 1.307813 4.976378,
3.021148 1.324137 4.976378,
3.001013 1.338997 4.976378,
2.979823 1.352312 4.976378,
2.957697 1.364005 4.976378,
2.934760 1.374013 4.976378,
2.911139 1.382278 4.976378,
2.886966 1.388755 4.976378,
2.862376 1.393408 4.976378,
2.837508 1.396210 4.976378,
2.812500 1.397146 4.976378,
2.787492 1.396210 4.976378,
2.762624 1.393408 4.976378,
2.738034 1.388755 4.976378,
2.713861 1.382278 4.976378,
2.690240 1.374013 4.976378,
2.667303 1.364005 4.976378,
2.645177 1.352312 4.976378,
2.623987 1.338997 4.976378,
2.603852 1.324137 4.976378,
2.584883 1.307813 4.976378,
2.567187 1.290117 4.976378,
2.550863 1.271148 4.976378,
2.536003 1.251013 4.976378,
2.522688 1.229823 4.976378,
2.510995 1.207697 4.976378,
2.500987 1.184760 4.976378,
2.492722 1.161139 4.976378,
2.486245 1.136966 4.976378,
2.481592 1.112376 4.976378,
2.478790 1.087508 4.976378,
2.477854 1.062500 4.976378,
2.478790 1.037492 4.976378,
2.481592 1.012624 4.976378,
2.486245 0.988034 4.976378,
2.492722 0.963861 4.976378,
2.500987 0.940240 4.976378,
2.510995 0.917303 4.976378,
2.522688 0.895177 4.976378,
2.536003 0.873987 4.976378,
2.550863 0.853852 4.976378,
2.567187 0.834883 4.976378,
2.584883 0.817187 4.976378,
2.603852 0.800863 4.976378,
2.623987 0.786003 4.976378,
2.645177 0.772688 4.976378,
2.667303 0.760995 4.976378,
2.690240 0.750987 4.976378,
2.713861 0.742722 4.976378,
2.738034 0.736245 4.976378,
2.762624 0.731592 4.976378,
2.787492 0.728790 4.976378,
2.812500 0.727854 4.976378,
2.837508 0.728790 4.976378,
2.862376 0.731592 4.976378,
2.886966 0.736245 4.976378,
2.911139 0.742722 4.976378,
2.934760 0.750987 4.976378,
2.957697 0.760995 4.976378,
2.979823 0.772688 4.976378,
3.001013 0.786003 4.976378,
3.021148 0.800863 4.976378,
3.040117 0.817187 4.976378,
3.057813 0.834883 4.976378,
3.074137 0.853852 4.976378,
3.088997 0.873987 4.976378,
3.102312 0.895177 4.976378,
3.114005 0.917303 4.976378,
3.124013 0.940240 4.976378,
3.132278 0.963861 4.976378,
3.138755 0.988034 4.976378,
3.143408 1.012624 4.976378,
3.146210 1.037492 4.976378,
2.954232 1.062500 4.976378,
2.954232 1.062500 4.992126,
2.953836 1.073092 4.992126,
2.952649 1.083624 4.992126,
2.950679 1.094038 4.992126,
2.947936 1.104276 4.992126,
2.944435 1.114281 4.992126,
2.940196 1.123995 4.992126,
2.935244 1.133366 4.992126,
2.929605 1.142341 4.992126,
2.923311 1.150869 4.992126,
2.916397 1.158902 4.992126,
2.908902 1.166397 4.992126,
2.900869 1.173311 4.992126,
2.892341 1.179605 4.992126,
2.883366 1.185244 4.992126,
2.873995 1.190196 4.992126,
2.864281 1.194435 4.992126,
2.854276 1.197936 4.992126,
2.844038 1.200679 4.992126,
2.833624 1.202649 4.992126,
2.823092 1.203836 4.992126,
2.812500 1.204232 4.992126,
2.801908 1.203836 4.992126,
2.791376 1.202649 4.992126,
2.780962 1.200679 4.992126,
2.770724 1.197936 4.992126,
2.760719 1.194435 4.992126,
2.751005 1.190196 4.992126,
2.741634 1.185244 4.992126,
2.732659 1.179605 4.992126,
2.724131 1.173311 4.992126,
2.716098 1.166397 4.992126,
2.708603 1.158902 4.992126,
2.701689 1.150869 4.992126,
2.695395 1.142341 4.992126,
2.689756 1.133366 4.992126,
2.684804 1.123995 4.992126,
2.680565 1.114281 4.992126,
2.677064 1.104276 4.992126,
2.674321 1.094038 4.992126,
2.672351 1.083624 4.992126,
2.671164 1.073092 4.992126,
2.670768 1.062500 4.992126,
2.671164 1.051908 4.992126,
2.672351 1.041376 4.992126,
2.674321 1.030962 4.992126,
2.677064 1.020724 4.992126,
2.680565 1.010719 4.992126,
2.684804 1.001005 4.992126,
2.689756 0.991634 4.992126,
2.695395 0.982659 4.992126,
2.701689 0.974131 4.992126,
2.708603 0.966098 4.992126,
2.716098 0.958603 4.992126,
2.724131 0.951689 4.992126,
2.732659 0.945395 4.992126,
2.741634 0.939756 4.992126,
2.751005 0.934804 4.992126,
2.760719 0.930565 4.992126,
2.770724 0.927064 4.992126,
2.780962 0.924321 4.992126,
2.791376 0.922351 4.992126,
2.801908 0.921164 4.992126,
2.812500 0.920768 4.992126,
2.823092 0.921164 4.992126,
2.833624 0.922351 4.992126,
2.844038 0.924321 4.992126,
2.854276 0.927064 4.992126,
2.864281 0.930565 4.992126,
2.873995 0.934804 4.992126,
2.883366 0.939756 4.992126,
2.892341 0.945395 4.992126,
2.900869 0.951689 4.992126,
2.908902 0.958603 4.992126,
2.916397 0.966098 4.992126,
2.923311 0.974131 4.992126,
2.929605 0.982659 4.992126,
2.935244 0.991634 4.992126,
2.940196 1.001005 4.992126,
2.944435 1.010719 4.992126,
2.947936 1.020724 4.992126,
2.950679 1.030962 4.992126,
2.952649 1.041376 4.992126,
2.953836 1.051908 4.992126,
2.954232 1.062500 4.992126,
2.954232 1.062500 4.976378,
2.953836 1.073092 4.976378,
2.952649 1.083624 4.976378,
2.950679 1.094038 4.976378,
2.947936 1.104276 4.976378,
2.944435 1.114281 4.976378,
2.940196 1.123995 4.976378,
2.935244 1.133366 4.976378,
2.929605 1.142341 4.976378,
2.923311 1.150869 4.976378,
2.916397 1.158902 4.976378,
2.908902 1.166397 4.976378,
2.900869 1.173311 4.976378,
2.892341 1.179605 4.976378,
2.883366 1.185244 4.976378,
2.873995 1.190196 4.976378,
2.864281 1.194435 4.976378,
2.854276 1.197936 4.976378,
2.844038 1.200679 4.976378,
2.833624 1.202649 4.976378,
2.823092 1.203836 4.976378,
2.812500 1.204232 4.976378,
2.801908 1.203836 4.976378,
2.791376 1.202649 4.976378,
2.780962 1.200679 4.976378,
2.770724 1.197936 4.976378,
2.760719 1.194435 4.976378,
2.751005 1.190196 4.976378,
2.741634 1.185244 4.976378,
2.732659 1.179605 4.976378,
2.724131 1.173311 4.976378,
2.716098 1.166397 4.976378,
2.708603 1.158902 4.976378,
2.701689 1.150869 4.976378,
2.695395 1.142341 4.976378,
2.689756 1.133366 4.976378,
2.684804 1.123995 4.976378,
2.680565 1.114281 4.976378,
2.677064 1.104276 4.976378,
2.674321 1.094038 4.976378,
2.672351 1.083624 4.976378,
2.671164 1.073092 4.976378,
2.670768 1.062500 4.976378,
2.671164 1.051908 4.976378,
2.672351 1.041376 4.976378,
2.674321 1.030962 4.976378,
2.677064 1.020724 4.976378,
2.680565 1.010719 4.976378,
2.684804 1.001005 4.976378,
2.689756 0.991634 4.976378,
2.695395 0.982659 4.976378,
2.701689 0.974131 4.976378,
2.708603 0.966098 4.976378,
2.716098 0.958603 4.976378,
2.724131 0.951689 4.976378,
2.732659 0.945395 4.976378,
2.741634 0.939756 4.976378,
2.751005 0.934804 4.976378,
2.760719 0.930565 4.976378,
2.770724 0.927064 4.976378,
2.780962 0.924321 4.976378,
2.791376 0.922351 4.976378,
2.801908 0.921164 4.976378,
2.812500 0.920768 4.976378,
2.823092 0.921164 4.976378,
2.833624 0.922351 4.976378,
2.844038 0.924321 4.976378,
2.854276 0.927064 4.976378,
2.864281 0.930565 4.976378,
2.873995 0.934804 4.976378,
2.883366 0.939756 4.976378,
2.892341 0.945395 4.976378,
2.900869 0.951689 4.976378,
2.908902 0.958603 4.976378,
2.916397 0.966098 4.976378,
2.923311 0.974131 4.976378,
2.929605 0.982659 4.976378,
2.935244 0.991634 4.976378,
2.940196 1.001005 4.976378,
2.944435 1.010719 4.976378,
2.947936 1.020724 4.976378,
2.950679 1.030962 4.976378,
2.952649 1.041376 4.976378,
2.953836 1.051908 4.976378,
3.147146 1.062500 4.976378,
3.146210 1.087508 4.976378,
3.143408 1.112376 4.976378,
3.138755 1.136966 4.976378,
3.132278 1.161139 4.976378,
3.124013 1.184760 4.976378,
3.114005 1.207697 4.976378,
3.102312 1.229823 4.976378,
3.088997 1.251013 4.976378,
3.074137 1.271148 4.976378,
3.057813 1.290117 4.976378,
3.040117 1.307813 4.976378,
3.021148 1.324137 4.976378,
3.001013 1.338997 4.976378,
2.979823 1.352312 4.976378,
2.957697 1.364005 4.976378,
2.934760 1.374013 4.976378,
2.911139 1.382278 4.976378,
2.886966 1.388755 4.976378,
2.862376 1.393408 4.976378,
2.837508 1.396210 4.976378,
2.812500 1.397146 4.976378,
2.787492 1.396210 4.976378,
2.762624 1.393408 4.976378,
2.738034 1.388755 4.976378,
2.713861 1.382278 4.976378,
2.690240 1.374013 4.976378,
2.667303 1.364005 4.976378,
2.645177 1.352312 4.976378,
2.623987 1.338997 4.976378,
2.603852 1.324137 4.976378,
2.584883 1.307813 4.976378,
2.567187 1.290117 4.976378,
2.550863 1.271148 4.976378,
2.536003 1.251013 4.976378,
2.522688 1.229823 4.976378,
2.510995 1.207697 4.976378,
2.500987 1.184760 4.976378,
2.492722 1.161139 4.976378,
2.486245 1.136966 4.976378,
2.481592 1.112376 4.976378,
2.478790 1.087508 4.976378,
2.477854 1.062500 4.976378,
2.478790 1.037492 4.976378,
2.481592 1.012624 4.976378,
2.486245 0.988034 4.976378,
2.492722 0.963861 4.976378,
2.500987 0.940240 4.976378,
2.510995 0.917303 4.976378,
2.522688 0.895177 4.976378,
2.536003 0.873987 4.976378,
2.550863 0.853852 4.976378,
2.567187 0.834883 4.976378,
2.584883 0.817187 4.976378,
2.603852 0.800863 4.976378,
2.623987 0.786003 4.976378,
2.645177 0.772688 4.976378,
2.667303 0.760995 4.976378,
2.690240 0.750987 4.976378,
2.713861 0.742722 4.976378,
2.738034 0.736245 4.976378,
2.762624 0.731592 4.976378,
2.787492 0.728790 4.976378,
2.812500 0.727854 4.976378,
2.837508 0.728790 4.976378,
2.862376 0.731592 4.976378,
2.886966 0.736245 4.976378,
2.911139 0.742722 4.976378,
2.934760 0.750987 4.976378,
2.957697 0.760995 4.976378,
2.979823 0.772688 4.976378,
3.001013 0.786003 4.976378,
3.021148 0.800863 4.976378,
3.040117 0.817187 4.976378,
3.057813 0.834883 4.976378,
3.074137 0.853852 4.976378,
3.088997 0.873987 4.976378,
3.102312 0.895177 4.976378,
3.114005 0.917303 4.976378,
3.124013 0.940240 4.976378,
3.132278 0.963861 4.976378,
3.138755 0.988034 4.976378,
3.143408 1.012624 4.976378,
3.146210 1.037492 4.976378,
2.954232 1.062500 4.976378,
2.953836 1.073092 4.976378,
2.952649 1.083624 4.976378,
2.950679 1.094038 4.976378,
2.947936 1.104276 4.976378,
2.944435 1.114281 4.976378,
2.940196 1.123995 4.976378,
2.935244 1.133366 4.976378,
2.929605 1.142341 4.976378,
2.923311 1.150869 4.976378,
2.916397 1.158902 4.976378,
2.908902 1.166397 4.976378,
2.900869 1.173311 4.976378,
2.892341 1.179605 4.976378,
2.883366 1.185244 4.976378,
2.873995 1.190196 4.976378,
2.864281 1.194435 4.976378,
2.854276 1.197936 4.976378,
2.844038 1.200679 4.976378,
2.833624 1.202649 4.976378,
2.823092 1.203836 4.976378,
2.812500 1.204232 4.976378,
2.801908 1.203836 4.976378,
2.791376 1.202649 4.976378,
2.780962 1.200679 4.976378,
2.770724 1.197936 4.976378,
2.760719 1.194435 4.976378,
2.751005 1.190196 4.976378,
2.741634 1.185244 4.976378,
2.732659 1.179605 4.976378,
2.724131 1.173311 4.976378,
2.716098 1.166397 4.976378,
2.708603 1.158902 4.976378,
2.701689 1.150869 4.976378,
2.695395 1.142341 4.976378,
2.689756 1.133366 4.976378,
2.684804 1.123995 4.976378,
2.680565 1.114281 4.976378,
2.677064 1.104276 4.976378,
2.674321 1.094038 4.976378,
2.672351 1.083624 4.976378,
2.671164 1.073092 4.976378,
2.670768 1.062500 4.976378,
2.671164 1.051908 4.976378,
2.672351 1.041376 4.976378,
2.674321 1.030962 4.976378,
2.677064 1.020724 4.976378,
2.680565 1.010719 4.976378,
2.684804 1.001005 4.976378,
2.689756 0.991634 4.976378,
2.695395 0.982659 4.976378,
2.701689 0.974131 4.976378,
2.708603 0.966098 4.976378,
2.716098 0.958603 4.976378,
2.724131 0.951689 4.976378,
2.732659 0.945395 4.976378,
2.741634 0.939756 4.976378,
2.751005 0.934804 4.976378,
2.760719 0.930565 4.976378,
2.770724 0.927064 4.976378,
2.780962 0.924321 4.976378,
2.791376 0.922351 4.976378,
2.801908 0.921164 4.976378,
2.812500 0.920768 4.976378,
2.823092 0.921164 4.976378,
2.833624 0.922351 4.976378,
2.844038 0.924321 4.976378,
2.854276 0.927064 4.976378,
2.864281 0.930565 4.976378,
2.873995 0.934804 4.976378,
2.883366 0.939756 4.976378,
2.892341 0.945395 4.976378,
2.900869 0.951689 4.976378,
2.908902 0.958603 4.976378,
2.916397 0.966098 4.976378,
2.923311 0.974131 4.976378,
2.929605 0.982659 4.976378,
2.935244 0.991634 4.976378,
2.940196 1.001005 4.976378,
2.944435 1.010719 4.976378,
2.947936 1.020724 4.976378,
2.950679 1.030962 4.976378,
2.952649 1.041376 4.976378,
2.953836 1.051908 4.976378,
3.147146 1.062500 4.992126,
3.146210 1.087508 4.992126,
3.143408 1.112376 4.992126,
3.138755 1.136966 4.992126,
3.132278 1.161139 4.992126,
3.124013 1.184760 4.992126,
3.114005 1.207697 4.992126,
3.102312 1.229823 4.992126,
3.088997 1.251013 4.992126,
3.074137 1.271148 4.992126,
3.057813 1.290117 4.992126,
3.040117 1.307813 4.992126,
3.021148 1.324137 4.992126,
3.001013 1.338997 4.992126,
2.979823 1.352312 4.992126,
2.957697 1.364005 4.992126,
2.934760 1.374013 4.992126,
2.911139 1.382278 4.992126,
2.886966 1.388755 4.992126,
2.862376 1.393408 4.992126,
2.837508 1.396210 4.992126,
2.812500 1.397146 4.992126,
2.787492 1.396210 4.992126,
2.762624 1.393408 4.992126,
2.738034 1.388755 4.992126,
2.713861 1.382278 4.992126,
2.690240 1.374013 4.992126,
2.667303 1.364005 4.992126,
2.645177 1.352312 4.992126,
2.623987 1.338997 4.992126,
2.603852 1.324137 4.992126,
2.584883 1.307813 4.992126,
2.567187 1.290117 4.992126,
2.550863 1.271148 4.992126,
2.536003 1.251013 4.992126,
2.522688 1.229823 4.992126,
2.510995 1.207697 4.992126,
2.500987 1.184760 4.992126,
2.492722 1.161139 4.992126,
2.486245 1.136966 4.992126,
2.481592 1.112376 4.992126,
2.478790 1.087508 4.992126,
2.477854 1.062500 4.992126,
2.478790 1.037492 4.992126,
2.481592 1.012624 4.992126,
2.486245 0.988034 4.992126,
2.492722 0.963861 4.992126,
2.500987 0.940240 4.992126,
2.510995 0.917303 4.992126,
2.522688 0.895177 4.992126,
2.536003 0.873987 4.992126,
2.550863 0.853852 4.992126,
2.567187 0.834883 4.992126,
2.584883 0.817187 4.992126,
2.603852 0.800863 4.992126,
2.623987 0.786003 4.992126,
2.645177 0.772688 4.992126,
2.667303 0.760995 4.992126,
2.690240 0.750987 4.992126,
2.713861 0.742722 4.992126,
2.738034 0.736245 4.992126,
2.762624 0.731592 4.992126,
2.787492 0.728790 4.992126,
2.812500 0.727854 4.992126,
2.837508 0.728790 4.992126,
2.862376 0.731592 4.992126,
2.886966 0.736245 4.992126,
2.911139 0.742722 4.992126,
2.934760 0.750987 4.992126,
2.957697 0.760995 4.992126,
2.979823 0.772688 4.992126,
3.001013 0.786003 4.992126,
3.021148 0.800863 4.992126,
3.040117 0.817187 4.992126,
3.057813 0.834883 4.992126,
3.074137 0.853852 4.992126,
3.088997 0.873987 4.992126,
3.102312 0.895177 4.992126,
3.114005 0.917303 4.992126,
3.124013 0.940240 4.992126,
3.132278 0.963861 4.992126,
3.138755 0.988034 4.992126,
3.143408 1.012624 4.992126,
3.146210 1.037492 4.992126,
2.954232 1.062500 4.992126,
2.953836 1.073092 4.992126,
2.952649 1.083624 4.992126,
2.950679 1.094038 4.992126,
2.947936 1.104276 4.992126,
2.944435 1.114281 4.992126,
2.940196 1.123995 4.992126,
2.935244 1.133366 4.992126,
2.929605 1.142341 4.992126,
2.923311 1.150869 4.992126,
2.916397 1.158902 4.992126,
2.908902 1.166397 4.992126,
2.900869 1.173311 4.992126,
2.892341 1.179605 4.992126,
2.883366 1.185244 4.992126,
2.873995 1.190196 4.992126,
2.864281 1.194435 4.992126,
2.854276 1.197936 4.992126,
2.844038 1.200679 4.992126,
2.833624 1.202649 4.992126,
2.823092 1.203836 4.992126,
2.812500 1.204232 4.992126,
2.801908 1.203836 4.992126,
2.791376 1.202649 4.992126,
2.780962 1.200679 4.992126,
2.770724 1.197936 4.992126,
2.760719 1.194435 4.992126,
2.751005 1.190196 4.992126,
2.741634 1.185244 4.992126,
2.732659 1.179605 4.992126,
2.724131 1.173311 4.992126,
2.716098 1.166397 4.992126,
2.708603 1.158902 4.992126,
2.701689 1.150869 4.992126,
2.695395 1.142341 4.992126,
2.689756 1.133366 4.992126,
2.684804 1.123995 4.992126,
2.680565 1.114281 4.992126,
2.677064 1.104276 4.992126,
2.674321 1.094038 4.992126,
2.672351 1.083624 4.992126,
2.671164 1.073092 4.992126,
2.670768 1.062500 4.992126,
2.671164 1.051908 4.992126,
2.672351 1.041376 4.992126,
2.674321 1.030962 4.992126,
2.677064 1.020724 4.992126,
2.680565 1.010719 4.992126,
2.684804 1.001005 4.992126,
2.689756 0.991634 4.992126,
2.695395 0.982659 4.992126,
2.701689 0.974131 4.992126,
2.708603 0.966098 4.992126,
2.716098 0.958603 4.992126,
2.724131 0.951689 4.992126,
2.732659 0.945395 4.992126,
2.741634 0.939756 4.992126,
2.751005 0.934804 4.992126,
2.760719 0.930565 4.992126,
2.770724 0.927064 4.992126,
2.780962 0.924321 4.992126,
2.791376 0.922351 4.992126,
2.801908 0.921164 4.992126,
2.812500 0.920768 4.992126,
2.823092 0.921164 4.992126,
2.833624 0.922351 4.992126,
2.844038 0.924321 4.992126,
2.854276 0.927064 4.992126,
2.864281 0.930565 4.992126,
2.873995 0.934804 4.992126,
2.883366 0.939756 4.992126,
2.892341 0.945395 4.992126,
2.900869 0.951689 4.992126,
2.908902 0.958603 4.992126,
2.916397 0.966098 4.992126,
2.923311 0.974131 4.992126,
2.929605 0.982659 4.992126,
2.935244 0.991634 4.992126,
2.940196 1.001005 4.992126,
2.944435 1.010719 4.992126,
2.947936 1.020724 4.992126,
2.950679 1.030962 4.992126,
2.952649 1.041376 4.992126,
2.953836 1.051908 4.992126 ] } coordIndex [ 87 1 0 -1,
87 2 1 -1,
88 3 2 -1,
88 2 87 -1,
89 4 3 -1,
89 3 88 -1,
90 5 4 -1,
90 4 89 -1,
91 6 5 -1,
91 5 90 -1,
92 7 6 -1,
92 6 91 -1,
93 8 7 -1,
93 7 92 -1,
94 8 93 -1,
94 9 8 -1,
95 10 9 -1,
95 9 94 -1,
96 11 10 -1,
96 10 95 -1,
97 12 11 -1,
97 11 96 -1,
98 13 12 -1,
98 12 97 -1,
99 14 13 -1,
99 13 98 -1,
100 15 14 -1,
100 14 99 -1,
101 16 15 -1,
101 15 100 -1,
102 17 16 -1,
102 16 101 -1,
103 18 17 -1,
103 17 102 -1,
104 19 18 -1,
104 18 103 -1,
105 20 19 -1,
105 19 104 -1,
106 21 20 -1,
106 22 21 -1,
106 20 105 -1,
107 22 106 -1,
108 23 22 -1,
108 22 107 -1,
109 24 23 -1,
109 23 108 -1,
110 25 24 -1,
110 24 109 -1,
111 26 25 -1,
111 25 110 -1,
112 27 26 -1,
112 26 111 -1,
113 28 27 -1,
113 27 112 -1,
114 29 28 -1,
114 28 113 -1,
115 30 29 -1,
115 29 114 -1,
116 31 30 -1,
116 30 115 -1,
117 32 31 -1,
117 33 32 -1,
117 31 116 -1,
118 33 117 -1,
119 33 118 -1,
119 34 33 -1,
120 34 119 -1,
120 35 34 -1,
121 35 120 -1,
121 36 35 -1,
122 36 121 -1,
122 37 36 -1,
123 37 122 -1,
123 38 37 -1,
123 39 38 -1,
124 39 123 -1,
125 39 124 -1,
125 40 39 -1,
126 40 125 -1,
126 41 40 -1,
127 41 126 -1,
127 42 41 -1,
128 42 127 -1,
128 43 42 -1,
128 44 43 -1,
129 45 44 -1,
129 44 128 -1,
130 45 129 -1,
131 46 45 -1,
131 45 130 -1,
132 47 46 -1,
132 48 47 -1,
132 46 131 -1,
133 49 48 -1,
133 48 132 -1,
134 49 133 -1,
135 50 49 -1,
135 49 134 -1,
136 51 50 -1,
136 50 135 -1,
137 52 51 -1,
137 51 136 -1,
138 53 52 -1,
138 52 137 -1,
139 54 53 -1,
139 55 54 -1,
139 53 138 -1,
140 55 139 -1,
141 56 55 -1,
141 55 140 -1,
142 57 56 -1,
142 58 57 -1,
142 56 141 -1,
143 58 142 -1,
144 58 143 -1,
144 59 58 -1,
145 59 144 -1,
145 60 59 -1,
146 60 145 -1,
146 61 60 -1,
147 61 146 -1,
147 62 61 -1,
148 62 147 -1,
148 63 62 -1,
148 64 63 -1,
149 64 148 -1,
150 64 149 -1,
150 65 64 -1,
151 65 150 -1,
151 66 65 -1,
151 67 66 -1,
152 67 151 -1,
153 67 152 -1,
153 68 67 -1,
154 68 153 -1,
154 69 68 -1,
155 69 154 -1,
155 70 69 -1,
156 70 155 -1,
156 71 70 -1,
156 72 71 -1,
157 72 156 -1,
158 72 157 -1,
158 73 72 -1,
159 73 158 -1,
159 74 73 -1,
160 74 159 -1,
160 75 74 -1,
161 75 160 -1,
161 76 75 -1,
162 76 161 -1,
162 77 76 -1,
162 78 77 -1,
163 78 162 -1,
164 79 78 -1,
164 78 163 -1,
165 80 79 -1,
165 81 80 -1,
165 79 164 -1,
166 81 165 -1,
167 82 81 -1,
167 83 82 -1,
167 81 166 -1,
168 83 167 -1,
169 84 83 -1,
169 83 168 -1,
86 84 169 -1,
86 85 84 -1,
257 170 171 -1,
257 171 172 -1,
258 172 173 -1,
258 257 172 -1,
259 173 174 -1,
259 258 173 -1,
260 174 175 -1,
260 259 174 -1,
261 175 176 -1,
261 260 175 -1,
262 176 177 -1,
262 261 176 -1,
263 177 178 -1,
263 262 177 -1,
264 263 178 -1,
264 178 179 -1,
265 179 180 -1,
265 264 179 -1,
266 180 181 -1,
266 265 180 -1,
267 181 182 -1,
267 266 181 -1,
268 182 183 -1,
268 267 182 -1,
269 183 184 -1,
269 268 183 -1,
270 184 185 -1,
270 269 184 -1,
271 185 186 -1,
271 270 185 -1,
272 186 187 -1,
272 271 186 -1,
273 187 188 -1,
273 272 187 -1,
274 188 189 -1,
274 273 188 -1,
275 189 190 -1,
275 274 189 -1,
276 190 191 -1,
276 191 192 -1,
276 275 190 -1,
277 276 192 -1,
278 192 193 -1,
278 277 192 -1,
279 193 194 -1,
279 278 193 -1,
280 194 195 -1,
280 279 194 -1,
281 195 196 -1,
281 280 195 -1,
282 196 197 -1,
282 281 196 -1,
283 197 198 -1,
283 282 197 -1,
284 198 199 -1,
284 283 198 -1,
285 199 200 -1,
285 284 199 -1,
286 200 201 -1,
286 285 200 -1,
287 201 202 -1,
287 202 203 -1,
287 286 201 -1,
288 287 203 -1,
289 288 203 -1,
289 203 204 -1,
290 289 204 -1,
290 204 205 -1,
291 290 205 -1,
291 205 206 -1,
292 291 206 -1,
292 206 207 -1,
293 292 207 -1,
293 207 208 -1,
293 208 209 -1,
294 293 209 -1,
295 294 209 -1,
295 209 210 -1,
296 295 210 -1,
296 210 211 -1,
297 296 211 -1,
297 211 212 -1,
298 297 212 -1,
298 212 213 -1,
298 213 214 -1,
299 214 215 -1,
299 298 214 -1,
300 299 215 -1,
301 215 216 -1,
301 300 215 -1,
302 216 217 -1,
302 217 218 -1,
302 301 216 -1,
303 218 219 -1,
303 302 218 -1,
304 303 219 -1,
305 219 220 -1,
305 304 219 -1,
306 220 221 -1,
306 305 220 -1,
307 221 222 -1,
307 306 221 -1,
308 222 223 -1,
308 307 222 -1,
309 223 224 -1,
309 224 225 -1,
309 308 223 -1,
310 309 225 -1,
311 225 226 -1,
311 310 225 -1,
312 226 227 -1,
312 227 228 -1,
312 311 226 -1,
313 312 228 -1,
314 313 228 -1,
314 228 229 -1,
315 314 229 -1,
315 229 230 -1,
316 315 230 -1,
316 230 231 -1,
317 316 231 -1,
317 231 232 -1,
318 317 232 -1,
318 232 233 -1,
318 233 234 -1,
319 318 234 -1,
320 319 234 -1,
320 234 235 -1,
321 320 235 -1,
321 235 236 -1,
321 236 237 -1,
322 321 237 -1,
323 322 237 -1,
323 237 238 -1,
324 323 238 -1,
324 238 239 -1,
325 324 239 -1,
325 239 240 -1,
326 325 240 -1,
326 240 241 -1,
326 241 242 -1,
327 326 242 -1,
328 327 242 -1,
328 242 243 -1,
329 328 243 -1,
329 243 244 -1,
330 329 244 -1,
330 244 245 -1,
331 330 245 -1,
331 245 246 -1,
332 331 246 -1,
332 246 247 -1,
332 247 248 -1,
333 332 248 -1,
334 248 249 -1,
334 333 248 -1,
335 249 250 -1,
335 250 251 -1,
335 334 249 -1,
336 335 251 -1,
337 251 252 -1,
337 252 253 -1,
337 336 251 -1,
338 337 253 -1,
339 253 254 -1,
339 338 253 -1,
256 339 254 -1,
256 254 255 -1,
477 394 393 -1,
476 477 393 -1,
476 393 392 -1,
478 394 477 -1,
475 476 392 -1,
475 392 391 -1,
479 394 478 -1,
479 395 394 -1,
474 475 391 -1,
474 391 390 -1,
480 396 395 -1,
480 395 479 -1,
473 474 390 -1,
473 390 389 -1,
481 396 480 -1,
481 397 396 -1,
481 398 397 -1,
472 473 389 -1,
472 389 388 -1,
482 398 481 -1,
482 399 398 -1,
471 388 387 -1,
471 472 388 -1,
483 399 482 -1,
483 400 399 -1,
470 387 386 -1,
470 471 387 -1,
484 400 483 -1,
469 386 385 -1,
469 470 386 -1,
485 400 484 -1,
485 401 400 -1,
468 469 385 -1,
468 385 384 -1,
486 401 485 -1,
486 402 401 -1,
486 403 402 -1,
467 384 383 -1,
467 468 384 -1,
487 403 486 -1,
487 404 403 -1,
466 383 382 -1,
466 467 383 -1,
488 404 487 -1,
465 466 382 -1,
465 382 381 -1,
489 405 404 -1,
489 406 405 -1,
489 404 488 -1,
464 381 380 -1,
464 465 381 -1,
490 406 489 -1,
463 380 379 -1,
463 464 380 -1,
491 407 406 -1,
491 406 490 -1,
462 379 378 -1,
462 463 379 -1,
461 462 378 -1,
461 378 377 -1,
492 408 407 -1,
492 407 491 -1,
460 461 377 -1,
460 376 375 -1,
460 377 376 -1,
493 409 408 -1,
493 408 492 -1,
459 460 375 -1,
494 410 409 -1,
494 409 493 -1,
458 459 375 -1,
458 375 374 -1,
495 410 494 -1,
495 411 410 -1,
457 458 374 -1,
457 374 373 -1,
496 411 495 -1,
496 412 411 -1,
456 457 373 -1,
456 373 372 -1,
497 412 496 -1,
497 413 412 -1,
371 455 456 -1,
371 456 372 -1,
414 413 497 -1,
414 497 498 -1,
370 454 455 -1,
370 455 371 -1,
415 414 498 -1,
415 498 499 -1,
369 453 454 -1,
369 454 370 -1,
416 499 500 -1,
416 415 499 -1,
368 452 453 -1,
368 453 369 -1,
417 416 500 -1,
417 500 501 -1,
367 451 452 -1,
367 452 368 -1,
418 501 502 -1,
418 417 501 -1,
366 450 451 -1,
366 451 367 -1,
419 502 503 -1,
419 418 502 -1,
365 449 450 -1,
365 450 366 -1,
420 419 503 -1,
420 503 504 -1,
364 448 449 -1,
364 449 365 -1,
421 420 504 -1,
421 504 505 -1,
363 447 448 -1,
363 448 364 -1,
422 421 505 -1,
422 505 506 -1,
362 446 447 -1,
362 447 363 -1,
423 422 506 -1,
423 506 507 -1,
361 445 446 -1,
361 446 362 -1,
340 423 507 -1,
340 507 424 -1,
340 424 425 -1,
360 444 445 -1,
360 445 361 -1,
341 340 425 -1,
341 425 426 -1,
342 341 426 -1,
359 443 444 -1,
359 444 360 -1,
358 442 443 -1,
358 443 359 -1,
343 342 426 -1,
343 426 427 -1,
344 343 427 -1,
344 427 428 -1,
357 441 442 -1,
357 442 358 -1,
345 344 428 -1,
345 428 429 -1,
356 440 441 -1,
356 441 357 -1,
346 345 429 -1,
346 429 430 -1,
355 440 356 -1,
355 439 440 -1,
354 439 355 -1,
354 438 439 -1,
347 346 430 -1,
347 430 431 -1,
347 431 432 -1,
353 438 354 -1,
353 437 438 -1,
348 347 432 -1,
352 437 353 -1,
352 436 437 -1,
349 348 432 -1,
349 432 433 -1,
350 433 434 -1,
350 349 433 -1,
351 350 434 -1,
351 434 435 -1,
351 435 436 -1,
351 436 352 -1,
645 561 562 -1,
644 561 645 -1,
644 560 561 -1,
646 645 562 -1,
643 560 644 -1,
643 559 560 -1,
647 646 562 -1,
647 562 563 -1,
642 559 643 -1,
642 558 559 -1,
648 563 564 -1,
648 647 563 -1,
641 558 642 -1,
641 557 558 -1,
649 648 564 -1,
649 564 565 -1,
649 565 566 -1,
640 557 641 -1,
640 556 557 -1,
650 649 566 -1,
650 566 567 -1,
639 555 556 -1,
639 556 640 -1,
651 650 567 -1,
651 567 568 -1,
638 554 555 -1,
638 555 639 -1,
652 651 568 -1,
637 553 554 -1,
637 554 638 -1,
653 652 568 -1,
653 568 569 -1,
636 553 637 -1,
636 552 553 -1,
654 653 569 -1,
654 569 570 -1,
654 570 571 -1,
635 551 552 -1,
635 552 636 -1,
655 654 571 -1,
655 571 572 -1,
634 550 551 -1,
634 551 635 -1,
656 655 572 -1,
633 550 634 -1,
633 549 550 -1,
657 572 573 -1,
657 573 574 -1,
657 656 572 -1,
632 548 549 -1,
632 549 633 -1,
658 657 574 -1,
631 547 548 -1,
631 548 632 -1,
659 574 575 -1,
659 658 574 -1,
630 546 547 -1,
630 547 631 -1,
629 546 630 -1,
629 545 546 -1,
660 575 576 -1,
660 659 575 -1,
628 545 629 -1,
628 543 544 -1,
628 544 545 -1,
661 576 577 -1,
661 660 576 -1,
627 543 628 -1,
662 577 578 -1,
662 661 577 -1,
626 543 627 -1,
626 542 543 -1,
663 662 578 -1,
663 578 579 -1,
625 542 626 -1,
625 541 542 -1,
664 663 579 -1,
664 579 580 -1,
624 541 625 -1,
624 540 541 -1,
665 664 580 -1,
665 580 581 -1,
539 624 623 -1,
539 540 624 -1,
582 665 581 -1,
582 666 665 -1,
538 623 622 -1,
538 539 623 -1,
583 666 582 -1,
583 667 666 -1,
537 622 621 -1,
537 538 622 -1,
584 668 667 -1,
584 667 583 -1,
536 621 620 -1,
536 537 621 -1,
585 668 584 -1,
585 669 668 -1,
535 620 619 -1,
535 536 620 -1,
586 670 669 -1,
586 669 585 -1,
534 619 618 -1,
534 535 619 -1,
587 671 670 -1,
587 670 586 -1,
533 618 617 -1,
533 534 618 -1,
588 671 587 -1,
588 672 671 -1,
532 617 616 -1,
532 533 617 -1,
589 672 588 -1,
589 673 672 -1,
531 616 615 -1,
531 532 616 -1,
590 673 589 -1,
590 674 673 -1,
530 615 614 -1,
530 531 615 -1,
591 674 590 -1,
591 675 674 -1,
529 614 613 -1,
529 530 614 -1,
508 675 591 -1,
508 592 675 -1,
508 593 592 -1,
528 613 612 -1,
528 529 613 -1,
509 593 508 -1,
509 594 593 -1,
510 594 509 -1,
527 612 611 -1,
527 528 612 -1,
526 611 610 -1,
526 527 611 -1,
511 594 510 -1,
511 595 594 -1,
512 595 511 -1,
512 596 595 -1,
525 610 609 -1,
525 526 610 -1,
513 596 512 -1,
513 597 596 -1,
524 609 608 -1,
524 525 609 -1,
514 597 513 -1,
514 598 597 -1,
523 524 608 -1,
523 608 607 -1,
522 523 607 -1,
522 607 606 -1,
515 598 514 -1,
515 599 598 -1,
515 600 599 -1,
521 522 606 -1,
521 606 605 -1,
516 600 515 -1,
520 521 605 -1,
520 605 604 -1,
517 600 516 -1,
517 601 600 -1,
518 602 601 -1,
518 601 517 -1,
519 602 518 -1,
519 603 602 -1,
519 604 603 -1,
519 520 604 -1 ] solid TRUE creaseAngle 0.5 } }
# header_pad_2
Shape { appearance Appearance { material Material { diffuseColor 0.78 0.58 0.16 } } geometry IndexedFaceSet { coord Coordinate { point [ 4.147146 1.062500 4.976378,
4.147146 1.062500 4.992126,
4.146210 1.087508 4.992126,
4.143408 1.112376 4.992126,
4.138755 1.136966 4.992126,
4.132278 1.161139 4.992126,
4.124013 1.184760 4.992126,
4.114005 1.207697 4.992126,
4.102312 1.229823 4.992126,
4.088997 1.251013 4.992126,
4.074137 1.271148 4.992126,
4.057813 1.290117 4.992126,
4.040117 1.307813 4.992126,
4.021148 1.324137 4.992126,
4.001013 1.338997 4.992126,
3.979823 1.352312 4.992126,
3.957697 1.364005 4.992126,
3.934760 1.374013 4.992126,
3.911139 1.382278 4.992126,
3.886966 1.388755 4.992126,
3.862376 1.393408 4.992126,
3.837508 1.396210 4.992126,
3.812500 1.397146 4.992126,
3.787492 1.396210 4.992126,
3.762624 1.393408 4.992126,
3.738034 1.388755 4.992126,
3.713861 1.382278 4.992126,
3.690240 1.374013 4.992126,
3.667303 1.364005 4.992126,
3.645177 1.352312 4.992126,
3.623987 1.338997 4.992126,
3.603852 1.324137 4.992126,
3.584883 1.307813 4.992126,
3.567187 1.290117 4.992126,
3.550863 1.271148 4.992126,
3.536003 1.251013 4.992126,
3.522688 1.229823 4.992126,
3.510995 1.207697 4.992126,
3.500987 1.184760 4.992126,
3.492722 1.161139 4.992126,
3.486245 1.136966 4.992126,
3.481592 1.112376 4.992126,
3.478790 1.087508 4.992126,
3.477854 1.062500 4.992126,
3.478790 1.037492 4.992126,
3.481592 1.012624 4.992126,
3.486245 0.988034 4.992126,
3.492722 0.963861 4.992126,
3.500987 0.940240 4.992126,
3.510995 0.917303 4.992126,
3.522688 0.895177 4.992126,
3.536003 0.873987 4.992126,
3.550863 0.853852 4.992126,
3.567187 0.834883 4.992126,
3.584883 0.817187 4.992126,
3.603852 0.800863 4.992126,
3.623987 0.786003 4.992126,
3.645177 0.772688 4.992126,
3.667303 0.760995 4.992126,
3.690240 0.750987 4.992126,
3.713861 0.742722 4.992126,
3.738034 0.736245 4.992126,
3.762624 0.731592 4.992126,
3.787492 0.728790 4.992126,
3.812500 0.727854 4.992126,
3.837508 0.728790 4.992126,
3.862376 0.731592 4.992126,
3.886966 0.736245 4.992126,
3.911139 0.742722 4.992126,
3.934760 0.750987 4.992126,
3.957697 0.760995 4.992126,
3.979823 0.772688 4.992126,
4.001013 0.786003 4.992126,
4.021148 0.800863 4.992126,
4.040117 0.817187 4.992126,
4.057813 0.834883 4.992126,
4.074137 0.853852 4.992126,
4.088997 0.873987 4.992126,
4.102312 0.895177 4.992126,
4.114005 0.917303 4.992126,
4.124013 0.940240 4.992126,
4.132278 0.963861 4.992126,
4.138755 0.988034 4.992126,
4.143408 1.012624 4.992126,
4.146210 1.037492 4.992126,
4.147146 1.062500 4.992126,
4.147146 1.062500 4.976378,
4.146210 1.087508 4.976378,
4.143408 1.112376 4.976378,
4.138755 1.136966 4.976378,
4.132278 1.161139 4.976378,
4.124013 1.184760 4.976378,
4.114005 1.207697 4.976378,
4.102312 1.229823 4.976378,
4.088997 1.251013 4.976378,
4.074137 1.271148 4.976378,
4.057813 1.290117 4.976378,
4.040117 1.307813 4.976378,
4.021148 1.324137 4.976378,
4.001013 1.338997 4.976378,
3.979823 1.352312 4.976378,
3.957697 1.364005 4.976378,
3.934760 1.374013 4.976378,
3.911139 1.382278 4.976378,
3.886966 1.388755 4.976378,
3.862376 1.393408 4.976378,
3.837508 1.396210 4.976378,
3.812500 1.397146 4.976378,
3.787492 1.396210 4.976378,
3.762624 1.393408 4.976378,
3.738034 1.388755 4.976378,
3.713861 1.382278 4.976378,
3.690240 1.374013 4.976378,
3.667303 1.364005 4.976378,
3.645177 1.352312 4.976378,
3.623987 1.338997 4.976378,
3.603852 1.324137 4.976378,
3.584883 1.307813 4.976378,
3.567187 1.290117 4.976378,
3.550863 1.271148 4.976378,
3.536003 1.251013 4.976378,
3.522688 1.229823 4.976378,
3.510995 1.207697 4.976378,
3.500987 1.184760 4.976378,
3.492722 1.161139 4.976378,
3.486245 1.136966 4.976378,
3.481592 1.112376 4.976378,
3.478790 1.087508 4.976378,
3.477854 1.062500 4.976378,
3.478790 1.037492 4.976378,
3.481592 1.012624 4.976378,
3.486245 0.988034 4.976378,
3.492722 0.963861 4.976378,
3.500987 0.940240 4.976378,
3.510995 0.917303 4.976378,
3.522688 0.895177 4.976378,
3.536003 0.873987 4.976378,
3.550863 0.853852 4.976378,
3.567187 0.834883 4.976378,
3.584883 0.817187 4.976378,
3.603852 0.800863 4.976378,
3.623987 0.786003 4.976378,
3.645177 0.772688 4.976378,
3.667303 0.760995 4.976378,
3.690240 0.750987 4.976378,
3.713861 0.742722 4.976378,
3.738034 0.736245 4.976378,
3.762624 0.731592 4.976378,
3.787492 0.728790 4.976378,
3.812500 0.727854 4.976378,
3.837508 0.728790 4.976378,
3.862376 0.731592 4.976378,
3.886966 0.736245 4.976378,
3.911139 0.742722 4.976378,
3.934760 0.750987 4.976378,
3.957697 0.760995 4.976378,
3.979823 0.772688 4.976378,
4.001013 0.786003 4.976378,
4.021148 0.800863 4.976378,
4.040117 0.817187 4.976378,
4.057813 0.834883 4.976378,
4.074137 0.853852 4.976378,
4.088997 0.873987 4.976378,
4.102312 0.895177 4.976378,
4.114005 0.917303 4.976378,
4.124013 0.940240 4.976378,
4.132278 0.963861 4.976378,
4.138755 0.988034 4.976378,
4.143408 1.012624 4.976378,
4.146210 1.037492 4.976378,
3.954232 1.062500 4.976378,
3.954232 1.062500 4.992126,
3.953836 1.073092 4.992126,
3.952649 1.083624 4.992126,
3.950679 1.094038 4.992126,
3.947936 1.104276 4.992126,
3.944435 1.114281 4.992126,
3.940196 1.123995 4.992126,
3.935244 1.133366 4.992126,
3.929605 1.142341 4.992126,
3.923311 1.150869 4.992126,
3.916397 1.158902 4.992126,
3.908902 1.166397 4.992126,
3.900869 1.173311 4.992126,
3.892341 1.179605 4.992126,
3.883366 1.185244 4.992126,
3.873995 1.190196 4.992126,
3.864281 1.194435 4.992126,
3.854276 1.197936 4.992126,
3.844038 1.200679 4.992126,
3.833624 1.202649 4.992126,
3.823092 1.203836 4.992126,
3.812500 1.204232 4.992126,
3.801908 1.203836 4.992126,
3.791376 1.202649 4.992126,
3.780962 1.200679 4.992126,
3.770724 1.197936 4.992126,
3.760719 1.194435 4.992126,
3.751005 1.190196 4.992126,
3.741634 1.185244 4.992126,
3.732659 1.179605 4.992126,
3.724131 1.173311 4.992126,
3.716098 1.166397 4.992126,
3.708603 1.158902 4.992126,
3.701689 1.150869 4.992126,
3.695395 1.142341 4.992126,
3.689756 1.133366 4.992126,
3.684804 1.123995 4.992126,
3.680565 1.114281 4.992126,
3.677064 1.104276 4.992126,
3.674321 1.094038 4.992126,
3.672351 1.083624 4.992126,
3.671164 1.073092 4.992126,
3.670768 1.062500 4.992126,
3.671164 1.051908 4.992126,
3.672351 1.041376 4.992126,
3.674321 1.030962 4.992126,
3.677064 1.020724 4.992126,
3.680565 1.010719 4.992126,
3.684804 1.001005 4.992126,
3.689756 0.991634 4.992126,
3.695395 0.982659 4.992126,
3.701689 0.974131 4.992126,
3.708603 0.966098 4.992126,
3.716098 0.958603 4.992126,
3.724131 0.951689 4.992126,
3.732659 0.945395 4.992126,
3.741634 0.939756 4.992126,
3.751005 0.934804 4.992126,
3.760719 0.930565 4.992126,
3.770724 0.927064 4.992126,
3.780962 0.924321 4.992126,
3.791376 0.922351 4.992126,
3.801908 0.921164 4.992126,
3.812500 0.920768 4.992126,
3.823092 0.921164 4.992126,
3.833624 0.922351 4.992126,
3.844038 0.924321 4.992126,
3.854276 0.927064 4.992126,
3.864281 0.930565 4.992126,
3.873995 0.934804 4.992126,
3.883366 0.939756 4.992126,
3.892341 0.945395 4.992126,
3.900869 0.951689 4.992126,
3.908902 0.958603 4.992126,
3.916397 0.966098 4.992126,
3.923311 0.974131 4.992126,
3.929605 0.982659 4.992126,
3.935244 0.991634 4.992126,
3.940196 1.001005 4.992126,
3.944435 1.010719 4.992126,
3.947936 1.020724 4.992126,
3.950679 1.030962 4.992126,
3.952649 1.041376 4.992126,
3.953836 1.051908 4.992126,
3.954232 1.062500 4.992126,
3.954232 1.062500 4.976378,
3.953836 1.073092 4.976378,
3.952649 1.083624 4.976378,
3.950679 1.094038 4.976378,
3.947936 1.104276 4.976378,
3.944435 1.114281 4.976378,
3.940196 1.123995 4.976378,
3.935244 1.133366 4.976378,
3.929605 1.142341 4.976378,
3.923311 1.150869 4.976378,
3.916397 1.158902 4.976378,
3.908902 1.166397 4.976378,
3.900869 1.173311 4.976378,
3.892341 1.179605 4.976378,
3.883366 1.185244 4.976378,
3.873995 1.190196 4.976378,
3.864281 1.194435 4.976378,
3.854276 1.197936 4.976378,
3.844038 1.200679 4.976378,
3.833624 1.202649 4.976378,
3.823092 1.203836 4.976378,
3.812500 1.204232 4.976378,
3.801908 1.203836 4.976378,
3.791376 1.202649 4.976378,
3.780962 1.200679 4.976378,
3.770724 1.197936 4.976378,
3.760719 1.194435 4.976378,
3.751005 1.190196 4.976378,
3.741634 1.185244 4.976378,
3.732659 1.179605 4.976378,
3.724131 1.173311 4.976378,
3.716098 1.166397 4.976378,
3.708603 1.158902 4.976378,
3.701689 1.150869 4.976378,
3.695395 1.142341 4.976378,
3.689756 1.133366 4.976378,
3.684804 1.123995 4.976378,
3.680565 1.114281 4.976378,
3.677064 1.104276 4.976378,
3.674321 1.094038 4.976378,
3.672351 1.083624 4.976378,
3.671164 1.073092 4.976378,
3.670768 1.062500 4.976378,
3.671164 1.051908 4.976378,
3.672351 1.041376 4.976378,
3.674321 1.030962 4.976378,
3.677064 1.020724 4.976378,
3.680565 1.010719 4.976378,
3.684804 1.001005 4.976378,
3.689756 0.991634 4.976378,
3.695395 0.982659 4.976378,
3.701689 0.974131 4.976378,
3.708603 0.966098 4.976378,
3.716098 0.958603 4.976378,
3.724131 0.951689 4.976378,
3.732659 0.945395 4.976378,
3.741634 0.939756 4.976378,
3.751005 0.934804 4.976378,
3.760719 0.930565 4.976378,
3.770724 0.927064 4.976378,
3.780962 0.924321 4.976378,
3.791376 0.922351 4.976378,
3.801908 0.921164 4.976378,
3.812500 0.920768 4.976378,
3.823092 0.921164 4.976378,
3.833624 0.922351 4.976378,
3.844038 0.924321 4.976378,
3.854276 0.927064 4.976378,
3.864281 0.930565 4.976378,
3.873995 0.934804 4.976378,
3.883366 0.939756 4.976378,
3.892341 0.945395 4.976378,
3.900869 0.951689 4.976378,
3.908902 0.958603 4.976378,
3.916397 0.966098 4.976378,
3.923311 0.974131 4.976378,
3.929605 0.982659 4.976378,
3.935244 0.991634 4.976378,
3.940196 1.001005 4.976378,
3.944435 1.010719 4.976378,
3.947936 1.020724 4.976378,
3.950679 1.030962 4.976378,
3.952649 1.041376 4.976378,
3.953836 1.051908 4.976378,
4.147146 1.062500 4.976378,
4.146210 1.087508 4.976378,
4.143408 1.112376 4.976378,
4.138755 1.136966 4.976378,
4.132278 1.161139 4.976378,
4.124013 1.184760 4.976378,
4.114005 1.207697 4.976378,
4.102312 1.229823 4.976378,
4.088997 1.251013 4.976378,
4.074137 1.271148 4.976378,
4.057813 1.290117 4.976378,
4.040117 1.307813 4.976378,
4.021148 1.324137 4.976378,
4.001013 1.338997 4.976378,
3.979823 1.352312 4.976378,
3.957697 1.364005 4.976378,
3.934760 1.374013 4.976378,
3.911139 1.382278 4.976378,
3.886966 1.388755 4.976378,
3.862376 1.393408 4.976378,
3.837508 1.396210 4.976378,
3.812500 1.397146 4.976378,
3.787492 1.396210 4.976378,
3.762624 1.393408 4.976378,
3.738034 1.388755 4.976378,
3.713861 1.382278 4.976378,
3.690240 1.374013 4.976378,
3.667303 1.364005 4.976378,
3.645177 1.352312 4.976378,
3.623987 1.338997 4.976378,
3.603852 1.324137 4.976378,
3.584883 1.307813 4.976378,
3.567187 1.290117 4.976378,
3.550863 1.271148 4.976378,
3.536003 1.251013 4.976378,
3.522688 1.229823 4.976378,
3.510995 1.207697 4.976378,
3.500987 1.184760 4.976378,
3.492722 1.161139 4.976378,
3.486245 1.136966 4.976378,
3.481592 1.112376 4.976378,
3.478790 1.087508 4.976378,
3.477854 1.062500 4.976378,
3.478790 1.037492 4.976378,
3.481592 1.012624 4.976378,
3.486245 0.988034 4.976378,
3.492722 0.963861 4.976378,
3.500987 0.940240 4.976378,
3.510995 0.917303 4.976378,
3.522688 0.895177 4.976378,
3.536003 0.873987 4.976378,
3.550863 0.853852 4.976378,
3.567187 0.834883 4.976378,
3.584883 0.817187 4.976378,
3.603852 0.800863 4.976378,
3.623987 0.786003 4.976378,
3.645177 0.772688 4.976378,
3.667303 0.760995 4.976378,
3.690240 0.750987 4.976378,
3.713861 0.742722 4.976378,
3.738034 0.736245 4.976378,
3.762624 0.731592 4.976378,
3.787492 0.728790 4.976378,
3.812500 0.727854 4.976378,
3.837508 0.728790 4.976378,
3.862376 0.731592 4.976378,
3.886966 0.736245 4.976378,
3.911139 0.742722 4.976378,
3.934760 0.750987 4.976378,
3.957697 0.760995 4.976378,
3.979823 0.772688 4.976378,
4.001013 0.786003 4.976378,
4.021148 0.800863 4.976378,
4.040117 0.817187 4.976378,
4.057813 0.834883 4.976378,
4.074137 0.853852 4.976378,
4.088997 0.873987 4.976378,
4.102312 0.895177 4.976378,
4.114005 0.917303 4.976378,
4.124013 0.940240 4.976378,
4.132278 0.963861 4.976378,
4.138755 0.988034 4.976378,
4.143408 1.012624 4.976378,
4.146210 1.037492 4.976378,
3.954232 1.062500 4.976378,
3.953836 1.073092 4.976378,
3.952649 1.083624 4.976378,
3.950679 1.094038 4.976378,
3.947936 1.104276 4.976378,
3.944435 1.114281 4.976378,
3.940196 1.123995 4.976378,
3.935244 1.133366 4.976378,
3.929605 1.142341 4.976378,
3.923311 1.150869 4.976378,
3.916397 1.158902 4.976378,
3.908902 1.166397 4.976378,
3.900869 1.173311 4.976378,
3.892341 1.179605 4.976378,
3.883366 1.185244 4.976378,
3.873995 1.190196 4.976378,
3.864281 1.194435 4.976378,
3.854276 1.197936 4.976378,
3.844038 1.200679 4.976378,
3.833624 1.202649 4.976378,
3.823092 1.203836 4.976378,
3.812500 1.204232 4.976378,
3.801908 1.203836 4.976378,
3.791376 1.202649 4.976378,
3.780962 1.200679 4.976378,
3.770724 1.197936 4.976378,
3.760719 1.194435 4.976378,
3.751005 1.190196 4.976378,
3.741634 1.185244 4.976378,
3.732659 1.179605 4.976378,
3.724131 1.173311 4.976378,
3.716098 1.166397 4.976378,
3.708603 1.158902 4.976378,
3.701689 1.150869 4.976378,
3.695395 1.142341 4.976378,
3.689756 1.133366 4.976378,
3.684804 1.123995 4.976378,
3.680565 1.114281 4.976378,
3.677064 1.104276 4.976378,
3.674321 1.094038 4.976378,
3.672351 1.083624 4.976378,
3.671164 1.073092 4.976378,
3.670768 1.062500 4.976378,
3.671164 1.051908 4.976378,
3.672351 1.041376 4.976378,
3.674321 1.030962 4.976378,
3.677064 1.020724 4.976378,
3.680565 1.010719 4.976378,
3.684804 1.001005 4.976378,
3.689756 0.991634 4.976378,
3.695395 0.982659 4.976378,
3.701689 0.974131 4.976378,
3.708603 0.966098 4.976378,
3.716098 0.958603 4.976378,
3.724131 0.951689 4.976378,
3.732659 0.945395 4.976378,
3.741634 0.939756 4.976378,
3.751005 0.934804 4.976378,
3.760719 0.930565 4.976378,
3.770724 0.927064 4.976378,
3.780962 0.924321 4.976378,
3.791376 0.922351 4.976378,
3.801908 0.921164 4.976378,
3.812500 0.920768 4.976378,
3.823092 0.921164 4.976378,
3.833624 0.922351 4.976378,
3.844038 0.924321 4.976378,
3.854276 0.927064 4.976378,
3.864281 0.930565 4.976378,
3.873995 0.934804 4.976378,
3.883366 0.939756 4.976378,
3.892341 0.945395 4.976378,
3.900869 0.951689 4.976378,
3.908902 0.958603 4.976378,
3.916397 0.966098 4.976378,
3.923311 0.974131 4.976378,
3.929605 0.982659 4.976378,
3.935244 0.991634 4.976378,
3.940196 1.001005 4.976378,
3.944435 1.010719 4.976378,
3.947936 1.020724 4.976378,
3.950679 1.030962 4.976378,
3.952649 1.041376 4.976378,
3.953836 1.051908 4.976378,
4.147146 1.062500 4.992126,
4.146210 1.087508 4.992126,
4.143408 1.112376 4.992126,
4.138755 1.136966 4.992126,
4.132278 1.161139 4.992126,
4.124013 1.184760 4.992126,
4.114005 1.207697 4.992126,
4.102312 1.229823 4.992126,
4.088997 1.251013 4.992126,
4.074137 1.271148 4.992126,
4.057813 1.290117 4.992126,
4.040117 1.307813 4.992126,
4.021148 1.324137 4.992126,
4.001013 1.338997 4.992126,
3.979823 1.352312 4.992126,
3.957697 1.364005 4.992126,
3.934760 1.374013 4.992126,
3.911139 1.382278 4.992126,
3.886966 1.388755 4.992126,
3.862376 1.393408 4.992126,
3.837508 1.396210 4.992126,
3.812500 1.397146 4.992126,
3.787492 1.396210 4.992126,
3.762624 1.393408 4.992126,
3.738034 1.388755 4.992126,
3.713861 1.382278 4.992126,
3.690240 1.374013 4.992126,
3.667303 1.364005 4.992126,
3.645177 1.352312 4.992126,
3.623987 1.338997 4.992126,
3.603852 1.324137 4.992126,
3.584883 1.307813 4.992126,
3.567187 1.290117 4.992126,
3.550863 1.271148 4.992126,
3.536003 1.251013 4.992126,
3.522688 1.229823 4.992126,
3.510995 1.207697 4.992126,
3.500987 1.184760 4.992126,
3.492722 1.161139 4.992126,
3.486245 1.136966 4.992126,
3.481592 1.112376 4.992126,
3.478790 1.087508 4.992126,
3.477854 1.062500 4.992126,
3.478790 1.037492 4.992126,
3.481592 1.012624 4.992126,
3.486245 0.988034 4.992126,
3.492722 0.963861 4.992126,
3.500987 0.940240 4.992126,
3.510995 0.917303 4.992126,
3.522688 0.895177 4.992126,
3.536003 0.873987 4.992126,
3.550863 0.853852 4.992126,
3.567187 0.834883 4.992126,
3.584883 0.817187 4.992126,
3.603852 0.800863 4.992126,
3.623987 0.786003 4.992126,
3.645177 0.772688 4.992126,
3.667303 0.760995 4.992126,
3.690240 0.750987 4.992126,
3.713861 0.742722 4.992126,
3.738034 0.736245 4.992126,
3.762624 0.731592 4.992126,
3.787492 0.728790 4.992126,
3.812500 0.727854 4.992126,
3.837508 0.728790 4.992126,
3.862376 0.731592 4.992126,
3.886966 0.736245 4.992126,
3.911139 0.742722 4.992126,
3.934760 0.750987 4.992126,
3.957697 0.760995 4.992126,
3.979823 0.772688 4.992126,
4.001013 0.786003 4.992126,
4.021148 0.800863 4.992126,
4.040117 0.817187 4.992126,
4.057813 0.834883 4.992126,
4.074137 0.853852 4.992126,
4.088997 0.873987 4.992126,
4.102312 0.895177 4.992126,
4.114005 0.917303 4.992126,
4.124013 0.940240 4.992126,
4.132278 0.963861 4.992126,
4.138755 0.988034 4.992126,
4.143408 1.012624 4.992126,
4.146210 1.037492 4.992126,
3.954232 1.062500 4.992126,
3.953836 1.073092 4.992126,
3.952649 1.083624 4.992126,
3.950679 1.094038 4.992126,
3.947936 1.104276 4.992126,
3.944435 1.114281 4.992126,
3.940196 1.123995 4.992126,
3.935244 1.133366 4.992126,
3.929605 1.142341 4.992126,
3.923311 1.150869 4.992126,
3.916397 1.158902 4.992126,
3.908902 1.166397 4.992126,
3.900869 1.173311 4.992126,
3.892341 1.179605 4.992126,
3.883366 1.185244 4.992126,
3.873995 1.190196 4.992126,
3.864281 1.194435 4.992126,
3.854276 1.197936 4.992126,
3.844038 1.200679 4.992126,
3.833624 1.202649 4.992126,
3.823092 1.203836 4.992126,
3.812500 1.204232 4.992126,
3.801908 1.203836 4.992126,
3.791376 1.202649 4.992126,
3.780962 1.200679 4.992126,
3.770724 1.197936 4.992126,
3.760719 1.194435 4.992126,
3.751005 1.190196 4.992126,
3.741634 1.185244 4.992126,
3.732659 1.179605 4.992126,
3.724131 1.173311 4.992126,
3.716098 1.166397 4.992126,
3.708603 1.158902 4.992126,
3.701689 1.150869 4.992126,
3.695395 1.142341 4.992126,
3.689756 1.133366 4.992126,
3.684804 1.123995 4.992126,
3.680565 1.114281 4.992126,
3.677064 1.104276 4.992126,
3.674321 1.094038 4.992126,
3.672351 1.083624 4.992126,
3.671164 1.073092 4.992126,
3.670768 1.062500 4.992126,
3.671164 1.051908 4.992126,
3.672351 1.041376 4.992126,
3.674321 1.030962 4.992126,
3.677064 1.020724 4.992126,
3.680565 1.010719 4.992126,
3.684804 1.001005 4.992126,
3.689756 0.991634 4.992126,
3.695395 0.982659 4.992126,
3.701689 0.974131 4.992126,
3.708603 0.966098 4.992126,
3.716098 0.958603 4.992126,
3.724131 0.951689 4.992126,
3.732659 0.945395 4.992126,
3.741634 0.939756 4.992126,
3.751005 0.934804 4.992126,
3.760719 0.930565 4.992126,
3.770724 0.927064 4.992126,
3.780962 0.924321 4.992126,
3.791376 0.922351 4.992126,
3.801908 0.921164 4.992126,
3.812500 0.920768 4.992126,
3.823092 0.921164 4.992126,
3.833624 0.922351 4.992126,
3.844038 0.924321 4.992126,
3.854276 0.927064 4.992126,
3.864281 0.930565 4.992126,
3.873995 0.934804 4.992126,
3.883366 0.939756 4.992126,
3.892341 0.945395 4.992126,
3.900869 0.951689 4.992126,
3.908902 0.958603 4.992126,
3.916397 0.966098 4.992126,
3.923311 0.974131 4.992126,
3.929605 0.982659 4.992126,
3.935244 0.991634 4.992126,
3.940196 1.001005 4.992126,
3.944435 1.010719 4.992126,
3.947936 1.020724 4.992126,
3.950679 1.030962 4.992126,
3.952649 1.041376 4.992126,
3.953836 1.051908 4.992126 ] } coordIndex [ 87 1 0 -1,
87 2 1 -1,
88 3 2 -1,
88 2 87 -1,
89 4 3 -1,
89 3 88 -1,
90 5 4 -1,
90 4 89 -1,
91 6 5 -1,
91 5 90 -1,
92 7 6 -1,
92 6 91 -1,
93 8 7 -1,
93 7 92 -1,
94 8 93 -1,
94 9 8 -1,
95 10 9 -1,
95 9 94 -1,
96 11 10 -1,
96 10 95 -1,
97 12 11 -1,
97 11 96 -1,
98 13 12 -1,
98 12 97 -1,
99 14 13 -1,
99 13 98 -1,
100 15 14 -1,
100 14 99 -1,
101 16 15 -1,
101 15 100 -1,
102 17 16 -1,
102 16 101 -1,
103 18 17 -1,
103 17 102 -1,
104 19 18 -1,
104 18 103 -1,
105 20 19 -1,
105 19 104 -1,
106 21 20 -1,
106 22 21 -1,
106 20 105 -1,
107 22 106 -1,
108 23 22 -1,
108 22 107 -1,
109 24 23 -1,
109 23 108 -1,
110 25 24 -1,
110 24 109 -1,
111 26 25 -1,
111 25 110 -1,
112 27 26 -1,
112 26 111 -1,
113 28 27 -1,
113 27 112 -1,
114 29 28 -1,
114 28 113 -1,
115 30 29 -1,
115 29 114 -1,
116 31 30 -1,
116 30 115 -1,
117 32 31 -1,
117 33 32 -1,
117 31 116 -1,
118 33 117 -1,
119 33 118 -1,
119 34 33 -1,
120 34 119 -1,
120 35 34 -1,
121 35 120 -1,
121 36 35 -1,
122 36 121 -1,
122 37 36 -1,
123 37 122 -1,
123 38 37 -1,
123 39 38 -1,
124 39 123 -1,
125 39 124 -1,
125 40 39 -1,
126 40 125 -1,
126 41 40 -1,
127 41 126 -1,
127 42 41 -1,
128 42 127 -1,
128 43 42 -1,
128 44 43 -1,
129 45 44 -1,
129 44 128 -1,
130 45 129 -1,
131 46 45 -1,
131 45 130 -1,
132 47 46 -1,
132 48 47 -1,
132 46 131 -1,
133 49 48 -1,
133 48 132 -1,
134 49 133 -1,
135 50 49 -1,
135 49 134 -1,
136 51 50 -1,
136 50 135 -1,
137 52 51 -1,
137 51 136 -1,
138 53 52 -1,
138 52 137 -1,
139 54 53 -1,
139 55 54 -1,
139 53 138 -1,
140 55 139 -1,
141 56 55 -1,
141 55 140 -1,
142 57 56 -1,
142 58 57 -1,
142 56 141 -1,
143 58 142 -1,
144 58 143 -1,
144 59 58 -1,
145 59 144 -1,
145 60 59 -1,
146 60 145 -1,
146 61 60 -1,
147 61 146 -1,
147 62 61 -1,
148 62 147 -1,
148 63 62 -1,
148 64 63 -1,
149 64 148 -1,
150 64 149 -1,
150 65 64 -1,
151 65 150 -1,
151 66 65 -1,
151 67 66 -1,
152 67 151 -1,
153 67 152 -1,
153 68 67 -1,
154 68 153 -1,
154 69 68 -1,
155 69 154 -1,
155 70 69 -1,
156 70 155 -1,
156 71 70 -1,
156 72 71 -1,
157 72 156 -1,
158 72 157 -1,
158 73 72 -1,
159 73 158 -1,
159 74 73 -1,
160 74 159 -1,
160 75 74 -1,
161 75 160 -1,
161 76 75 -1,
162 76 161 -1,
162 77 76 -1,
162 78 77 -1,
163 78 162 -1,
164 79 78 -1,
164 78 163 -1,
165 80 79 -1,
165 81 80 -1,
165 79 164 -1,
166 81 165 -1,
167 82 81 -1,
167 83 82 -1,
167 81 166 -1,
168 83 167 -1,
169 84 83 -1,
169 83 168 -1,
86 84 169 -1,
86 85 84 -1,
257 170 171 -1,
257 171 172 -1,
258 172 173 -1,
258 257 172 -1,
259 173 174 -1,
259 258 173 -1,
260 174 175 -1,
260 259 174 -1,
261 175 176 -1,
261 260 175 -1,
262 176 177 -1,
262 261 176 -1,
263 177 178 -1,
263 262 177 -1,
264 263 178 -1,
264 178 179 -1,
265 179 180 -1,
265 264 179 -1,
266 180 181 -1,
266 265 180 -1,
267 181 182 -1,
267 266 181 -1,
268 182 183 -1,
268 267 182 -1,
269 183 184 -1,
269 268 183 -1,
270 184 185 -1,
270 269 184 -1,
271 185 186 -1,
271 270 185 -1,
272 186 187 -1,
272 271 186 -1,
273 187 188 -1,
273 272 187 -1,
274 188 189 -1,
274 273 188 -1,
275 189 190 -1,
275 274 189 -1,
276 190 191 -1,
276 191 192 -1,
276 275 190 -1,
277 276 192 -1,
278 192 193 -1,
278 277 192 -1,
279 193 194 -1,
279 278 193 -1,
280 194 195 -1,
280 279 194 -1,
281 195 196 -1,
281 280 195 -1,
282 196 197 -1,
282 281 196 -1,
283 197 198 -1,
283 282 197 -1,
284 198 199 -1,
284 283 198 -1,
285 199 200 -1,
285 284 199 -1,
286 200 201 -1,
286 285 200 -1,
287 201 202 -1,
287 202 203 -1,
287 286 201 -1,
288 287 203 -1,
289 288 203 -1,
289 203 204 -1,
290 289 204 -1,
290 204 205 -1,
291 290 205 -1,
291 205 206 -1,
292 291 206 -1,
292 206 207 -1,
293 292 207 -1,
293 207 208 -1,
293 208 209 -1,
294 293 209 -1,
295 294 209 -1,
295 209 210 -1,
296 295 210 -1,
296 210 211 -1,
297 296 211 -1,
297 211 212 -1,
298 297 212 -1,
298 212 213 -1,
298 213 214 -1,
299 214 215 -1,
299 298 214 -1,
300 299 215 -1,
301 215 216 -1,
301 300 215 -1,
302 216 217 -1,
302 217 218 -1,
302 301 216 -1,
303 218 219 -1,
303 302 218 -1,
304 303 219 -1,
305 219 220 -1,
305 304 219 -1,
306 220 221 -1,
306 305 220 -1,
307 221 222 -1,
307 306 221 -1,
308 222 223 -1,
308 307 222 -1,
309 223 224 -1,
309 224 225 -1,
309 308 223 -1,
310 309 225 -1,
311 225 226 -1,
311 310 225 -1,
312 226 227 -1,
312 227 228 -1,
312 311 226 -1,
313 312 228 -1,
314 313 228 -1,
314 228 229 -1,
315 314 229 -1,
315 229 230 -1,
316 315 230 -1,
316 230 231 -1,
317 316 231 -1,
317 231 232 -1,
318 317 232 -1,
318 232 233 -1,
318 233 234 -1,
319 318 234 -1,
320 319 234 -1,
320 234 235 -1,
321 320 235 -1,
321 235 236 -1,
321 236 237 -1,
322 321 237 -1,
323 322 237 -1,
323 237 238 -1,
324 323 238 -1,
324 238 239 -1,
325 324 239 -1,
325 239 240 -1,
326 325 240 -1,
326 240 241 -1,
326 241 242 -1,
327 326 242 -1,
328 327 242 -1,
328 242 243 -1,
329 328 243 -1,
329 243 244 -1,
330 329 244 -1,
330 244 245 -1,
331 330 245 -1,
331 245 246 -1,
332 331 246 -1,
332 246 247 -1,
332 247 248 -1,
333 332 248 -1,
334 248 249 -1,
334 333 248 -1,
335 249 250 -1,
335 250 251 -1,
335 334 249 -1,
336 335 251 -1,
337 251 252 -1,
337 252 253 -1,
337 336 251 -1,
338 337 253 -1,
339 253 254 -1,
339 338 253 -1,
256 339 254 -1,
256 254 255 -1,
476 477 393 -1,
476 393 392 -1,
478 393 477 -1,
478 394 393 -1,
475 476 392 -1,
475 392 391 -1,
479 394 478 -1,
479 395 394 -1,
479 396 395 -1,
474 475 391 -1,
474 391 390 -1,
480 396 479 -1,
473 474 390 -1,
473 390 389 -1,
481 396 480 -1,
481 397 396 -1,
472 473 389 -1,
472 389 388 -1,
482 397 481 -1,
482 398 397 -1,
471 388 387 -1,
471 472 388 -1,
483 398 482 -1,
483 399 398 -1,
470 387 386 -1,
470 471 387 -1,
484 399 483 -1,
484 400 399 -1,
469 386 385 -1,
469 470 386 -1,
485 401 400 -1,
485 400 484 -1,
468 385 384 -1,
468 469 385 -1,
486 401 485 -1,
486 402 401 -1,
467 468 384 -1,
467 384 383 -1,
487 402 486 -1,
487 403 402 -1,
466 467 383 -1,
466 383 382 -1,
488 404 403 -1,
488 403 487 -1,
465 466 382 -1,
465 382 381 -1,
489 404 488 -1,
489 405 404 -1,
464 381 380 -1,
464 465 381 -1,
463 380 379 -1,
463 464 380 -1,
490 405 489 -1,
490 406 405 -1,
462 379 378 -1,
462 463 379 -1,
491 406 490 -1,
491 407 406 -1,
491 408 407 -1,
461 378 377 -1,
461 462 378 -1,
492 408 491 -1,
460 461 377 -1,
460 377 376 -1,
493 408 492 -1,
493 409 408 -1,
459 376 375 -1,
459 460 376 -1,
494 409 493 -1,
494 410 409 -1,
458 459 375 -1,
458 375 374 -1,
495 410 494 -1,
495 411 410 -1,
457 374 373 -1,
457 458 374 -1,
496 411 495 -1,
496 412 411 -1,
456 457 373 -1,
456 373 372 -1,
497 412 496 -1,
497 413 412 -1,
371 455 456 -1,
371 456 372 -1,
414 413 497 -1,
414 497 498 -1,
370 454 455 -1,
370 455 371 -1,
415 414 498 -1,
415 498 499 -1,
369 453 454 -1,
369 454 370 -1,
416 499 500 -1,
416 415 499 -1,
368 452 453 -1,
368 453 369 -1,
417 416 500 -1,
417 500 501 -1,
417 501 502 -1,
367 451 452 -1,
367 452 368 -1,
418 502 503 -1,
418 417 502 -1,
366 450 451 -1,
366 451 367 -1,
419 418 503 -1,
365 449 450 -1,
365 450 366 -1,
420 419 503 -1,
420 503 504 -1,
420 504 505 -1,
364 448 449 -1,
364 449 365 -1,
421 420 505 -1,
363 447 448 -1,
363 448 364 -1,
422 421 505 -1,
422 505 506 -1,
362 446 447 -1,
362 447 363 -1,
423 422 506 -1,
423 506 507 -1,
361 445 446 -1,
361 446 362 -1,
340 423 507 -1,
340 507 424 -1,
340 424 425 -1,
360 444 445 -1,
360 445 361 -1,
341 340 425 -1,
342 341 425 -1,
342 425 426 -1,
359 443 444 -1,
359 444 360 -1,
358 442 443 -1,
358 443 359 -1,
343 342 426 -1,
343 426 427 -1,
344 343 427 -1,
344 427 428 -1,
344 428 429 -1,
357 441 442 -1,
357 442 358 -1,
345 344 429 -1,
345 429 430 -1,
356 440 441 -1,
356 441 357 -1,
346 345 430 -1,
355 440 356 -1,
355 439 440 -1,
354 439 355 -1,
354 437 438 -1,
354 438 439 -1,
347 346 430 -1,
347 430 431 -1,
347 431 432 -1,
353 437 354 -1,
348 347 432 -1,
352 437 353 -1,
352 435 436 -1,
352 436 437 -1,
349 348 432 -1,
349 432 433 -1,
349 433 434 -1,
350 349 434 -1,
351 350 434 -1,
351 435 352 -1,
351 434 435 -1,
644 561 645 -1,
644 560 561 -1,
646 645 561 -1,
646 561 562 -1,
643 560 644 -1,
643 559 560 -1,
647 646 562 -1,
647 562 563 -1,
647 563 564 -1,
642 559 643 -1,
642 558 559 -1,
648 647 564 -1,
641 558 642 -1,
641 557 558 -1,
649 648 564 -1,
649 564 565 -1,
640 557 641 -1,
640 556 557 -1,
650 649 565 -1,
650 565 566 -1,
639 555 556 -1,
639 556 640 -1,
651 650 566 -1,
651 566 567 -1,
638 554 555 -1,
638 555 639 -1,
652 651 567 -1,
652 567 568 -1,
637 553 554 -1,
637 554 638 -1,
653 568 569 -1,
653 652 568 -1,
636 552 553 -1,
636 553 637 -1,
654 653 569 -1,
654 569 570 -1,
635 552 636 -1,
635 551 552 -1,
655 654 570 -1,
655 570 571 -1,
634 551 635 -1,
634 550 551 -1,
656 571 572 -1,
656 655 571 -1,
633 550 634 -1,
633 549 550 -1,
657 656 572 -1,
657 572 573 -1,
632 548 549 -1,
632 549 633 -1,
631 547 548 -1,
631 548 632 -1,
658 657 573 -1,
658 573 574 -1,
630 546 547 -1,
630 547 631 -1,
659 658 574 -1,
659 574 575 -1,
659 575 576 -1,
629 545 546 -1,
629 546 630 -1,
660 659 576 -1,
628 545 629 -1,
628 544 545 -1,
661 660 576 -1,
661 576 577 -1,
627 543 544 -1,
627 544 628 -1,
662 661 577 -1,
662 577 578 -1,
626 543 627 -1,
626 542 543 -1,
663 662 578 -1,
663 578 579 -1,
625 541 542 -1,
625 542 626 -1,
664 663 579 -1,
664 579 580 -1,
624 541 625 -1,
624 540 541 -1,
665 664 580 -1,
665 580 581 -1,
539 624 623 -1,
539 540 624 -1,
582 665 581 -1,
582 666 665 -1,
538 623 622 -1,
538 539 623 -1,
583 666 582 -1,
583 667 666 -1,
537 622 621 -1,
537 538 622 -1,
584 668 667 -1,
584 667 583 -1,
536 621 620 -1,
536 537 621 -1,
585 668 584 -1,
585 669 668 -1,
585 670 669 -1,
535 620 619 -1,
535 536 620 -1,
586 671 670 -1,
586 670 585 -1,
534 619 618 -1,
534 535 619 -1,
587 671 586 -1,
533 618 617 -1,
533 534 618 -1,
588 671 587 -1,
588 672 671 -1,
588 673 672 -1,
532 617 616 -1,
532 533 617 -1,
589 673 588 -1,
531 616 615 -1,
531 532 616 -1,
590 673 589 -1,
590 674 673 -1,
530 615 614 -1,
530 531 615 -1,
591 674 590 -1,
591 675 674 -1,
529 614 613 -1,
529 530 614 -1,
508 675 591 -1,
508 592 675 -1,
508 593 592 -1,
528 613 612 -1,
528 529 613 -1,
509 593 508 -1,
510 593 509 -1,
510 594 593 -1,
527 612 611 -1,
527 528 612 -1,
526 611 610 -1,
526 527 611 -1,
511 594 510 -1,
511 595 594 -1,
512 595 511 -1,
512 596 595 -1,
512 597 596 -1,
525 610 609 -1,
525 526 610 -1,
513 597 512 -1,
513 598 597 -1,
524 609 608 -1,
524 525 609 -1,
514 598 513 -1,
523 524 608 -1,
523 608 607 -1,
522 523 607 -1,
522 606 605 -1,
522 607 606 -1,
515 598 514 -1,
515 599 598 -1,
515 600 599 -1,
521 522 605 -1,
516 600 515 -1,
520 521 605 -1,
520 604 603 -1,
520 605 604 -1,
517 600 516 -1,
517 601 600 -1,
517 602 601 -1,
518 602 517 -1,
519 602 518 -1,
519 520 603 -1,
519 603 602 -1 ] solid TRUE creaseAngle 0.5 } }
# header_pad_3
Shape { appearance Appearance { material Material { diffuseColor 0.78 0.58 0.16 } } geometry IndexedFaceSet { coord Coordinate { point [ 5.147146 1.062500 4.976378,
5.147146 1.062500 4.992126,
5.146210 1.087508 4.992126,
5.143408 1.112376 4.992126,
5.138755 1.136966 4.992126,
5.132278 1.161139 4.992126,
5.124013 1.184760 4.992126,
5.114005 1.207697 4.992126,
5.102312 1.229823 4.992126,
5.088997 1.251013 4.992126,
5.074137 1.271148 4.992126,
5.057813 1.290117 4.992126,
5.040117 1.307813 4.992126,
5.021148 1.324137 4.992126,
5.001013 1.338997 4.992126,
4.979823 1.352312 4.992126,
4.957697 1.364005 4.992126,
4.934760 1.374013 4.992126,
4.911139 1.382278 4.992126,
4.886966 1.388755 4.992126,
4.862376 1.393408 4.992126,
4.837508 1.396210 4.992126,
4.812500 1.397146 4.992126,
4.787492 1.396210 4.992126,
4.762624 1.393408 4.992126,
4.738034 1.388755 4.992126,
4.713861 1.382278 4.992126,
4.690240 1.374013 4.992126,
4.667303 1.364005 4.992126,
4.645177 1.352312 4.992126,
4.623987 1.338997 4.992126,
4.603852 1.324137 4.992126,
4.584883 1.307813 4.992126,
4.567187 1.290117 4.992126,
4.550863 1.271148 4.992126,
4.536003 1.251013 4.992126,
4.522688 1.229823 4.992126,
4.510995 1.207697 4.992126,
4.500987 1.184760 4.992126,
4.492722 1.161139 4.992126,
4.486245 1.136966 4.992126,
4.481592 1.112376 4.992126,
4.478790 1.087508 4.992126,
4.477854 1.062500 4.992126,
4.478790 1.037492 4.992126,
4.481592 1.012624 4.992126,
4.486245 0.988034 4.992126,
4.492722 0.963861 4.992126,
4.500987 0.940240 4.992126,
4.510995 0.917303 4.992126,
4.522688 0.895177 4.992126,
4.536003 0.873987 4.992126,
4.550863 0.853852 4.992126,
4.567187 0.834883 4.992126,
4.584883 0.817187 4.992126,
4.603852 0.800863 4.992126,
4.623987 0.786003 4.992126,
4.645177 0.772688 4.992126,
4.667303 0.760995 4.992126,
4.690240 0.750987 4.992126,
4.713861 0.742722 4.992126,
4.738034 0.736245 4.992126,
4.762624 0.731592 4.992126,
4.787492 0.728790 4.992126,
4.812500 0.727854 4.992126,
4.837508 0.728790 4.992126,
4.862376 0.731592 4.992126,
4.886966 0.736245 4.992126,
4.911139 0.742722 4.992126,
4.934760 0.750987 4.992126,
4.957697 0.760995 4.992126,
4.979823 0.772688 4.992126,
5.001013 0.786003 4.992126,
5.021148 0.800863 4.992126,
5.040117 0.817187 4.992126,
5.057813 0.834883 4.992126,
5.074137 0.853852 4.992126,
5.088997 0.873987 4.992126,
5.102312 0.895177 4.992126,
5.114005 0.917303 4.992126,
5.124013 0.940240 4.992126,
5.132278 0.963861 4.992126,
5.138755 0.988034 4.992126,
5.143408 1.012624 4.992126,
5.146210 1.037492 4.992126,
5.147146 1.062500 4.992126,
5.147146 1.062500 4.976378,
5.146210 1.087508 4.976378,
5.143408 1.112376 4.976378,
5.138755 1.136966 4.976378,
5.132278 1.161139 4.976378,
5.124013 1.184760 4.976378,
5.114005 1.207697 4.976378,
5.102312 1.229823 4.976378,
5.088997 1.251013 4.976378,
5.074137 1.271148 4.976378,
5.057813 1.290117 4.976378,
5.040117 1.307813 4.976378,
5.021148 1.324137 4.976378,
5.001013 1.338997 4.976378,
4.979823 1.352312 4.976378,
4.957697 1.364005 4.976378,
4.934760 1.374013 4.976378,
4.911139 1.382278 4.976378,
4.886966 1.388755 4.976378,
4.862376 1.393408 4.976378,
4.837508 1.396210 4.976378,
4.812500 1.397146 4.976378,
4.787492 1.396210 4.976378,
4.762624 1.393408 4.976378,
4.738034 1.388755 4.976378,
4.713861 1.382278 4.976378,
4.690240 1.374013 4.976378,
4.667303 1.364005 4.976378,
4.645177 1.352312 4.976378,
4.623987 1.338997 4.976378,
4.603852 1.324137 4.976378,
4.584883 1.307813 4.976378,
4.567187 1.290117 4.976378,
4.550863 1.271148 4.976378,
4.536003 1.251013 4.976378,
4.522688 1.229823 4.976378,
4.510995 1.207697 4.976378,
4.500987 1.184760 4.976378,
4.492722 1.161139 4.976378,
4.486245 1.136966 4.976378,
4.481592 1.112376 4.976378,
4.478790 1.087508 4.976378,
4.477854 1.062500 4.976378,
4.478790 1.037492 4.976378,
4.481592 1.012624 4.976378,
4.486245 0.988034 4.976378,
4.492722 0.963861 4.976378,
4.500987 0.940240 4.976378,
4.510995 0.917303 4.976378,
4.522688 0.895177 4.976378,
4.536003 0.873987 4.976378,
4.550863 0.853852 4.976378,
4.567187 0.834883 4.976378,
4.584883 0.817187 4.976378,
4.603852 0.800863 4.976378,
4.623987 0.786003 4.976378,
4.645177 0.772688 4.976378,
4.667303 0.760995 4.976378,
4.690240 0.750987 4.976378,
4.713861 0.742722 4.976378,
4.738034 0.736245 4.976378,
4.762624 0.731592 4.976378,
4.787492 0.728790 4.976378,
4.812500 0.727854 4.976378,
4.837508 0.728790 4.976378,
4.862376 0.731592 4.976378,
4.886966 0.736245 4.976378,
4.911139 0.742722 4.976378,
4.934760 0.750987 4.976378,
4.957697 0.760995 4.976378,
4.979823 0.772688 4.976378,
5.001013 0.786003 4.976378,
5.021148 0.800863 4.976378,
5.040117 0.817187 4.976378,
5.057813 0.834883 4.976378,
5.074137 0.853852 4.976378,
5.088997 0.873987 4.976378,
5.102312 0.895177 4.976378,
5.114005 0.917303 4.976378,
5.124013 0.940240 4.976378,
5.132278 0.963861 4.976378,
5.138755 0.988034 4.976378,
5.143408 1.012624 4.976378,
5.146210 1.037492 4.976378,
4.954232 1.062500 4.976378,
4.954232 1.062500 4.992126,
4.953836 1.073092 4.992126,
4.952649 1.083624 4.992126,
4.950679 1.094038 4.992126,
4.947936 1.104276 4.992126,
4.944435 1.114281 4.992126,
4.940196 1.123995 4.992126,
4.935244 1.133366 4.992126,
4.929605 1.142341 4.992126,
4.923311 1.150869 4.992126,
4.916397 1.158902 4.992126,
4.908902 1.166397 4.992126,
4.900869 1.173311 4.992126,
4.892341 1.179605 4.992126,
4.883366 1.185244 4.992126,
4.873995 1.190196 4.992126,
4.864281 1.194435 4.992126,
4.854276 1.197936 4.992126,
4.844038 1.200679 4.992126,
4.833624 1.202649 4.992126,
4.823092 1.203836 4.992126,
4.812500 1.204232 4.992126,
4.801908 1.203836 4.992126,
4.791376 1.202649 4.992126,
4.780962 1.200679 4.992126,
4.770724 1.197936 4.992126,
4.760719 1.194435 4.992126,
4.751005 1.190196 4.992126,
4.741634 1.185244 4.992126,
4.732659 1.179605 4.992126,
4.724131 1.173311 4.992126,
4.716098 1.166397 4.992126,
4.708603 1.158902 4.992126,
4.701689 1.150869 4.992126,
4.695395 1.142341 4.992126,
4.689756 1.133366 4.992126,
4.684804 1.123995 4.992126,
4.680565 1.114281 4.992126,
4.677064 1.104276 4.992126,
4.674321 1.094038 4.992126,
4.672351 1.083624 4.992126,
4.671164 1.073092 4.992126,
4.670768 1.062500 4.992126,
4.671164 1.051908 4.992126,
4.672351 1.041376 4.992126,
4.674321 1.030962 4.992126,
4.677064 1.020724 4.992126,
4.680565 1.010719 4.992126,
4.684804 1.001005 4.992126,
4.689756 0.991634 4.992126,
4.695395 0.982659 4.992126,
4.701689 0.974131 4.992126,
4.708603 0.966098 4.992126,
4.716098 0.958603 4.992126,
4.724131 0.951689 4.992126,
4.732659 0.945395 4.992126,
4.741634 0.939756 4.992126,
4.751005 0.934804 4.992126,
4.760719 0.930565 4.992126,
4.770724 0.927064 4.992126,
4.780962 0.924321 4.992126,
4.791376 0.922351 4.992126,
4.801908 0.921164 4.992126,
4.812500 0.920768 4.992126,
4.823092 0.921164 4.992126,
4.833624 0.922351 4.992126,
4.844038 0.924321 4.992126,
4.854276 0.927064 4.992126,
4.864281 0.930565 4.992126,
4.873995 0.934804 4.992126,
4.883366 0.939756 4.992126,
4.892341 0.945395 4.992126,
4.900869 0.951689 4.992126,
4.908902 0.958603 4.992126,
4.916397 0.966098 4.992126,
4.923311 0.974131 4.992126,
4.929605 0.982659 4.992126,
4.935244 0.991634 4.992126,
4.940196 1.001005 4.992126,
4.944435 1.010719 4.992126,
4.947936 1.020724 4.992126,
4.950679 1.030962 4.992126,
4.952649 1.041376 4.992126,
4.953836 1.051908 4.992126,
4.954232 1.062500 4.992126,
4.954232 1.062500 4.976378,
4.953836 1.073092 4.976378,
4.952649 1.083624 4.976378,
4.950679 1.094038 4.976378,
4.947936 1.104276 4.976378,
4.944435 1.114281 4.976378,
4.940196 1.123995 4.976378,
4.935244 1.133366 4.976378,
4.929605 1.142341 4.976378,
4.923311 1.150869 4.976378,
4.916397 1.158902 4.976378,
4.908902 1.166397 4.976378,
4.900869 1.173311 4.976378,
4.892341 1.179605 4.976378,
4.883366 1.185244 4.976378,
4.873995 1.190196 4.976378,
4.864281 1.194435 4.976378,
4.854276 1.197936 4.976378,
4.844038 1.200679 4.976378,
4.833624 1.202649 4.976378,
4.823092 1.203836 4.976378,
4.812500 1.204232 4.976378,
4.801908 1.203836 4.976378,
4.791376 1.202649 4.976378,
4.780962 1.200679 4.976378,
4.770724 1.197936 4.976378,
4.760719 1.194435 4.976378,
4.751005 1.190196 4.976378,
4.741634 1.185244 4.976378,
4.732659 1.179605 4.976378,
4.724131 1.173311 4.976378,
4.716098 1.166397 4.976378,
4.708603 1.158902 4.976378,
4.701689 1.150869 4.976378,
4.695395 1.142341 4.976378,
4.689756 1.133366 4.976378,
4.684804 1.123995 4.976378,
4.680565 1.114281 4.976378,
4.677064 1.104276 4.976378,
4.674321 1.094038 4.976378,
4.672351 1.083624 4.976378,
4.671164 1.073092 4.976378,
4.670768 1.062500 4.976378,
4.671164 1.051908 4.976378,
4.672351 1.041376 4.976378,
4.674321 1.030962 4.976378,
4.677064 1.020724 4.976378,
4.680565 1.010719 4.976378,
4.684804 1.001005 4.976378,
4.689756 0.991634 4.976378,
4.695395 0.982659 4.976378,
4.701689 0.974131 4.976378,
4.708603 0.966098 4.976378,
4.716098 0.958603 4.976378,
4.724131 0.951689 4.976378,
4.732659 0.945395 4.976378,
4.741634 0.939756 4.976378,
4.751005 0.934804 4.976378,
4.760719 0.930565 4.976378,
4.770724 0.927064 4.976378,
4.780962 0.924321 4.976378,
4.791376 0.922351 4.976378,
4.801908 0.921164 4.976378,
4.812500 0.920768 4.976378,
4.823092 0.921164 4.976378,
4.833624 0.922351 4.976378,
4.844038 0.924321 4.976378,
4.854276 0.927064 4.976378,
4.864281 0.930565 4.976378,
4.873995 0.934804 4.976378,
4.883366 0.939756 4.976378,
4.892341 0.945395 4.976378,
4.900869 0.951689 4.976378,
4.908902 0.958603 4.976378,
4.916397 0.966098 4.976378,
4.923311 0.974131 4.976378,
4.929605 0.982659 4.976378,
4.935244 0.991634 4.976378,
4.940196 1.001005 4.976378,
4.944435 1.010719 4.976378,
4.947936 1.020724 4.976378,
4.950679 1.030962 4.976378,
4.952649 1.041376 4.976378,
4.953836 1.051908 4.976378,
5.147146 1.062500 4.976378,
5.146210 1.087508 4.976378,
5.143408 1.112376 4.976378,
5.138755 1.136966 4.976378,
5.132278 1.161139 4.976378,
5.124013 1.184760 4.976378,
5.114005 1.207697 4.976378,
5.102312 1.229823 4.976378,
5.088997 1.251013 4.976378,
5.074137 1.271148 4.976378,
5.057813 1.290117 4.976378,
5.040117 1.307813 4.976378,
5.021148 1.324137 4.976378,
5.001013 1.338997 4.976378,
4.979823 1.352312 4.976378,
4.957697 1.364005 4.976378,
4.934760 1.374013 4.976378,
4.911139 1.382278 4.976378,
4.886966 1.388755 4.976378,
4.862376 1.393408 4.976378,
4.837508 1.396210 4.976378,
4.812500 1.397146 4.976378,
4.787492 1.396210 4.976378,
4.762624 1.393408 4.976378,
4.738034 1.388755 4.976378,
4.713861 1.382278 4.976378,
4.690240 1.374013 4.976378,
4.667303 1.364005 4.976378,
4.645177 1.352312 4.976378,
4.623987 1.338997 4.976378,
4.603852 1.324137 4.976378,
4.584883 1.307813 4.976378,
4.567187 1.290117 4.976378,
4.550863 1.271148 4.976378,
4.536003 1.251013 4.976378,
4.522688 1.229823 4.976378,
4.510995 1.207697 4.976378,
4.500987 1.184760 4.976378,
4.492722 1.161139 4.976378,
4.486245 1.136966 4.976378,
4.481592 1.112376 4.976378,
4.478790 1.087508 4.976378,
4.477854 1.062500 4.976378,
4.478790 1.037492 4.976378,
4.481592 1.012624 4.976378,
4.486245 0.988034 4.976378,
4.492722 0.963861 4.976378,
4.500987 0.940240 4.976378,
4.510995 0.917303 4.976378,
4.522688 0.895177 4.976378,
4.536003 0.873987 4.976378,
4.550863 0.853852 4.976378,
4.567187 0.834883 4.976378,
4.584883 0.817187 4.976378,
4.603852 0.800863 4.976378,
4.623987 0.786003 4.976378,
4.645177 0.772688 4.976378,
4.667303 0.760995 4.976378,
4.690240 0.750987 4.976378,
4.713861 0.742722 4.976378,
4.738034 0.736245 4.976378,
4.762624 0.731592 4.976378,
4.787492 0.728790 4.976378,
4.812500 0.727854 4.976378,
4.837508 0.728790 4.976378,
4.862376 0.731592 4.976378,
4.886966 0.736245 4.976378,
4.911139 0.742722 4.976378,
4.934760 0.750987 4.976378,
4.957697 0.760995 4.976378,
4.979823 0.772688 4.976378,
5.001013 0.786003 4.976378,
5.021148 0.800863 4.976378,
5.040117 0.817187 4.976378,
5.057813 0.834883 4.976378,
5.074137 0.853852 4.976378,
5.088997 0.873987 4.976378,
5.102312 0.895177 4.976378,
5.114005 0.917303 4.976378,
5.124013 0.940240 4.976378,
5.132278 0.963861 4.976378,
5.138755 0.988034 4.976378,
5.143408 1.012624 4.976378,
5.146210 1.037492 4.976378,
4.954232 1.062500 4.976378,
4.953836 1.073092 4.976378,
4.952649 1.083624 4.976378,
4.950679 1.094038 4.976378,
4.947936 1.104276 4.976378,
4.944435 1.114281 4.976378,
4.940196 1.123995 4.976378,
4.935244 1.133366 4.976378,
4.929605 1.142341 4.976378,
4.923311 1.150869 4.976378,
4.916397 1.158902 4.976378,
4.908902 1.166397 4.976378,
4.900869 1.173311 4.976378,
4.892341 1.179605 4.976378,
4.883366 1.185244 4.976378,
4.873995 1.190196 4.976378,
4.864281 1.194435 4.976378,
4.854276 1.197936 4.976378,
4.844038 1.200679 4.976378,
4.833624 1.202649 4.976378,
4.823092 1.203836 4.976378,
4.812500 1.204232 4.976378,
4.801908 1.203836 4.976378,
4.791376 1.202649 4.976378,
4.780962 1.200679 4.976378,
4.770724 1.197936 4.976378,
4.760719 1.194435 4.976378,
4.751005 1.190196 4.976378,
4.741634 1.185244 4.976378,
4.732659 1.179605 4.976378,
4.724131 1.173311 4.976378,
4.716098 1.166397 4.976378,
4.708603 1.158902 4.976378,
4.701689 1.150869 4.976378,
4.695395 1.142341 4.976378,
4.689756 1.133366 4.976378,
4.684804 1.123995 4.976378,
4.680565 1.114281 4.976378,
4.677064 1.104276 4.976378,
4.674321 1.094038 4.976378,
4.672351 1.083624 4.976378,
4.671164 1.073092 4.976378,
4.670768 1.062500 4.976378,
4.671164 1.051908 4.976378,
4.672351 1.041376 4.976378,
4.674321 1.030962 4.976378,
4.677064 1.020724 4.976378,
4.680565 1.010719 4.976378,
4.684804 1.001005 4.976378,
4.689756 0.991634 4.976378,
4.695395 0.982659 4.976378,
4.701689 0.974131 4.976378,
4.708603 0.966098 4.976378,
4.716098 0.958603 4.976378,
4.724131 0.951689 4.976378,
4.732659 0.945395 4.976378,
4.741634 0.939756 4.976378,
4.751005 0.934804 4.976378,
4.760719 0.930565 4.976378,
4.770724 0.927064 4.976378,
4.780962 0.924321 4.976378,
4.791376 0.922351 4.976378,
4.801908 0.921164 4.976378,
4.812500 0.920768 4.976378,
4.823092 0.921164 4.976378,
4.833624 0.922351 4.976378,
4.844038 0.924321 4.976378,
4.854276 0.927064 4.976378,
4.864281 0.930565 4.976378,
4.873995 0.934804 4.976378,
4.883366 0.939756 4.976378,
4.892341 0.945395 4.976378,
4.900869 0.951689 4.976378,
4.908902 0.958603 4.976378,
4.916397 0.966098 4.976378,
4.923311 0.974131 4.976378,
4.929605 0.982659 4.976378,
4.935244 0.991634 4.976378,
4.940196 1.001005 4.976378,
4.944435 1.010719 4.976378,
4.947936 1.020724 4.976378,
4.950679 1.030962 4.976378,
4.952649 1.041376 4.976378,
4.953836 1.051908 4.976378,
5.147146 1.062500 4.992126,
5.146210 1.087508 4.992126,
5.143408 1.112376 4.992126,
5.138755 1.136966 4.992126,
5.132278 1.161139 4.992126,
5.124013 1.184760 4.992126,
5.114005 1.207697 4.992126,
5.102312 1.229823 4.992126,
5.088997 1.251013 4.992126,
5.074137 1.271148 4.992126,
5.057813 1.290117 4.992126,
5.040117 1.307813 4.992126,
5.021148 1.324137 4.992126,
5.001013 1.338997 4.992126,
4.979823 1.352312 4.992126,
4.957697 1.364005 4.992126,
4.934760 1.374013 4.992126,
4.911139 1.382278 4.992126,
4.886966 1.388755 4.992126,
4.862376 1.393408 4.992126,
4.837508 1.396210 4.992126,
4.812500 1.397146 4.992126,
4.787492 1.396210 4.992126,
4.762624 1.393408 4.992126,
4.738034 1.388755 4.992126,
4.713861 1.382278 4.992126,
4.690240 1.374013 4.992126,
4.667303 1.364005 4.992126,
4.645177 1.352312 4.992126,
4.623987 1.338997 4.992126,
4.603852 1.324137 4.992126,
4.584883 1.307813 4.992126,
4.567187 1.290117 4.992126,
4.550863 1.271148 4.992126,
4.536003 1.251013 4.992126,
4.522688 1.229823 4.992126,
4.510995 1.207697 4.992126,
4.500987 1.184760 4.992126,
4.492722 1.161139 4.992126,
4.486245 1.136966 4.992126,
4.481592 1.112376 4.992126,
4.478790 1.087508 4.992126,
4.477854 1.062500 4.992126,
4.478790 1.037492 4.992126,
4.481592 1.012624 4.992126,
4.486245 0.988034 4.992126,
4.492722 0.963861 4.992126,
4.500987 0.940240 4.992126,
4.510995 0.917303 4.992126,
4.522688 0.895177 4.992126,
4.536003 0.873987 4.992126,
4.550863 0.853852 4.992126,
4.567187 0.834883 4.992126,
4.584883 0.817187 4.992126,
4.603852 0.800863 4.992126,
4.623987 0.786003 4.992126,
4.645177 0.772688 4.992126,
4.667303 0.760995 4.992126,
4.690240 0.750987 4.992126,
4.713861 0.742722 4.992126,
4.738034 0.736245 4.992126,
4.762624 0.731592 4.992126,
4.787492 0.728790 4.992126,
4.812500 0.727854 4.992126,
4.837508 0.728790 4.992126,
4.862376 0.731592 4.992126,
4.886966 0.736245 4.992126,
4.911139 0.742722 4.992126,
4.934760 0.750987 4.992126,
4.957697 0.760995 4.992126,
4.979823 0.772688 4.992126,
5.001013 0.786003 4.992126,
5.021148 0.800863 4.992126,
5.040117 0.817187 4.992126,
5.057813 0.834883 4.992126,
5.074137 0.853852 4.992126,
5.088997 0.873987 4.992126,
5.102312 0.895177 4.992126,
5.114005 0.917303 4.992126,
5.124013 0.940240 4.992126,
5.132278 0.963861 4.992126,
5.138755 0.988034 4.992126,
5.143408 1.012624 4.992126,
5.146210 1.037492 4.992126,
4.954232 1.062500 4.992126,
4.953836 1.073092 4.992126,
4.952649 1.083624 4.992126,
4.950679 1.094038 4.992126,
4.947936 1.104276 4.992126,
4.944435 1.114281 4.992126,
4.940196 1.123995 4.992126,
4.935244 1.133366 4.992126,
4.929605 1.142341 4.992126,
4.923311 1.150869 4.992126,
4.916397 1.158902 4.992126,
4.908902 1.166397 4.992126,
4.900869 1.173311 4.992126,
4.892341 1.179605 4.992126,
4.883366 1.185244 4.992126,
4.873995 1.190196 4.992126,
4.864281 1.194435 4.992126,
4.854276 1.197936 4.992126,
4.844038 1.200679 4.992126,
4.833624 1.202649 4.992126,
4.823092 1.203836 4.992126,
4.812500 1.204232 4.992126,
4.801908 1.203836 4.992126,
4.791376 1.202649 4.992126,
4.780962 1.200679 4.992126,
4.770724 1.197936 4.992126,
4.760719 1.194435 4.992126,
4.751005 1.190196 4.992126,
4.741634 1.185244 4.992126,
4.732659 1.179605 4.992126,
4.724131 1.173311 4.992126,
4.716098 1.166397 4.992126,
4.708603 1.158902 4.992126,
4.701689 1.150869 4.992126,
4.695395 1.142341 4.992126,
4.689756 1.133366 4.992126,
4.684804 1.123995 4.992126,
4.680565 1.114281 4.992126,
4.677064 1.104276 4.992126,
4.674321 1.094038 4.992126,
4.672351 1.083624 4.992126,
4.671164 1.073092 4.992126,
4.670768 1.062500 4.992126,
4.671164 1.051908 4.992126,
4.672351 1.041376 4.992126,
4.674321 1.030962 4.992126,
4.677064 1.020724 4.992126,
4.680565 1.010719 4.992126,
4.684804 1.001005 4.992126,
4.689756 0.991634 4.992126,
4.695395 0.982659 4.992126,
4.701689 0.974131 4.992126,
4.708603 0.966098 4.992126,
4.716098 0.958603 4.992126,
4.724131 0.951689 4.992126,
4.732659 0.945395 4.992126,
4.741634 0.939756 4.992126,
4.751005 0.934804 4.992126,
4.760719 0.930565 4.992126,
4.770724 0.927064 4.992126,
4.780962 0.924321 4.992126,
4.791376 0.922351 4.992126,
4.801908 0.921164 4.992126,
4.812500 0.920768 4.992126,
4.823092 0.921164 4.992126,
4.833624 0.922351 4.992126,
4.844038 0.924321 4.992126,
4.854276 0.927064 4.992126,
4.864281 0.930565 4.992126,
4.873995 0.934804 4.992126,
4.883366 0.939756 4.992126,
4.892341 0.945395 4.992126,
4.900869 0.951689 4.992126,
4.908902 0.958603 4.992126,
4.916397 0.966098 4.992126,
4.923311 0.974131 4.992126,
4.929605 0.982659 4.992126,
4.935244 0.991634 4.992126,
4.940196 1.001005 4.992126,
4.944435 1.010719 4.992126,
4.947936 1.020724 4.992126,
4.950679 1.030962 4.992126,
4.952649 1.041376 4.992126,
4.953836 1.051908 4.992126 ] } coordIndex [ 87 1 0 -1,
87 2 1 -1,
88 3 2 -1,
88 2 87 -1,
89 4 3 -1,
89 3 88 -1,
90 5 4 -1,
90 4 89 -1,
91 6 5 -1,
91 5 90 -1,
92 7 6 -1,
92 6 91 -1,
93 8 7 -1,
93 7 92 -1,
94 8 93 -1,
94 9 8 -1,
95 10 9 -1,
95 9 94 -1,
96 11 10 -1,
96 10 95 -1,
97 12 11 -1,
97 11 96 -1,
98 13 12 -1,
98 12 97 -1,
99 14 13 -1,
99 13 98 -1,
100 15 14 -1,
100 14 99 -1,
101 16 15 -1,
101 15 100 -1,
102 17 16 -1,
102 16 101 -1,
103 18 17 -1,
103 17 102 -1,
104 19 18 -1,
104 18 103 -1,
105 20 19 -1,
105 19 104 -1,
106 21 20 -1,
106 22 21 -1,
106 20 105 -1,
107 22 106 -1,
108 23 22 -1,
108 22 107 -1,
109 24 23 -1,
109 23 108 -1,
110 25 24 -1,
110 24 109 -1,
111 26 25 -1,
111 25 110 -1,
112 27 26 -1,
112 26 111 -1,
113 28 27 -1,
113 27 112 -1,
114 29 28 -1,
114 28 113 -1,
115 30 29 -1,
115 29 114 -1,
116 31 30 -1,
116 30 115 -1,
117 32 31 -1,
117 33 32 -1,
117 31 116 -1,
118 33 117 -1,
119 33 118 -1,
119 34 33 -1,
120 34 119 -1,
120 35 34 -1,
121 35 120 -1,
121 36 35 -1,
122 36 121 -1,
122 37 36 -1,
123 37 122 -1,
123 38 37 -1,
123 39 38 -1,
124 39 123 -1,
125 39 124 -1,
125 40 39 -1,
126 40 125 -1,
126 41 40 -1,
127 41 126 -1,
127 42 41 -1,
128 42 127 -1,
128 43 42 -1,
128 44 43 -1,
129 45 44 -1,
129 44 128 -1,
130 45 129 -1,
131 46 45 -1,
131 45 130 -1,
132 47 46 -1,
132 48 47 -1,
132 46 131 -1,
133 49 48 -1,
133 48 132 -1,
134 49 133 -1,
135 50 49 -1,
135 49 134 -1,
136 51 50 -1,
136 50 135 -1,
137 52 51 -1,
137 51 136 -1,
138 53 52 -1,
138 52 137 -1,
139 54 53 -1,
139 55 54 -1,
139 53 138 -1,
140 55 139 -1,
141 56 55 -1,
141 55 140 -1,
142 57 56 -1,
142 58 57 -1,
142 56 141 -1,
143 58 142 -1,
144 58 143 -1,
144 59 58 -1,
145 59 144 -1,
145 60 59 -1,
146 60 145 -1,
146 61 60 -1,
147 61 146 -1,
147 62 61 -1,
148 62 147 -1,
148 63 62 -1,
148 64 63 -1,
149 64 148 -1,
150 64 149 -1,
150 65 64 -1,
151 65 150 -1,
151 66 65 -1,
151 67 66 -1,
152 67 151 -1,
153 67 152 -1,
153 68 67 -1,
154 68 153 -1,
154 69 68 -1,
155 69 154 -1,
155 70 69 -1,
156 70 155 -1,
156 71 70 -1,
156 72 71 -1,
157 72 156 -1,
158 72 157 -1,
158 73 72 -1,
159 73 158 -1,
159 74 73 -1,
160 74 159 -1,
160 75 74 -1,
161 75 160 -1,
161 76 75 -1,
162 76 161 -1,
162 77 76 -1,
162 78 77 -1,
163 78 162 -1,
164 79 78 -1,
164 78 163 -1,
165 80 79 -1,
165 81 80 -1,
165 79 164 -1,
166 81 165 -1,
167 82 81 -1,
167 83 82 -1,
167 81 166 -1,
168 83 167 -1,
169 84 83 -1,
169 83 168 -1,
86 84 169 -1,
86 85 84 -1,
257 170 171 -1,
257 171 172 -1,
258 172 173 -1,
258 257 172 -1,
259 173 174 -1,
259 258 173 -1,
260 174 175 -1,
260 259 174 -1,
261 175 176 -1,
261 260 175 -1,
262 176 177 -1,
262 261 176 -1,
263 177 178 -1,
263 262 177 -1,
264 263 178 -1,
264 178 179 -1,
265 179 180 -1,
265 264 179 -1,
266 180 181 -1,
266 265 180 -1,
267 181 182 -1,
267 266 181 -1,
268 182 183 -1,
268 267 182 -1,
269 183 184 -1,
269 268 183 -1,
270 184 185 -1,
270 269 184 -1,
271 185 186 -1,
271 270 185 -1,
272 186 187 -1,
272 271 186 -1,
273 187 188 -1,
273 272 187 -1,
274 188 189 -1,
274 273 188 -1,
275 189 190 -1,
275 274 189 -1,
276 190 191 -1,
276 191 192 -1,
276 275 190 -1,
277 276 192 -1,
278 192 193 -1,
278 277 192 -1,
279 193 194 -1,
279 278 193 -1,
280 194 195 -1,
280 279 194 -1,
281 195 196 -1,
281 280 195 -1,
282 196 197 -1,
282 281 196 -1,
283 197 198 -1,
283 282 197 -1,
284 198 199 -1,
284 283 198 -1,
285 199 200 -1,
285 284 199 -1,
286 200 201 -1,
286 285 200 -1,
287 201 202 -1,
287 202 203 -1,
287 286 201 -1,
288 287 203 -1,
289 288 203 -1,
289 203 204 -1,
290 289 204 -1,
290 204 205 -1,
291 290 205 -1,
291 205 206 -1,
292 291 206 -1,
292 206 207 -1,
293 292 207 -1,
293 207 208 -1,
293 208 209 -1,
294 293 209 -1,
295 294 209 -1,
295 209 210 -1,
296 295 210 -1,
296 210 211 -1,
297 296 211 -1,
297 211 212 -1,
298 297 212 -1,
298 212 213 -1,
298 213 214 -1,
299 214 215 -1,
299 298 214 -1,
300 299 215 -1,
301 215 216 -1,
301 300 215 -1,
302 216 217 -1,
302 217 218 -1,
302 301 216 -1,
303 218 219 -1,
303 302 218 -1,
304 303 219 -1,
305 219 220 -1,
305 304 219 -1,
306 220 221 -1,
306 305 220 -1,
307 221 222 -1,
307 306 221 -1,
308 222 223 -1,
308 307 222 -1,
309 223 224 -1,
309 224 225 -1,
309 308 223 -1,
310 309 225 -1,
311 225 226 -1,
311 310 225 -1,
312 226 227 -1,
312 227 228 -1,
312 311 226 -1,
313 312 228 -1,
314 313 228 -1,
314 228 229 -1,
315 314 229 -1,
315 229 230 -1,
316 315 230 -1,
316 230 231 -1,
317 316 231 -1,
317 231 232 -1,
318 317 232 -1,
318 232 233 -1,
318 233 234 -1,
319 318 234 -1,
320 319 234 -1,
320 234 235 -1,
321 320 235 -1,
321 235 236 -1,
321 236 237 -1,
322 321 237 -1,
323 322 237 -1,
323 237 238 -1,
324 323 238 -1,
324 238 239 -1,
325 324 239 -1,
325 239 240 -1,
326 325 240 -1,
326 240 241 -1,
326 241 242 -1,
327 326 242 -1,
328 327 242 -1,
328 242 243 -1,
329 328 243 -1,
329 243 244 -1,
330 329 244 -1,
330 244 245 -1,
331 330 245 -1,
331 245 246 -1,
332 331 246 -1,
332 246 247 -1,
332 247 248 -1,
333 332 248 -1,
334 248 249 -1,
334 333 248 -1,
335 249 250 -1,
335 250 251 -1,
335 334 249 -1,
336 335 251 -1,
337 251 252 -1,
337 252 253 -1,
337 336 251 -1,
338 337 253 -1,
339 253 254 -1,
339 338 253 -1,
256 339 254 -1,
256 254 255 -1,
476 477 393 -1,
476 393 392 -1,
478 393 477 -1,
478 394 393 -1,
475 476 392 -1,
475 392 391 -1,
479 394 478 -1,
479 395 394 -1,
479 396 395 -1,
474 475 391 -1,
474 391 390 -1,
480 396 479 -1,
473 474 390 -1,
473 390 389 -1,
481 396 480 -1,
481 397 396 -1,
472 473 389 -1,
472 389 388 -1,
482 397 481 -1,
482 398 397 -1,
471 388 387 -1,
471 472 388 -1,
483 398 482 -1,
483 399 398 -1,
470 387 386 -1,
470 471 387 -1,
484 399 483 -1,
484 400 399 -1,
469 386 385 -1,
469 470 386 -1,
485 401 400 -1,
485 400 484 -1,
468 385 384 -1,
468 469 385 -1,
486 401 485 -1,
486 402 401 -1,
467 468 384 -1,
467 384 383 -1,
487 402 486 -1,
487 403 402 -1,
466 467 383 -1,
466 383 382 -1,
488 404 403 -1,
488 403 487 -1,
465 466 382 -1,
465 382 381 -1,
489 404 488 -1,
489 405 404 -1,
464 381 380 -1,
464 465 381 -1,
463 380 379 -1,
463 464 380 -1,
490 405 489 -1,
490 406 405 -1,
462 379 378 -1,
462 463 379 -1,
491 406 490 -1,
491 407 406 -1,
491 408 407 -1,
461 378 377 -1,
461 462 378 -1,
492 408 491 -1,
460 461 377 -1,
460 377 376 -1,
493 408 492 -1,
493 409 408 -1,
459 376 375 -1,
459 460 376 -1,
494 409 493 -1,
494 410 409 -1,
458 459 375 -1,
458 375 374 -1,
495 410 494 -1,
495 411 410 -1,
457 374 373 -1,
457 458 374 -1,
496 411 495 -1,
496 412 411 -1,
456 457 373 -1,
456 373 372 -1,
497 412 496 -1,
497 413 412 -1,
371 455 456 -1,
371 456 372 -1,
414 413 497 -1,
414 497 498 -1,
370 454 455 -1,
370 455 371 -1,
415 414 498 -1,
415 498 499 -1,
369 453 454 -1,
369 454 370 -1,
416 499 500 -1,
416 415 499 -1,
368 452 453 -1,
368 453 369 -1,
417 416 500 -1,
417 500 501 -1,
417 501 502 -1,
367 451 452 -1,
367 452 368 -1,
418 502 503 -1,
418 417 502 -1,
366 450 451 -1,
366 451 367 -1,
419 418 503 -1,
365 449 450 -1,
365 450 366 -1,
420 419 503 -1,
420 503 504 -1,
420 504 505 -1,
364 448 449 -1,
364 449 365 -1,
421 420 505 -1,
363 447 448 -1,
363 448 364 -1,
422 421 505 -1,
422 505 506 -1,
362 446 447 -1,
362 447 363 -1,
423 422 506 -1,
423 506 507 -1,
361 445 446 -1,
361 446 362 -1,
340 423 507 -1,
340 507 424 -1,
340 424 425 -1,
360 444 445 -1,
360 445 361 -1,
341 340 425 -1,
342 341 425 -1,
342 425 426 -1,
359 443 444 -1,
359 444 360 -1,
358 442 443 -1,
358 443 359 -1,
343 342 426 -1,
343 426 427 -1,
344 343 427 -1,
344 427 428 -1,
344 428 429 -1,
357 441 442 -1,
357 442 358 -1,
345 344 429 -1,
345 429 430 -1,
356 440 441 -1,
356 441 357 -1,
346 345 430 -1,
355 440 356 -1,
355 439 440 -1,
354 439 355 -1,
354 437 438 -1,
354 438 439 -1,
347 346 430 -1,
347 430 431 -1,
347 431 432 -1,
353 437 354 -1,
348 347 432 -1,
352 437 353 -1,
352 435 436 -1,
352 436 437 -1,
349 348 432 -1,
349 432 433 -1,
349 433 434 -1,
350 349 434 -1,
351 350 434 -1,
351 435 352 -1,
351 434 435 -1,
644 561 645 -1,
644 560 561 -1,
646 645 561 -1,
646 561 562 -1,
643 560 644 -1,
643 559 560 -1,
647 646 562 -1,
647 562 563 -1,
647 563 564 -1,
642 559 643 -1,
642 558 559 -1,
648 647 564 -1,
641 558 642 -1,
641 557 558 -1,
649 648 564 -1,
649 564 565 -1,
640 557 641 -1,
640 556 557 -1,
650 649 565 -1,
650 565 566 -1,
639 555 556 -1,
639 556 640 -1,
651 650 566 -1,
651 566 567 -1,
638 554 555 -1,
638 555 639 -1,
652 651 567 -1,
652 567 568 -1,
637 553 554 -1,
637 554 638 -1,
653 568 569 -1,
653 652 568 -1,
636 552 553 -1,
636 553 637 -1,
654 653 569 -1,
654 569 570 -1,
635 552 636 -1,
635 551 552 -1,
655 654 570 -1,
655 570 571 -1,
634 551 635 -1,
634 550 551 -1,
656 571 572 -1,
656 655 571 -1,
633 550 634 -1,
633 549 550 -1,
657 656 572 -1,
657 572 573 -1,
632 548 549 -1,
632 549 633 -1,
631 547 548 -1,
631 548 632 -1,
658 657 573 -1,
658 573 574 -1,
630 546 547 -1,
630 547 631 -1,
659 658 574 -1,
659 574 575 -1,
659 575 576 -1,
629 545 546 -1,
629 546 630 -1,
660 659 576 -1,
628 545 629 -1,
628 544 545 -1,
661 660 576 -1,
661 576 577 -1,
627 543 544 -1,
627 544 628 -1,
662 661 577 -1,
662 577 578 -1,
626 543 627 -1,
626 542 543 -1,
663 662 578 -1,
663 578 579 -1,
625 541 542 -1,
625 542 626 -1,
664 663 579 -1,
664 579 580 -1,
624 541 625 -1,
624 540 541 -1,
665 664 580 -1,
665 580 581 -1,
539 624 623 -1,
539 540 624 -1,
582 665 581 -1,
582 666 665 -1,
538 623 622 -1,
538 539 623 -1,
583 666 582 -1,
583 667 666 -1,
537 622 621 -1,
537 538 622 -1,
584 668 667 -1,
584 667 583 -1,
536 621 620 -1,
536 537 621 -1,
585 668 584 -1,
585 669 668 -1,
585 670 669 -1,
535 620 619 -1,
535 536 620 -1,
586 671 670 -1,
586 670 585 -1,
534 619 618 -1,
534 535 619 -1,
587 671 586 -1,
533 618 617 -1,
533 534 618 -1,
588 671 587 -1,
588 672 671 -1,
588 673 672 -1,
532 617 616 -1,
532 533 617 -1,
589 673 588 -1,
531 616 615 -1,
531 532 616 -1,
590 673 589 -1,
590 674 673 -1,
530 615 614 -1,
530 531 615 -1,
591 674 590 -1,
591 675 674 -1,
529 614 613 -1,
529 530 614 -1,
508 675 591 -1,
508 592 675 -1,
508 593 592 -1,
528 613 612 -1,
528 529 613 -1,
509 593 508 -1,
510 593 509 -1,
510 594 593 -1,
527 612 611 -1,
527 528 612 -1,
526 611 610 -1,
526 527 611 -1,
511 594 510 -1,
511 595 594 -1,
512 595 511 -1,
512 596 595 -1,
512 597 596 -1,
525 610 609 -1,
525 526 610 -1,
513 597 512 -1,
513 598 597 -1,
524 609 608 -1,
524 525 609 -1,
514 598 513 -1,
523 524 608 -1,
523 608 607 -1,
522 523 607 -1,
522 606 605 -1,
522 607 606 -1,
515 598 514 -1,
515 599 598 -1,
515 600 599 -1,
521 522 605 -1,
516 600 515 -1,
520 521 605 -1,
520 604 603 -1,
520 605 604 -1,
517 600 516 -1,
517 601 600 -1,
517 602 601 -1,
518 602 517 -1,
519 602 518 -1,
519 520 603 -1,
519 603 602 -1 ] solid TRUE creaseAngle 0.5 } }
# header_pad_4
Shape { appearance Appearance { material Material { diffuseColor 0.78 0.58 0.16 } } geometry IndexedFaceSet { coord Coordinate { point [ 6.147146 1.062500 4.976378,
6.147146 1.062500 4.992126,
6.146210 1.087508 4.992126,
6.143408 1.112376 4.992126,
6.138755 1.136966 4.992126,
6.132278 1.161139 4.992126,
6.124013 1.184760 4.992126,
6.114005 1.207697 4.992126,
6.102312 1.229823 4.992126,
6.088997 1.251013 4.992126,
6.074137 1.271148 4.992126,
6.057813 1.290117 4.992126,
6.040117 1.307813 4.992126,
6.021148 1.324137 4.992126,
6.001013 1.338997 4.992126,
5.979823 1.352312 4.992126,
5.957697 1.364005 4.992126,
5.934760 1.374013 4.992126,
5.911139 1.382278 4.992126,
5.886966 1.388755 4.992126,
5.862376 1.393408 4.992126,
5.837508 1.396210 4.992126,
5.812500 1.397146 4.992126,
5.787492 1.396210 4.992126,
5.762624 1.393408 4.992126,
5.738034 1.388755 4.992126,
5.713861 1.382278 4.992126,
5.690240 1.374013 4.992126,
5.667303 1.364005 4.992126,
5.645177 1.352312 4.992126,
5.623987 1.338997 4.992126,
5.603852 1.324137 4.992126,
5.584883 1.307813 4.992126,
5.567187 1.290117 4.992126,
5.550863 1.271148 4.992126,
5.536003 1.251013 4.992126,
5.522688 1.229823 4.992126,
5.510995 1.207697 4.992126,
5.500987 1.184760 4.992126,
5.492722 1.161139 4.992126,
5.486245 1.136966 4.992126,
5.481592 1.112376 4.992126,
5.478790 1.087508 4.992126,
5.477854 1.062500 4.992126,
5.478790 1.037492 4.992126,
5.481592 1.012624 4.992126,
5.486245 0.988034 4.992126,
5.492722 0.963861 4.992126,
5.500987 0.940240 4.992126,
5.510995 0.917303 4.992126,
5.522688 0.895177 4.992126,
5.536003 0.873987 4.992126,
5.550863 0.853852 4.992126,
5.567187 0.834883 4.992126,
5.584883 0.817187 4.992126,
5.603852 0.800863 4.992126,
5.623987 0.786003 4.992126,
5.645177 0.772688 4.992126,
5.667303 0.760995 4.992126,
5.690240 0.750987 4.992126,
5.713861 0.742722 4.992126,
5.738034 0.736245 4.992126,
5.762624 0.731592 4.992126,
5.787492 0.728790 4.992126,
5.812500 0.727854 4.992126,
5.837508 0.728790 4.992126,
5.862376 0.731592 4.992126,
5.886966 0.736245 4.992126,
5.911139 0.742722 4.992126,
5.934760 0.750987 4.992126,
5.957697 0.760995 4.992126,
5.979823 0.772688 4.992126,
6.001013 0.786003 4.992126,
6.021148 0.800863 4.992126,
6.040117 0.817187 4.992126,
6.057813 0.834883 4.992126,
6.074137 0.853852 4.992126,
6.088997 0.873987 4.992126,
6.102312 0.895177 4.992126,
6.114005 0.917303 4.992126,
6.124013 0.940240 4.992126,
6.132278 0.963861 4.992126,
6.138755 0.988034 4.992126,
6.143408 1.012624 4.992126,
6.146210 1.037492 4.992126,
6.147146 1.062500 4.992126,
6.147146 1.062500 4.976378,
6.146210 1.087508 4.976378,
6.143408 1.112376 4.976378,
6.138755 1.136966 4.976378,
6.132278 1.161139 4.976378,
6.124013 1.184760 4.976378,
6.114005 1.207697 4.976378,
6.102312 1.229823 4.976378,
6.088997 1.251013 4.976378,
6.074137 1.271148 4.976378,
6.057813 1.290117 4.976378,
6.040117 1.307813 4.976378,
6.021148 1.324137 4.976378,
6.001013 1.338997 4.976378,
5.979823 1.352312 4.976378,
5.957697 1.364005 4.976378,
5.934760 1.374013 4.976378,
5.911139 1.382278 4.976378,
5.886966 1.388755 4.976378,
5.862376 1.393408 4.976378,
5.837508 1.396210 4.976378,
5.812500 1.397146 4.976378,
5.787492 1.396210 4.976378,
5.762624 1.393408 4.976378,
5.738034 1.388755 4.976378,
5.713861 1.382278 4.976378,
5.690240 1.374013 4.976378,
5.667303 1.364005 4.976378,
5.645177 1.352312 4.976378,
5.623987 1.338997 4.976378,
5.603852 1.324137 4.976378,
5.584883 1.307813 4.976378,
5.567187 1.290117 4.976378,
5.550863 1.271148 4.976378,
5.536003 1.251013 4.976378,
5.522688 1.229823 4.976378,
5.510995 1.207697 4.976378,
5.500987 1.184760 4.976378,
5.492722 1.161139 4.976378,
5.486245 1.136966 4.976378,
5.481592 1.112376 4.976378,
5.478790 1.087508 4.976378,
5.477854 1.062500 4.976378,
5.478790 1.037492 4.976378,
5.481592 1.012624 4.976378,
5.486245 0.988034 4.976378,
5.492722 0.963861 4.976378,
5.500987 0.940240 4.976378,
5.510995 0.917303 4.976378,
5.522688 0.895177 4.976378,
5.536003 0.873987 4.976378,
5.550863 0.853852 4.976378,
5.567187 0.834883 4.976378,
5.584883 0.817187 4.976378,
5.603852 0.800863 4.976378,
5.623987 0.786003 4.976378,
5.645177 0.772688 4.976378,
5.667303 0.760995 4.976378,
5.690240 0.750987 4.976378,
5.713861 0.742722 4.976378,
5.738034 0.736245 4.976378,
5.762624 0.731592 4.976378,
5.787492 0.728790 4.976378,
5.812500 0.727854 4.976378,
5.837508 0.728790 4.976378,
5.862376 0.731592 4.976378,
5.886966 0.736245 4.976378,
5.911139 0.742722 4.976378,
5.934760 0.750987 4.976378,
5.957697 0.760995 4.976378,
5.979823 0.772688 4.976378,
6.001013 0.786003 4.976378,
6.021148 0.800863 4.976378,
6.040117 0.817187 4.976378,
6.057813 0.834883 4.976378,
6.074137 0.853852 4.976378,
6.088997 0.873987 4.976378,
6.102312 0.895177 4.976378,
6.114005 0.917303 4.976378,
6.124013 0.940240 4.976378,
6.132278 0.963861 4.976378,
6.138755 0.988034 4.976378,
6.143408 1.012624 4.976378,
6.146210 1.037492 4.976378,
5.954232 1.062500 4.976378,
5.954232 1.062500 4.992126,
5.953836 1.073092 4.992126,
5.952649 1.083624 4.992126,
5.950679 1.094038 4.992126,
5.947936 1.104276 4.992126,
5.944435 1.114281 4.992126,
5.940196 1.123995 4.992126,
5.935244 1.133366 4.992126,
5.929605 1.142341 4.992126,
5.923311 1.150869 4.992126,
5.916397 1.158902 4.992126,
5.908902 1.166397 4.992126,
5.900869 1.173311 4.992126,
5.892341 1.179605 4.992126,
5.883366 1.185244 4.992126,
5.873995 1.190196 4.992126,
5.864281 1.194435 4.992126,
5.854276 1.197936 4.992126,
5.844038 1.200679 4.992126,
5.833624 1.202649 4.992126,
5.823092 1.203836 4.992126,
5.812500 1.204232 4.992126,
5.801908 1.203836 4.992126,
5.791376 1.202649 4.992126,
5.780962 1.200679 4.992126,
5.770724 1.197936 4.992126,
5.760719 1.194435 4.992126,
5.751005 1.190196 4.992126,
5.741634 1.185244 4.992126,
5.732659 1.179605 4.992126,
5.724131 1.173311 4.992126,
5.716098 1.166397 4.992126,
5.708603 1.158902 4.992126,
5.701689 1.150869 4.992126,
5.695395 1.142341 4.992126,
5.689756 1.133366 4.992126,
5.684804 1.123995 4.992126,
5.680565 1.114281 4.992126,
5.677064 1.104276 4.992126,
5.674321 1.094038 4.992126,
5.672351 1.083624 4.992126,
5.671164 1.073092 4.992126,
5.670768 1.062500 4.992126,
5.671164 1.051908 4.992126,
5.672351 1.041376 4.992126,
5.674321 1.030962 4.992126,
5.677064 1.020724 4.992126,
5.680565 1.010719 4.992126,
5.684804 1.001005 4.992126,
5.689756 0.991634 4.992126,
5.695395 0.982659 4.992126,
5.701689 0.974131 4.992126,
5.708603 0.966098 4.992126,
5.716098 0.958603 4.992126,
5.724131 0.951689 4.992126,
5.732659 0.945395 4.992126,
5.741634 0.939756 4.992126,
5.751005 0.934804 4.992126,
5.760719 0.930565 4.992126,
5.770724 0.927064 4.992126,
5.780962 0.924321 4.992126,
5.791376 0.922351 4.992126,
5.801908 0.921164 4.992126,
5.812500 0.920768 4.992126,
5.823092 0.921164 4.992126,
5.833624 0.922351 4.992126,
5.844038 0.924321 4.992126,
5.854276 0.927064 4.992126,
5.864281 0.930565 4.992126,
5.873995 0.934804 4.992126,
5.883366 0.939756 4.992126,
5.892341 0.945395 4.992126,
5.900869 0.951689 4.992126,
5.908902 0.958603 4.992126,
5.916397 0.966098 4.992126,
5.923311 0.974131 4.992126,
5.929605 0.982659 4.992126,
5.935244 0.991634 4.992126,
5.940196 1.001005 4.992126,
5.944435 1.010719 4.992126,
5.947936 1.020724 4.992126,
5.950679 1.030962 4.992126,
5.952649 1.041376 4.992126,
5.953836 1.051908 4.992126,
5.954232 1.062500 4.992126,
5.954232 1.062500 4.976378,
5.953836 1.073092 4.976378,
5.952649 1.083624 4.976378,
5.950679 1.094038 4.976378,
5.947936 1.104276 4.976378,
5.944435 1.114281 4.976378,
5.940196 1.123995 4.976378,
5.935244 1.133366 4.976378,
5.929605 1.142341 4.976378,
5.923311 1.150869 4.976378,
5.916397 1.158902 4.976378,
5.908902 1.166397 4.976378,
5.900869 1.173311 4.976378,
5.892341 1.179605 4.976378,
5.883366 1.185244 4.976378,
5.873995 1.190196 4.976378,
5.864281 1.194435 4.976378,
5.854276 1.197936 4.976378,
5.844038 1.200679 4.976378,
5.833624 1.202649 4.976378,
5.823092 1.203836 4.976378,
5.812500 1.204232 4.976378,
5.801908 1.203836 4.976378,
5.791376 1.202649 4.976378,
5.780962 1.200679 4.976378,
5.770724 1.197936 4.976378,
5.760719 1.194435 4.976378,
5.751005 1.190196 4.976378,
5.741634 1.185244 4.976378,
5.732659 1.179605 4.976378,
5.724131 1.173311 4.976378,
5.716098 1.166397 4.976378,
5.708603 1.158902 4.976378,
5.701689 1.150869 4.976378,
5.695395 1.142341 4.976378,
5.689756 1.133366 4.976378,
5.684804 1.123995 4.976378,
5.680565 1.114281 4.976378,
5.677064 1.104276 4.976378,
5.674321 1.094038 4.976378,
5.672351 1.083624 4.976378,
5.671164 1.073092 4.976378,
5.670768 1.062500 4.976378,
5.671164 1.051908 4.976378,
5.672351 1.041376 4.976378,
5.674321 1.030962 4.976378,
5.677064 1.020724 4.976378,
5.680565 1.010719 4.976378,
5.684804 1.001005 4.976378,
5.689756 0.991634 4.976378,
5.695395 0.982659 4.976378,
5.701689 0.974131 4.976378,
5.708603 0.966098 4.976378,
5.716098 0.958603 4.976378,
5.724131 0.951689 4.976378,
5.732659 0.945395 4.976378,
5.741634 0.939756 4.976378,
5.751005 0.934804 4.976378,
5.760719 0.930565 4.976378,
5.770724 0.927064 4.976378,
5.780962 0.924321 4.976378,
5.791376 0.922351 4.976378,
5.801908 0.921164 4.976378,
5.812500 0.920768 4.976378,
5.823092 0.921164 4.976378,
5.833624 0.922351 4.976378,
5.844038 0.924321 4.976378,
5.854276 0.927064 4.976378,
5.864281 0.930565 4.976378,
5.873995 0.934804 4.976378,
5.883366 0.939756 4.976378,
5.892341 0.945395 4.976378,
5.900869 0.951689 4.976378,
5.908902 0.958603 4.976378,
5.916397 0.966098 4.976378,
5.923311 0.974131 4.976378,
5.929605 0.982659 4.976378,
5.935244 0.991634 4.976378,
5.940196 1.001005 4.976378,
5.944435 1.010719 4.976378,
5.947936 1.020724 4.976378,
5.950679 1.030962 4.976378,
5.952649 1.041376 4.976378,
5.953836 1.051908 4.976378,
6.147146 1.062500 4.976378,
6.146210 1.087508 4.976378,
6.143408 1.112376 4.976378,
6.138755 1.136966 4.976378,
6.132278 1.161139 4.976378,
6.124013 1.184760 4.976378,
6.114005 1.207697 4.976378,
6.102312 1.229823 4.976378,
6.088997 1.251013 4.976378,
6.074137 1.271148 4.976378,
6.057813 1.290117 4.976378,
6.040117 1.307813 4.976378,
6.021148 1.324137 4.976378,
6.001013 1.338997 4.976378,
5.979823 1.352312 4.976378,
5.957697 1.364005 4.976378,
5.934760 1.374013 4.976378,
5.911139 1.382278 4.976378,
5.886966 1.388755 4.976378,
5.862376 1.393408 4.976378,
5.837508 1.396210 4.976378,
5.812500 1.397146 4.976378,
5.787492 1.396210 4.976378,
5.762624 1.393408 4.976378,
5.738034 1.388755 4.976378,
5.713861 1.382278 4.976378,
5.690240 1.374013 4.976378,
5.667303 1.364005 4.976378,
5.645177 1.352312 4.976378,
5.623987 1.338997 4.976378,
5.603852 1.324137 4.976378,
5.584883 1.307813 4.976378,
5.567187 1.290117 4.976378,
5.550863 1.271148 4.976378,
5.536003 1.251013 4.976378,
5.522688 1.229823 4.976378,
5.510995 1.207697 4.976378,
5.500987 1.184760 4.976378,
5.492722 1.161139 4.976378,
5.486245 1.136966 4.976378,
5.481592 1.112376 4.976378,
5.478790 1.087508 4.976378,
5.477854 1.062500 4.976378,
5.478790 1.037492 4.976378,
5.481592 1.012624 4.976378,
5.486245 0.988034 4.976378,
5.492722 0.963861 4.976378,
5.500987 0.940240 4.976378,
5.510995 0.917303 4.976378,
5.522688 0.895177 4.976378,
5.536003 0.873987 4.976378,
5.550863 0.853852 4.976378,
5.567187 0.834883 4.976378,
5.584883 0.817187 4.976378,
5.603852 0.800863 4.976378,
5.623987 0.786003 4.976378,
5.645177 0.772688 4.976378,
5.667303 0.760995 4.976378,
5.690240 0.750987 4.976378,
5.713861 0.742722 4.976378,
5.738034 0.736245 4.976378,
5.762624 0.731592 4.976378,
5.787492 0.728790 4.976378,
5.812500 0.727854 4.976378,
5.837508 0.728790 4.976378,
5.862376 0.731592 4.976378,
5.886966 0.736245 4.976378,
5.911139 0.742722 4.976378,
5.934760 0.750987 4.976378,
5.957697 0.760995 4.976378,
5.979823 0.772688 4.976378,
6.001013 0.786003 4.976378,
6.021148 0.800863 4.976378,
6.040117 0.817187 4.976378,
6.057813 0.834883 4.976378,
6.074137 0.853852 4.976378,
6.088997 0.873987 4.976378,
6.102312 0.895177 4.976378,
6.114005 0.917303 4.976378,
6.124013 0.940240 4.976378,
6.132278 0.963861 4.976378,
6.138755 0.988034 4.976378,
6.143408 1.012624 4.976378,
6.146210 1.037492 4.976378,
5.954232 1.062500 4.976378,
5.953836 1.073092 4.976378,
5.952649 1.083624 4.976378,
5.950679 1.094038 4.976378,
5.947936 1.104276 4.976378,
5.944435 1.114281 4.976378,
5.940196 1.123995 4.976378,
5.935244 1.133366 4.976378,
5.929605 1.142341 4.976378,
5.923311 1.150869 4.976378,
5.916397 1.158902 4.976378,
5.908902 1.166397 4.976378,
5.900869 1.173311 4.976378,
5.892341 1.179605 4.976378,
5.883366 1.185244 4.976378,
5.873995 1.190196 4.976378,
5.864281 1.194435 4.976378,
5.854276 1.197936 4.976378,
5.844038 1.200679 4.976378,
5.833624 1.202649 4.976378,
5.823092 1.203836 4.976378,
5.812500 1.204232 4.976378,
5.801908 1.203836 4.976378,
5.791376 1.202649 4.976378,
5.780962 1.200679 4.976378,
5.770724 1.197936 4.976378,
5.760719 1.194435 4.976378,
5.751005 1.190196 4.976378,
5.741634 1.185244 4.976378,
5.732659 1.179605 4.976378,
5.724131 1.173311 4.976378,
5.716098 1.166397 4.976378,
5.708603 1.158902 4.976378,
5.701689 1.150869 4.976378,
5.695395 1.142341 4.976378,
5.689756 1.133366 4.976378,
5.684804 1.123995 4.976378,
5.680565 1.114281 4.976378,
5.677064 1.104276 4.976378,
5.674321 1.094038 4.976378,
5.672351 1.083624 4.976378,
5.671164 1.073092 4.976378,
5.670768 1.062500 4.976378,
5.671164 1.051908 4.976378,
5.672351 1.041376 4.976378,
5.674321 1.030962 4.976378,
5.677064 1.020724 4.976378,
5.680565 1.010719 4.976378,
5.684804 1.001005 4.976378,
5.689756 0.991634 4.976378,
5.695395 0.982659 4.976378,
5.701689 0.974131 4.976378,
5.708603 0.966098 4.976378,
5.716098 0.958603 4.976378,
5.724131 0.951689 4.976378,
5.732659 0.945395 4.976378,
5.741634 0.939756 4.976378,
5.751005 0.934804 4.976378,
5.760719 0.930565 4.976378,
5.770724 0.927064 4.976378,
5.780962 0.924321 4.976378,
5.791376 0.922351 4.976378,
5.801908 0.921164 4.976378,
5.812500 0.920768 4.976378,
5.823092 0.921164 4.976378,
5.833624 0.922351 4.976378,
5.844038 0.924321 4.976378,
5.854276 0.927064 4.976378,
5.864281 0.930565 4.976378,
5.873995 0.934804 4.976378,
5.883366 0.939756 4.976378,
5.892341 0.945395 4.976378,
5.900869 0.951689 4.976378,
5.908902 0.958603 4.976378,
5.916397 0.966098 4.976378,
5.923311 0.974131 4.976378,
5.929605 0.982659 4.976378,
5.935244 0.991634 4.976378,
5.940196 1.001005 4.976378,
5.944435 1.010719 4.976378,
5.947936 1.020724 4.976378,
5.950679 1.030962 4.976378,
5.952649 1.041376 4.976378,
5.953836 1.051908 4.976378,
6.147146 1.062500 4.992126,
6.146210 1.087508 4.992126,
6.143408 1.112376 4.992126,
6.138755 1.136966 4.992126,
6.132278 1.161139 4.992126,
6.124013 1.184760 4.992126,
6.114005 1.207697 4.992126,
6.102312 1.229823 4.992126,
6.088997 1.251013 4.992126,
6.074137 1.271148 4.992126,
6.057813 1.290117 4.992126,
6.040117 1.307813 4.992126,
6.021148 1.324137 4.992126,
6.001013 1.338997 4.992126,
5.979823 1.352312 4.992126,
5.957697 1.364005 4.992126,
5.934760 1.374013 4.992126,
5.911139 1.382278 4.992126,
5.886966 1.388755 4.992126,
5.862376 1.393408 4.992126,
5.837508 1.396210 4.992126,
5.812500 1.397146 4.992126,
5.787492 1.396210 4.992126,
5.762624 1.393408 4.992126,
5.738034 1.388755 4.992126,
5.713861 1.382278 4.992126,
5.690240 1.374013 4.992126,
5.667303 1.364005 4.992126,
5.645177 1.352312 4.992126,
5.623987 1.338997 4.992126,
5.603852 1.324137 4.992126,
5.584883 1.307813 4.992126,
5.567187 1.290117 4.992126,
5.550863 1.271148 4.992126,
5.536003 1.251013 4.992126,
5.522688 1.229823 4.992126,
5.510995 1.207697 4.992126,
5.500987 1.184760 4.992126,
5.492722 1.161139 4.992126,
5.486245 1.136966 4.992126,
5.481592 1.112376 4.992126,
5.478790 1.087508 4.992126,
5.477854 1.062500 4.992126,
5.478790 1.037492 4.992126,
5.481592 1.012624 4.992126,
5.486245 0.988034 4.992126,
5.492722 0.963861 4.992126,
5.500987 0.940240 4.992126,
5.510995 0.917303 4.992126,
5.522688 0.895177 4.992126,
5.536003 0.873987 4.992126,
5.550863 0.853852 4.992126,
5.567187 0.834883 4.992126,
5.584883 0.817187 4.992126,
5.603852 0.800863 4.992126,
5.623987 0.786003 4.992126,
5.645177 0.772688 4.992126,
5.667303 0.760995 4.992126,
5.690240 0.750987 4.992126,
5.713861 0.742722 4.992126,
5.738034 0.736245 4.992126,
5.762624 0.731592 4.992126,
5.787492 0.728790 4.992126,
5.812500 0.727854 4.992126,
5.837508 0.728790 4.992126,
5.862376 0.731592 4.992126,
5.886966 0.736245 4.992126,
5.911139 0.742722 4.992126,
5.934760 0.750987 4.992126,
5.957697 0.760995 4.992126,
5.979823 0.772688 4.992126,
6.001013 0.786003 4.992126,
6.021148 0.800863 4.992126,
6.040117 0.817187 4.992126,
6.057813 0.834883 4.992126,
6.074137 0.853852 4.992126,
6.088997 0.873987 4.992126,
6.102312 0.895177 4.992126,
6.114005 0.917303 4.992126,
6.124013 0.940240 4.992126,
6.132278 0.963861 4.992126,
6.138755 0.988034 4.992126,
6.143408 1.012624 4.992126,
6.146210 1.037492 4.992126,
5.954232 1.062500 4.992126,
5.953836 1.073092 4.992126,
5.952649 1.083624 4.992126,
5.950679 1.094038 4.992126,
5.947936 1.104276 4.992126,
5.944435 1.114281 4.992126,
5.940196 1.123995 4.992126,
5.935244 1.133366 4.992126,
5.929605 1.142341 4.992126,
5.923311 1.150869 4.992126,
5.916397 1.158902 4.992126,
5.908902 1.166397 4.992126,
5.900869 1.173311 4.992126,
5.892341 1.179605 4.992126,
5.883366 1.185244 4.992126,
5.873995 1.190196 4.992126,
5.864281 1.194435 4.992126,
5.854276 1.197936 4.992126,
5.844038 1.200679 4.992126,
5.833624 1.202649 4.992126,
5.823092 1.203836 4.992126,
5.812500 1.204232 4.992126,
5.801908 1.203836 4.992126,
5.791376 1.202649 4.992126,
5.780962 1.200679 4.992126,
5.770724 1.197936 4.992126,
5.760719 1.194435 4.992126,
5.751005 1.190196 4.992126,
5.741634 1.185244 4.992126,
5.732659 1.179605 4.992126,
5.724131 1.173311 4.992126,
5.716098 1.166397 4.992126,
5.708603 1.158902 4.992126,
5.701689 1.150869 4.992126,
5.695395 1.142341 4.992126,
5.689756 1.133366 4.992126,
5.684804 1.123995 4.992126,
5.680565 1.114281 4.992126,
5.677064 1.104276 4.992126,
5.674321 1.094038 4.992126,
5.672351 1.083624 4.992126,
5.671164 1.073092 4.992126,
5.670768 1.062500 4.992126,
5.671164 1.051908 4.992126,
5.672351 1.041376 4.992126,
5.674321 1.030962 4.992126,
5.677064 1.020724 4.992126,
5.680565 1.010719 4.992126,
5.684804 1.001005 4.992126,
5.689756 0.991634 4.992126,
5.695395 0.982659 4.992126,
5.701689 0.974131 4.992126,
5.708603 0.966098 4.992126,
5.716098 0.958603 4.992126,
5.724131 0.951689 4.992126,
5.732659 0.945395 4.992126,
5.741634 0.939756 4.992126,
5.751005 0.934804 4.992126,
5.760719 0.930565 4.992126,
5.770724 0.927064 4.992126,
5.780962 0.924321 4.992126,
5.791376 0.922351 4.992126,
5.801908 0.921164 4.992126,
5.812500 0.920768 4.992126,
5.823092 0.921164 4.992126,
5.833624 0.922351 4.992126,
5.844038 0.924321 4.992126,
5.854276 0.927064 4.992126,
5.864281 0.930565 4.992126,
5.873995 0.934804 4.992126,
5.883366 0.939756 4.992126,
5.892341 0.945395 4.992126,
5.900869 0.951689 4.992126,
5.908902 0.958603 4.992126,
5.916397 0.966098 4.992126,
5.923311 0.974131 4.992126,
5.929605 0.982659 4.992126,
5.935244 0.991634 4.992126,
5.940196 1.001005 4.992126,
5.944435 1.010719 4.992126,
5.947936 1.020724 4.992126,
5.950679 1.030962 4.992126,
5.952649 1.041376 4.992126,
5.953836 1.051908 4.992126 ] } coordIndex [ 87 1 0 -1,
87 2 1 -1,
88 3 2 -1,
88 2 87 -1,
89 4 3 -1,
89 3 88 -1,
90 5 4 -1,
90 4 89 -1,
91 6 5 -1,
91 5 90 -1,
92 7 6 -1,
92 6 91 -1,
93 8 7 -1,
93 7 92 -1,
94 8 93 -1,
94 9 8 -1,
95 10 9 -1,
95 9 94 -1,
96 11 10 -1,
96 10 95 -1,
97 12 11 -1,
97 11 96 -1,
98 13 12 -1,
98 12 97 -1,
99 14 13 -1,
99 13 98 -1,
100 15 14 -1,
100 14 99 -1,
101 16 15 -1,
101 15 100 -1,
102 17 16 -1,
102 16 101 -1,
103 18 17 -1,
103 17 102 -1,
104 19 18 -1,
104 18 103 -1,
105 20 19 -1,
105 19 104 -1,
106 21 20 -1,
106 22 21 -1,
106 20 105 -1,
107 22 106 -1,
108 23 22 -1,
108 22 107 -1,
109 24 23 -1,
109 23 108 -1,
110 25 24 -1,
110 24 109 -1,
111 26 25 -1,
111 25 110 -1,
112 27 26 -1,
112 26 111 -1,
113 28 27 -1,
113 27 112 -1,
114 29 28 -1,
114 28 113 -1,
115 30 29 -1,
115 29 114 -1,
116 31 30 -1,
116 30 115 -1,
117 32 31 -1,
117 33 32 -1,
117 31 116 -1,
118 33 117 -1,
119 33 118 -1,
119 34 33 -1,
120 34 119 -1,
120 35 34 -1,
121 35 120 -1,
121 36 35 -1,
122 36 121 -1,
122 37 36 -1,
123 37 122 -1,
123 38 37 -1,
123 39 38 -1,
124 39 123 -1,
125 39 124 -1,
125 40 39 -1,
126 40 125 -1,
126 41 40 -1,
127 41 126 -1,
127 42 41 -1,
128 42 127 -1,
128 43 42 -1,
128 44 43 -1,
129 45 44 -1,
129 44 128 -1,
130 45 129 -1,
131 46 45 -1,
131 45 130 -1,
132 47 46 -1,
132 48 47 -1,
132 46 131 -1,
133 49 48 -1,
133 48 132 -1,
134 49 133 -1,
135 50 49 -1,
135 49 134 -1,
136 51 50 -1,
136 50 135 -1,
137 52 51 -1,
137 51 136 -1,
138 53 52 -1,
138 52 137 -1,
139 54 53 -1,
139 55 54 -1,
139 53 138 -1,
140 55 139 -1,
141 56 55 -1,
141 55 140 -1,
142 57 56 -1,
142 58 57 -1,
142 56 141 -1,
143 58 142 -1,
144 58 143 -1,
144 59 58 -1,
145 59 144 -1,
145 60 59 -1,
146 60 145 -1,
146 61 60 -1,
147 61 146 -1,
147 62 61 -1,
148 62 147 -1,
148 63 62 -1,
148 64 63 -1,
149 64 148 -1,
150 64 149 -1,
150 65 64 -1,
151 65 150 -1,
151 66 65 -1,
151 67 66 -1,
152 67 151 -1,
153 67 152 -1,
153 68 67 -1,
154 68 153 -1,
154 69 68 -1,
155 69 154 -1,
155 70 69 -1,
156 70 155 -1,
156 71 70 -1,
156 72 71 -1,
157 72 156 -1,
158 72 157 -1,
158 73 72 -1,
159 73 158 -1,
159 74 73 -1,
160 74 159 -1,
160 75 74 -1,
161 75 160 -1,
161 76 75 -1,
162 76 161 -1,
162 77 76 -1,
162 78 77 -1,
163 78 162 -1,
164 79 78 -1,
164 78 163 -1,
165 80 79 -1,
165 81 80 -1,
165 79 164 -1,
166 81 165 -1,
167 82 81 -1,
167 83 82 -1,
167 81 166 -1,
168 83 167 -1,
169 84 83 -1,
169 83 168 -1,
86 84 169 -1,
86 85 84 -1,
257 170 171 -1,
257 171 172 -1,
258 172 173 -1,
258 257 172 -1,
259 173 174 -1,
259 258 173 -1,
260 174 175 -1,
260 259 174 -1,
261 175 176 -1,
261 260 175 -1,
262 176 177 -1,
262 261 176 -1,
263 177 178 -1,
263 262 177 -1,
264 263 178 -1,
264 178 179 -1,
265 179 180 -1,
265 264 179 -1,
266 180 181 -1,
266 265 180 -1,
267 181 182 -1,
267 266 181 -1,
268 182 183 -1,
268 267 182 -1,
269 183 184 -1,
269 268 183 -1,
270 184 185 -1,
270 269 184 -1,
271 185 186 -1,
271 270 185 -1,
272 186 187 -1,
272 271 186 -1,
273 187 188 -1,
273 272 187 -1,
274 188 189 -1,
274 273 188 -1,
275 189 190 -1,
275 274 189 -1,
276 190 191 -1,
276 191 192 -1,
276 275 190 -1,
277 276 192 -1,
278 192 193 -1,
278 277 192 -1,
279 193 194 -1,
279 278 193 -1,
280 194 195 -1,
280 279 194 -1,
281 195 196 -1,
281 280 195 -1,
282 196 197 -1,
282 281 196 -1,
283 197 198 -1,
283 282 197 -1,
284 198 199 -1,
284 283 198 -1,
285 199 200 -1,
285 284 199 -1,
286 200 201 -1,
286 285 200 -1,
287 201 202 -1,
287 202 203 -1,
287 286 201 -1,
288 287 203 -1,
289 288 203 -1,
289 203 204 -1,
290 289 204 -1,
290 204 205 -1,
291 290 205 -1,
291 205 206 -1,
292 291 206 -1,
292 206 207 -1,
293 292 207 -1,
293 207 208 -1,
293 208 209 -1,
294 293 209 -1,
295 294 209 -1,
295 209 210 -1,
296 295 210 -1,
296 210 211 -1,
297 296 211 -1,
297 211 212 -1,
298 297 212 -1,
298 212 213 -1,
298 213 214 -1,
299 214 215 -1,
299 298 214 -1,
300 299 215 -1,
301 215 216 -1,
301 300 215 -1,
302 216 217 -1,
302 217 218 -1,
302 301 216 -1,
303 218 219 -1,
303 302 218 -1,
304 303 219 -1,
305 219 220 -1,
305 304 219 -1,
306 220 221 -1,
306 305 220 -1,
307 221 222 -1,
307 306 221 -1,
308 222 223 -1,
308 307 222 -1,
309 223 224 -1,
309 224 225 -1,
309 308 223 -1,
310 309 225 -1,
311 225 226 -1,
311 310 225 -1,
312 226 227 -1,
312 227 228 -1,
312 311 226 -1,
313 312 228 -1,
314 313 228 -1,
314 228 229 -1,
315 314 229 -1,
315 229 230 -1,
316 315 230 -1,
316 230 231 -1,
317 316 231 -1,
317 231 232 -1,
318 317 232 -1,
318 232 233 -1,
318 233 234 -1,
319 318 234 -1,
320 319 234 -1,
320 234 235 -1,
321 320 235 -1,
321 235 236 -1,
321 236 237 -1,
322 321 237 -1,
323 322 237 -1,
323 237 238 -1,
324 323 238 -1,
324 238 239 -1,
325 324 239 -1,
325 239 240 -1,
326 325 240 -1,
326 240 241 -1,
326 241 242 -1,
327 326 242 -1,
328 327 242 -1,
328 242 243 -1,
329 328 243 -1,
329 243 244 -1,
330 329 244 -1,
330 244 245 -1,
331 330 245 -1,
331 245 246 -1,
332 331 246 -1,
332 246 247 -1,
332 247 248 -1,
333 332 248 -1,
334 248 249 -1,
334 333 248 -1,
335 249 250 -1,
335 250 251 -1,
335 334 249 -1,
336 335 251 -1,
337 251 252 -1,
337 252 253 -1,
337 336 251 -1,
338 337 253 -1,
339 253 254 -1,
339 338 253 -1,
256 339 254 -1,
256 254 255 -1,
476 477 393 -1,
476 393 392 -1,
478 393 477 -1,
478 394 393 -1,
475 476 392 -1,
475 392 391 -1,
479 394 478 -1,
479 395 394 -1,
479 396 395 -1,
474 475 391 -1,
474 391 390 -1,
480 396 479 -1,
473 474 390 -1,
473 390 389 -1,
481 396 480 -1,
481 397 396 -1,
472 473 389 -1,
472 389 388 -1,
482 397 481 -1,
482 398 397 -1,
471 388 387 -1,
471 472 388 -1,
483 398 482 -1,
483 399 398 -1,
470 387 386 -1,
470 471 387 -1,
484 399 483 -1,
484 400 399 -1,
469 386 385 -1,
469 470 386 -1,
485 401 400 -1,
485 400 484 -1,
468 385 384 -1,
468 469 385 -1,
486 401 485 -1,
486 402 401 -1,
467 468 384 -1,
467 384 383 -1,
487 402 486 -1,
487 403 402 -1,
466 467 383 -1,
466 383 382 -1,
488 404 403 -1,
488 403 487 -1,
465 466 382 -1,
465 382 381 -1,
489 404 488 -1,
489 405 404 -1,
464 381 380 -1,
464 465 381 -1,
463 380 379 -1,
463 464 380 -1,
490 405 489 -1,
490 406 405 -1,
462 379 378 -1,
462 463 379 -1,
491 406 490 -1,
491 407 406 -1,
491 408 407 -1,
461 378 377 -1,
461 462 378 -1,
492 408 491 -1,
460 461 377 -1,
460 377 376 -1,
493 408 492 -1,
493 409 408 -1,
459 376 375 -1,
459 460 376 -1,
494 409 493 -1,
494 410 409 -1,
458 459 375 -1,
458 375 374 -1,
495 410 494 -1,
495 411 410 -1,
457 374 373 -1,
457 458 374 -1,
496 411 495 -1,
496 412 411 -1,
456 457 373 -1,
456 373 372 -1,
497 412 496 -1,
497 413 412 -1,
371 455 456 -1,
371 456 372 -1,
414 413 497 -1,
414 497 498 -1,
370 454 455 -1,
370 455 371 -1,
415 414 498 -1,
415 498 499 -1,
369 453 454 -1,
369 454 370 -1,
416 499 500 -1,
416 415 499 -1,
368 452 453 -1,
368 453 369 -1,
417 416 500 -1,
417 500 501 -1,
417 501 502 -1,
367 451 452 -1,
367 452 368 -1,
418 502 503 -1,
418 417 502 -1,
366 450 451 -1,
366 451 367 -1,
419 418 503 -1,
365 449 450 -1,
365 450 366 -1,
420 419 503 -1,
420 503 504 -1,
420 504 505 -1,
364 448 449 -1,
364 449 365 -1,
421 420 505 -1,
363 447 448 -1,
363 448 364 -1,
422 421 505 -1,
422 505 506 -1,
362 446 447 -1,
362 447 363 -1,
423 422 506 -1,
423 506 507 -1,
361 445 446 -1,
361 446 362 -1,
340 423 507 -1,
340 507 424 -1,
340 424 425 -1,
360 444 445 -1,
360 445 361 -1,
341 340 425 -1,
342 341 425 -1,
342 425 426 -1,
359 443 444 -1,
359 444 360 -1,
358 442 443 -1,
358 443 359 -1,
343 342 426 -1,
343 426 427 -1,
344 343 427 -1,
344 427 428 -1,
344 428 429 -1,
357 441 442 -1,
357 442 358 -1,
345 344 429 -1,
345 429 430 -1,
356 440 441 -1,
356 441 357 -1,
346 345 430 -1,
355 440 356 -1,
355 439 440 -1,
354 439 355 -1,
354 437 438 -1,
354 438 439 -1,
347 346 430 -1,
347 430 431 -1,
347 431 432 -1,
353 437 354 -1,
348 347 432 -1,
352 437 353 -1,
352 435 436 -1,
352 436 437 -1,
349 348 432 -1,
349 432 433 -1,
349 433 434 -1,
350 349 434 -1,
351 350 434 -1,
351 435 352 -1,
351 434 435 -1,
644 561 645 -1,
644 560 561 -1,
646 645 561 -1,
646 561 562 -1,
643 560 644 -1,
643 559 560 -1,
647 646 562 -1,
647 562 563 -1,
647 563 564 -1,
642 559 643 -1,
642 558 559 -1,
648 647 564 -1,
641 558 642 -1,
641 557 558 -1,
649 648 564 -1,
649 564 565 -1,
640 557 641 -1,
640 556 557 -1,
650 649 565 -1,
650 565 566 -1,
639 555 556 -1,
639 556 640 -1,
651 650 566 -1,
651 566 567 -1,
638 554 555 -1,
638 555 639 -1,
652 651 567 -1,
652 567 568 -1,
637 553 554 -1,
637 554 638 -1,
653 568 569 -1,
653 652 568 -1,
636 552 553 -1,
636 553 637 -1,
654 653 569 -1,
654 569 570 -1,
635 552 636 -1,
635 551 552 -1,
655 654 570 -1,
655 570 571 -1,
634 551 635 -1,
634 550 551 -1,
656 571 572 -1,
656 655 571 -1,
633 550 634 -1,
633 549 550 -1,
657 656 572 -1,
657 572 573 -1,
632 548 549 -1,
632 549 633 -1,
631 547 548 -1,
631 548 632 -1,
658 657 573 -1,
658 573 574 -1,
630 546 547 -1,
630 547 631 -1,
659 658 574 -1,
659 574 575 -1,
659 575 576 -1,
629 545 546 -1,
629 546 630 -1,
660 659 576 -1,
628 545 629 -1,
628 544 545 -1,
661 660 576 -1,
661 576 577 -1,
627 543 544 -1,
627 544 628 -1,
662 661 577 -1,
662 577 578 -1,
626 543 627 -1,
626 542 543 -1,
663 662 578 -1,
663 578 579 -1,
625 541 542 -1,
625 542 626 -1,
664 663 579 -1,
664 579 580 -1,
624 541 625 -1,
624 540 541 -1,
665 664 580 -1,
665 580 581 -1,
539 624 623 -1,
539 540 624 -1,
582 665 581 -1,
582 666 665 -1,
538 623 622 -1,
538 539 623 -1,
583 666 582 -1,
583 667 666 -1,
537 622 621 -1,
537 538 622 -1,
584 668 667 -1,
584 667 583 -1,
536 621 620 -1,
536 537 621 -1,
585 668 584 -1,
585 669 668 -1,
585 670 669 -1,
535 620 619 -1,
535 536 620 -1,
586 671 670 -1,
586 670 585 -1,
534 619 618 -1,
534 535 619 -1,
587 671 586 -1,
533 618 617 -1,
533 534 618 -1,
588 671 587 -1,
588 672 671 -1,
588 673 672 -1,
532 617 616 -1,
532 533 617 -1,
589 673 588 -1,
531 616 615 -1,
531 532 616 -1,
590 673 589 -1,
590 674 673 -1,
530 615 614 -1,
530 531 615 -1,
591 674 590 -1,
591 675 674 -1,
529 614 613 -1,
529 530 614 -1,
508 675 591 -1,
508 592 675 -1,
508 593 592 -1,
528 613 612 -1,
528 529 613 -1,
509 593 508 -1,
510 593 509 -1,
510 594 593 -1,
527 612 611 -1,
527 528 612 -1,
526 611 610 -1,
526 527 611 -1,
511 594 510 -1,
511 595 594 -1,
512 595 511 -1,
512 596 595 -1,
512 597 596 -1,
525 610 609 -1,
525 526 610 -1,
513 597 512 -1,
513 598 597 -1,
524 609 608 -1,
524 525 609 -1,
514 598 513 -1,
523 524 608 -1,
523 608 607 -1,
522 523 607 -1,
522 606 605 -1,
522 607 606 -1,
515 598 514 -1,
515 599 598 -1,
515 600 599 -1,
521 522 605 -1,
516 600 515 -1,
520 521 605 -1,
520 604 603 -1,
520 605 604 -1,
517 600 516 -1,
517 601 600 -1,
517 602 601 -1,
518 602 517 -1,
519 602 518 -1,
519 520 603 -1,
519 603 602 -1 ] solid TRUE creaseAngle 0.5 } }
# header_pad_5
Shape { appearance Appearance { material Material { diffuseColor 0.78 0.58 0.16 } } geometry IndexedFaceSet { coord Coordinate { point [ 7.147146 1.062500 4.976378,
7.147146 1.062500 4.992126,
7.146210 1.087508 4.992126,
7.143408 1.112376 4.992126,
7.138755 1.136966 4.992126,
7.132278 1.161139 4.992126,
7.124013 1.184760 4.992126,
7.114005 1.207697 4.992126,
7.102312 1.229823 4.992126,
7.088997 1.251013 4.992126,
7.074137 1.271148 4.992126,
7.057813 1.290117 4.992126,
7.040117 1.307813 4.992126,
7.021148 1.324137 4.992126,
7.001013 1.338997 4.992126,
6.979823 1.352312 4.992126,
6.957697 1.364005 4.992126,
6.934760 1.374013 4.992126,
6.911139 1.382278 4.992126,
6.886966 1.388755 4.992126,
6.862376 1.393408 4.992126,
6.837508 1.396210 4.992126,
6.812500 1.397146 4.992126,
6.787492 1.396210 4.992126,
6.762624 1.393408 4.992126,
6.738034 1.388755 4.992126,
6.713861 1.382278 4.992126,
6.690240 1.374013 4.992126,
6.667303 1.364005 4.992126,
6.645177 1.352312 4.992126,
6.623987 1.338997 4.992126,
6.603852 1.324137 4.992126,
6.584883 1.307813 4.992126,
6.567187 1.290117 4.992126,
6.550863 1.271148 4.992126,
6.536003 1.251013 4.992126,
6.522688 1.229823 4.992126,
6.510995 1.207697 4.992126,
6.500987 1.184760 4.992126,
6.492722 1.161139 4.992126,
6.486245 1.136966 4.992126,
6.481592 1.112376 4.992126,
6.478790 1.087508 4.992126,
6.477854 1.062500 4.992126,
6.478790 1.037492 4.992126,
6.481592 1.012624 4.992126,
6.486245 0.988034 4.992126,
6.492722 0.963861 4.992126,
6.500987 0.940240 4.992126,
6.510995 0.917303 4.992126,
6.522688 0.895177 4.992126,
6.536003 0.873987 4.992126,
6.550863 0.853852 4.992126,
6.567187 0.834883 4.992126,
6.584883 0.817187 4.992126,
6.603852 0.800863 4.992126,
6.623987 0.786003 4.992126,
6.645177 0.772688 4.992126,
6.667303 0.760995 4.992126,
6.690240 0.750987 4.992126,
6.713861 0.742722 4.992126,
6.738034 0.736245 4.992126,
6.762624 0.731592 4.992126,
6.787492 0.728790 4.992126,
6.812500 0.727854 4.992126,
6.837508 0.728790 4.992126,
6.862376 0.731592 4.992126,
6.886966 0.736245 4.992126,
6.911139 0.742722 4.992126,
6.934760 0.750987 4.992126,
6.957697 0.760995 4.992126,
6.979823 0.772688 4.992126,
7.001013 0.786003 4.992126,
7.021148 0.800863 4.992126,
7.040117 0.817187 4.992126,
7.057813 0.834883 4.992126,
7.074137 0.853852 4.992126,
7.088997 0.873987 4.992126,
7.102312 0.895177 4.992126,
7.114005 0.917303 4.992126,
7.124013 0.940240 4.992126,
7.132278 0.963861 4.992126,
7.138755 0.988034 4.992126,
7.143408 1.012624 4.992126,
7.146210 1.037492 4.992126,
7.147146 1.062500 4.992126,
7.147146 1.062500 4.976378,
7.146210 1.087508 4.976378,
7.143408 1.112376 4.976378,
7.138755 1.136966 4.976378,
7.132278 1.161139 4.976378,
7.124013 1.184760 4.976378,
7.114005 1.207697 4.976378,
7.102312 1.229823 4.976378,
7.088997 1.251013 4.976378,
7.074137 1.271148 4.976378,
7.057813 1.290117 4.976378,
7.040117 1.307813 4.976378,
7.021148 1.324137 4.976378,
7.001013 1.338997 4.976378,
6.979823 1.352312 4.976378,
6.957697 1.364005 4.976378,
6.934760 1.374013 4.976378,
6.911139 1.382278 4.976378,
6.886966 1.388755 4.976378,
6.862376 1.393408 4.976378,
6.837508 1.396210 4.976378,
6.812500 1.397146 4.976378,
6.787492 1.396210 4.976378,
6.762624 1.393408 4.976378,
6.738034 1.388755 4.976378,
6.713861 1.382278 4.976378,
6.690240 1.374013 4.976378,
6.667303 1.364005 4.976378,
6.645177 1.352312 4.976378,
6.623987 1.338997 4.976378,
6.603852 1.324137 4.976378,
6.584883 1.307813 4.976378,
6.567187 1.290117 4.976378,
6.550863 1.271148 4.976378,
6.536003 1.251013 4.976378,
6.522688 1.229823 4.976378,
6.510995 1.207697 4.976378,
6.500987 1.184760 4.976378,
6.492722 1.161139 4.976378,
6.486245 1.136966 4.976378,
6.481592 1.112376 4.976378,
6.478790 1.087508 4.976378,
6.477854 1.062500 4.976378,
6.478790 1.037492 4.976378,
6.481592 1.012624 4.976378,
6.486245 0.988034 4.976378,
6.492722 0.963861 4.976378,
6.500987 0.940240 4.976378,
6.510995 0.917303 4.976378,
6.522688 0.895177 4.976378,
6.536003 0.873987 4.976378,
6.550863 0.853852 4.976378,
6.567187 0.834883 4.976378,
6.584883 0.817187 4.976378,
6.603852 0.800863 4.976378,
6.623987 0.786003 4.976378,
6.645177 0.772688 4.976378,
6.667303 0.760995 4.976378,
6.690240 0.750987 4.976378,
6.713861 0.742722 4.976378,
6.738034 0.736245 4.976378,
6.762624 0.731592 4.976378,
6.787492 0.728790 4.976378,
6.812500 0.727854 4.976378,
6.837508 0.728790 4.976378,
6.862376 0.731592 4.976378,
6.886966 0.736245 4.976378,
6.911139 0.742722 4.976378,
6.934760 0.750987 4.976378,
6.957697 0.760995 4.976378,
6.979823 0.772688 4.976378,
7.001013 0.786003 4.976378,
7.021148 0.800863 4.976378,
7.040117 0.817187 4.976378,
7.057813 0.834883 4.976378,
7.074137 0.853852 4.976378,
7.088997 0.873987 4.976378,
7.102312 0.895177 4.976378,
7.114005 0.917303 4.976378,
7.124013 0.940240 4.976378,
7.132278 0.963861 4.976378,
7.138755 0.988034 4.976378,
7.143408 1.012624 4.976378,
7.146210 1.037492 4.976378,
6.954232 1.062500 4.976378,
6.954232 1.062500 4.992126,
6.953836 1.073092 4.992126,
6.952649 1.083624 4.992126,
6.950679 1.094038 4.992126,
6.947936 1.104276 4.992126,
6.944435 1.114281 4.992126,
6.940196 1.123995 4.992126,
6.935244 1.133366 4.992126,
6.929605 1.142341 4.992126,
6.923311 1.150869 4.992126,
6.916397 1.158902 4.992126,
6.908902 1.166397 4.992126,
6.900869 1.173311 4.992126,
6.892341 1.179605 4.992126,
6.883366 1.185244 4.992126,
6.873995 1.190196 4.992126,
6.864281 1.194435 4.992126,
6.854276 1.197936 4.992126,
6.844038 1.200679 4.992126,
6.833624 1.202649 4.992126,
6.823092 1.203836 4.992126,
6.812500 1.204232 4.992126,
6.801908 1.203836 4.992126,
6.791376 1.202649 4.992126,
6.780962 1.200679 4.992126,
6.770724 1.197936 4.992126,
6.760719 1.194435 4.992126,
6.751005 1.190196 4.992126,
6.741634 1.185244 4.992126,
6.732659 1.179605 4.992126,
6.724131 1.173311 4.992126,
6.716098 1.166397 4.992126,
6.708603 1.158902 4.992126,
6.701689 1.150869 4.992126,
6.695395 1.142341 4.992126,
6.689756 1.133366 4.992126,
6.684804 1.123995 4.992126,
6.680565 1.114281 4.992126,
6.677064 1.104276 4.992126,
6.674321 1.094038 4.992126,
6.672351 1.083624 4.992126,
6.671164 1.073092 4.992126,
6.670768 1.062500 4.992126,
6.671164 1.051908 4.992126,
6.672351 1.041376 4.992126,
6.674321 1.030962 4.992126,
6.677064 1.020724 4.992126,
6.680565 1.010719 4.992126,
6.684804 1.001005 4.992126,
6.689756 0.991634 4.992126,
6.695395 0.982659 4.992126,
6.701689 0.974131 4.992126,
6.708603 0.966098 4.992126,
6.716098 0.958603 4.992126,
6.724131 0.951689 4.992126,
6.732659 0.945395 4.992126,
6.741634 0.939756 4.992126,
6.751005 0.934804 4.992126,
6.760719 0.930565 4.992126,
6.770724 0.927064 4.992126,
6.780962 0.924321 4.992126,
6.791376 0.922351 4.992126,
6.801908 0.921164 4.992126,
6.812500 0.920768 4.992126,
6.823092 0.921164 4.992126,
6.833624 0.922351 4.992126,
6.844038 0.924321 4.992126,
6.854276 0.927064 4.992126,
6.864281 0.930565 4.992126,
6.873995 0.934804 4.992126,
6.883366 0.939756 4.992126,
6.892341 0.945395 4.992126,
6.900869 0.951689 4.992126,
6.908902 0.958603 4.992126,
6.916397 0.966098 4.992126,
6.923311 0.974131 4.992126,
6.929605 0.982659 4.992126,
6.935244 0.991634 4.992126,
6.940196 1.001005 4.992126,
6.944435 1.010719 4.992126,
6.947936 1.020724 4.992126,
6.950679 1.030962 4.992126,
6.952649 1.041376 4.992126,
6.953836 1.051908 4.992126,
6.954232 1.062500 4.992126,
6.954232 1.062500 4.976378,
6.953836 1.073092 4.976378,
6.952649 1.083624 4.976378,
6.950679 1.094038 4.976378,
6.947936 1.104276 4.976378,
6.944435 1.114281 4.976378,
6.940196 1.123995 4.976378,
6.935244 1.133366 4.976378,
6.929605 1.142341 4.976378,
6.923311 1.150869 4.976378,
6.916397 1.158902 4.976378,
6.908902 1.166397 4.976378,
6.900869 1.173311 4.976378,
6.892341 1.179605 4.976378,
6.883366 1.185244 4.976378,
6.873995 1.190196 4.976378,
6.864281 1.194435 4.976378,
6.854276 1.197936 4.976378,
6.844038 1.200679 4.976378,
6.833624 1.202649 4.976378,
6.823092 1.203836 4.976378,
6.812500 1.204232 4.976378,
6.801908 1.203836 4.976378,
6.791376 1.202649 4.976378,
6.780962 1.200679 4.976378,
6.770724 1.197936 4.976378,
6.760719 1.194435 4.976378,
6.751005 1.190196 4.976378,
6.741634 1.185244 4.976378,
6.732659 1.179605 4.976378,
6.724131 1.173311 4.976378,
6.716098 1.166397 4.976378,
6.708603 1.158902 4.976378,
6.701689 1.150869 4.976378,
6.695395 1.142341 4.976378,
6.689756 1.133366 4.976378,
6.684804 1.123995 4.976378,
6.680565 1.114281 4.976378,
6.677064 1.104276 4.976378,
6.674321 1.094038 4.976378,
6.672351 1.083624 4.976378,
6.671164 1.073092 4.976378,
6.670768 1.062500 4.976378,
6.671164 1.051908 4.976378,
6.672351 1.041376 4.976378,
6.674321 1.030962 4.976378,
6.677064 1.020724 4.976378,
6.680565 1.010719 4.976378,
6.684804 1.001005 4.976378,
6.689756 0.991634 4.976378,
6.695395 0.982659 4.976378,
6.701689 0.974131 4.976378,
6.708603 0.966098 4.976378,
6.716098 0.958603 4.976378,
6.724131 0.951689 4.976378,
6.732659 0.945395 4.976378,
6.741634 0.939756 4.976378,
6.751005 0.934804 4.976378,
6.760719 0.930565 4.976378,
6.770724 0.927064 4.976378,
6.780962 0.924321 4.976378,
6.791376 0.922351 4.976378,
6.801908 0.921164 4.976378,
6.812500 0.920768 4.976378,
6.823092 0.921164 4.976378,
6.833624 0.922351 4.976378,
6.844038 0.924321 4.976378,
6.854276 0.927064 4.976378,
6.864281 0.930565 4.976378,
6.873995 0.934804 4.976378,
6.883366 0.939756 4.976378,
6.892341 0.945395 4.976378,
6.900869 0.951689 4.976378,
6.908902 0.958603 4.976378,
6.916397 0.966098 4.976378,
6.923311 0.974131 4.976378,
6.929605 0.982659 4.976378,
6.935244 0.991634 4.976378,
6.940196 1.001005 4.976378,
6.944435 1.010719 4.976378,
6.947936 1.020724 4.976378,
6.950679 1.030962 4.976378,
6.952649 1.041376 4.976378,
6.953836 1.051908 4.976378,
7.147146 1.062500 4.976378,
7.146210 1.087508 4.976378,
7.143408 1.112376 4.976378,
7.138755 1.136966 4.976378,
7.132278 1.161139 4.976378,
7.124013 1.184760 4.976378,
7.114005 1.207697 4.976378,
7.102312 1.229823 4.976378,
7.088997 1.251013 4.976378,
7.074137 1.271148 4.976378,
7.057813 1.290117 4.976378,
7.040117 1.307813 4.976378,
7.021148 1.324137 4.976378,
7.001013 1.338997 4.976378,
6.979823 1.352312 4.976378,
6.957697 1.364005 4.976378,
6.934760 1.374013 4.976378,
6.911139 1.382278 4.976378,
6.886966 1.388755 4.976378,
6.862376 1.393408 4.976378,
6.837508 1.396210 4.976378,
6.812500 1.397146 4.976378,
6.787492 1.396210 4.976378,
6.762624 1.393408 4.976378,
6.738034 1.388755 4.976378,
6.713861 1.382278 4.976378,
6.690240 1.374013 4.976378,
6.667303 1.364005 4.976378,
6.645177 1.352312 4.976378,
6.623987 1.338997 4.976378,
6.603852 1.324137 4.976378,
6.584883 1.307813 4.976378,
6.567187 1.290117 4.976378,
6.550863 1.271148 4.976378,
6.536003 1.251013 4.976378,
6.522688 1.229823 4.976378,
6.510995 1.207697 4.976378,
6.500987 1.184760 4.976378,
6.492722 1.161139 4.976378,
6.486245 1.136966 4.976378,
6.481592 1.112376 4.976378,
6.478790 1.087508 4.976378,
6.477854 1.062500 4.976378,
6.478790 1.037492 4.976378,
6.481592 1.012624 4.976378,
6.486245 0.988034 4.976378,
6.492722 0.963861 4.976378,
6.500987 0.940240 4.976378,
6.510995 0.917303 4.976378,
6.522688 0.895177 4.976378,
6.536003 0.873987 4.976378,
6.550863 0.853852 4.976378,
6.567187 0.834883 4.976378,
6.584883 0.817187 4.976378,
6.603852 0.800863 4.976378,
6.623987 0.786003 4.976378,
6.645177 0.772688 4.976378,
6.667303 0.760995 4.976378,
6.690240 0.750987 4.976378,
6.713861 0.742722 4.976378,
6.738034 0.736245 4.976378,
6.762624 0.731592 4.976378,
6.787492 0.728790 4.976378,
6.812500 0.727854 4.976378,
6.837508 0.728790 4.976378,
6.862376 0.731592 4.976378,
6.886966 0.736245 4.976378,
6.911139 0.742722 4.976378,
6.934760 0.750987 4.976378,
6.957697 0.760995 4.976378,
6.979823 0.772688 4.976378,
7.001013 0.786003 4.976378,
7.021148 0.800863 4.976378,
7.040117 0.817187 4.976378,
7.057813 0.834883 4.976378,
7.074137 0.853852 4.976378,
7.088997 0.873987 4.976378,
7.102312 0.895177 4.976378,
7.114005 0.917303 4.976378,
7.124013 0.940240 4.976378,
7.132278 0.963861 4.976378,
7.138755 0.988034 4.976378,
7.143408 1.012624 4.976378,
7.146210 1.037492 4.976378,
6.954232 1.062500 4.976378,
6.953836 1.073092 4.976378,
6.952649 1.083624 4.976378,
6.950679 1.094038 4.976378,
6.947936 1.104276 4.976378,
6.944435 1.114281 4.976378,
6.940196 1.123995 4.976378,
6.935244 1.133366 4.976378,
6.929605 1.142341 4.976378,
6.923311 1.150869 4.976378,
6.916397 1.158902 4.976378,
6.908902 1.166397 4.976378,
6.900869 1.173311 4.976378,
6.892341 1.179605 4.976378,
6.883366 1.185244 4.976378,
6.873995 1.190196 4.976378,
6.864281 1.194435 4.976378,
6.854276 1.197936 4.976378,
6.844038 1.200679 4.976378,
6.833624 1.202649 4.976378,
6.823092 1.203836 4.976378,
6.812500 1.204232 4.976378,
6.801908 1.203836 4.976378,
6.791376 1.202649 4.976378,
6.780962 1.200679 4.976378,
6.770724 1.197936 4.976378,
6.760719 1.194435 4.976378,
6.751005 1.190196 4.976378,
6.741634 1.185244 4.976378,
6.732659 1.179605 4.976378,
6.724131 1.173311 4.976378,
6.716098 1.166397 4.976378,
6.708603 1.158902 4.976378,
6.701689 1.150869 4.976378,
6.695395 1.142341 4.976378,
6.689756 1.133366 4.976378,
6.684804 1.123995 4.976378,
6.680565 1.114281 4.976378,
6.677064 1.104276 4.976378,
6.674321 1.094038 4.976378,
6.672351 1.083624 4.976378,
6.671164 1.073092 4.976378,
6.670768 1.062500 4.976378,
6.671164 1.051908 4.976378,
6.672351 1.041376 4.976378,
6.674321 1.030962 4.976378,
6.677064 1.020724 4.976378,
6.680565 1.010719 4.976378,
6.684804 1.001005 4.976378,
6.689756 0.991634 4.976378,
6.695395 0.982659 4.976378,
6.701689 0.974131 4.976378,
6.708603 0.966098 4.976378,
6.716098 0.958603 4.976378,
6.724131 0.951689 4.976378,
6.732659 0.945395 4.976378,
6.741634 0.939756 4.976378,
6.751005 0.934804 4.976378,
6.760719 0.930565 4.976378,
6.770724 0.927064 4.976378,
6.780962 0.924321 4.976378,
6.791376 0.922351 4.976378,
6.801908 0.921164 4.976378,
6.812500 0.920768 4.976378,
6.823092 0.921164 4.976378,
6.833624 0.922351 4.976378,
6.844038 0.924321 4.976378,
6.854276 0.927064 4.976378,
6.864281 0.930565 4.976378,
6.873995 0.934804 4.976378,
6.883366 0.939756 4.976378,
6.892341 0.945395 4.976378,
6.900869 0.951689 4.976378,
6.908902 0.958603 4.976378,
6.916397 0.966098 4.976378,
6.923311 0.974131 4.976378,
6.929605 0.982659 4.976378,
6.935244 0.991634 4.976378,
6.940196 1.001005 4.976378,
6.944435 1.010719 4.976378,
6.947936 1.020724 4.976378,
6.950679 1.030962 4.976378,
6.952649 1.041376 4.976378,
6.953836 1.051908 4.976378,
7.147146 1.062500 4.992126,
7.146210 1.087508 4.992126,
7.143408 1.112376 4.992126,
7.138755 1.136966 4.992126,
7.132278 1.161139 4.992126,
7.124013 1.184760 4.992126,
7.114005 1.207697 4.992126,
7.102312 1.229823 4.992126,
7.088997 1.251013 4.992126,
7.074137 1.271148 4.992126,
7.057813 1.290117 4.992126,
7.040117 1.307813 4.992126,
7.021148 1.324137 4.992126,
7.001013 1.338997 4.992126,
6.979823 1.352312 4.992126,
6.957697 1.364005 4.992126,
6.934760 1.374013 4.992126,
6.911139 1.382278 4.992126,
6.886966 1.388755 4.992126,
6.862376 1.393408 4.992126,
6.837508 1.396210 4.992126,
6.812500 1.397146 4.992126,
6.787492 1.396210 4.992126,
6.762624 1.393408 4.992126,
6.738034 1.388755 4.992126,
6.713861 1.382278 4.992126,
6.690240 1.374013 4.992126,
6.667303 1.364005 4.992126,
6.645177 1.352312 4.992126,
6.623987 1.338997 4.992126,
6.603852 1.324137 4.992126,
6.584883 1.307813 4.992126,
6.567187 1.290117 4.992126,
6.550863 1.271148 4.992126,
6.536003 1.251013 4.992126,
6.522688 1.229823 4.992126,
6.510995 1.207697 4.992126,
6.500987 1.184760 4.992126,
6.492722 1.161139 4.992126,
6.486245 1.136966 4.992126,
6.481592 1.112376 4.992126,
6.478790 1.087508 4.992126,
6.477854 1.062500 4.992126,
6.478790 1.037492 4.992126,
6.481592 1.012624 4.992126,
6.486245 0.988034 4.992126,
6.492722 0.963861 4.992126,
6.500987 0.940240 4.992126,
6.510995 0.917303 4.992126,
6.522688 0.895177 4.992126,
6.536003 0.873987 4.992126,
6.550863 0.853852 4.992126,
6.567187 0.834883 4.992126,
6.584883 0.817187 4.992126,
6.603852 0.800863 4.992126,
6.623987 0.786003 4.992126,
6.645177 0.772688 4.992126,
6.667303 0.760995 4.992126,
6.690240 0.750987 4.992126,
6.713861 0.742722 4.992126,
6.738034 0.736245 4.992126,
6.762624 0.731592 4.992126,
6.787492 0.728790 4.992126,
6.812500 0.727854 4.992126,
6.837508 0.728790 4.992126,
6.862376 0.731592 4.992126,
6.886966 0.736245 4.992126,
6.911139 0.742722 4.992126,
6.934760 0.750987 4.992126,
6.957697 0.760995 4.992126,
6.979823 0.772688 4.992126,
7.001013 0.786003 4.992126,
7.021148 0.800863 4.992126,
7.040117 0.817187 4.992126,
7.057813 0.834883 4.992126,
7.074137 0.853852 4.992126,
7.088997 0.873987 4.992126,
7.102312 0.895177 4.992126,
7.114005 0.917303 4.992126,
7.124013 0.940240 4.992126,
7.132278 0.963861 4.992126,
7.138755 0.988034 4.992126,
7.143408 1.012624 4.992126,
7.146210 1.037492 4.992126,
6.954232 1.062500 4.992126,
6.953836 1.073092 4.992126,
6.952649 1.083624 4.992126,
6.950679 1.094038 4.992126,
6.947936 1.104276 4.992126,
6.944435 1.114281 4.992126,
6.940196 1.123995 4.992126,
6.935244 1.133366 4.992126,
6.929605 1.142341 4.992126,
6.923311 1.150869 4.992126,
6.916397 1.158902 4.992126,
6.908902 1.166397 4.992126,
6.900869 1.173311 4.992126,
6.892341 1.179605 4.992126,
6.883366 1.185244 4.992126,
6.873995 1.190196 4.992126,
6.864281 1.194435 4.992126,
6.854276 1.197936 4.992126,
6.844038 1.200679 4.992126,
6.833624 1.202649 4.992126,
6.823092 1.203836 4.992126,
6.812500 1.204232 4.992126,
6.801908 1.203836 4.992126,
6.791376 1.202649 4.992126,
6.780962 1.200679 4.992126,
6.770724 1.197936 4.992126,
6.760719 1.194435 4.992126,
6.751005 1.190196 4.992126,
6.741634 1.185244 4.992126,
6.732659 1.179605 4.992126,
6.724131 1.173311 4.992126,
6.716098 1.166397 4.992126,
6.708603 1.158902 4.992126,
6.701689 1.150869 4.992126,
6.695395 1.142341 4.992126,
6.689756 1.133366 4.992126,
6.684804 1.123995 4.992126,
6.680565 1.114281 4.992126,
6.677064 1.104276 4.992126,
6.674321 1.094038 4.992126,
6.672351 1.083624 4.992126,
6.671164 1.073092 4.992126,
6.670768 1.062500 4.992126,
6.671164 1.051908 4.992126,
6.672351 1.041376 4.992126,
6.674321 1.030962 4.992126,
6.677064 1.020724 4.992126,
6.680565 1.010719 4.992126,
6.684804 1.001005 4.992126,
6.689756 0.991634 4.992126,
6.695395 0.982659 4.992126,
6.701689 0.974131 4.992126,
6.708603 0.966098 4.992126,
6.716098 0.958603 4.992126,
6.724131 0.951689 4.992126,
6.732659 0.945395 4.992126,
6.741634 0.939756 4.992126,
6.751005 0.934804 4.992126,
6.760719 0.930565 4.992126,
6.770724 0.927064 4.992126,
6.780962 0.924321 4.992126,
6.791376 0.922351 4.992126,
6.801908 0.921164 4.992126,
6.812500 0.920768 4.992126,
6.823092 0.921164 4.992126,
6.833624 0.922351 4.992126,
6.844038 0.924321 4.992126,
6.854276 0.927064 4.992126,
6.864281 0.930565 4.992126,
6.873995 0.934804 4.992126,
6.883366 0.939756 4.992126,
6.892341 0.945395 4.992126,
6.900869 0.951689 4.992126,
6.908902 0.958603 4.992126,
6.916397 0.966098 4.992126,
6.923311 0.974131 4.992126,
6.929605 0.982659 4.992126,
6.935244 0.991634 4.992126,
6.940196 1.001005 4.992126,
6.944435 1.010719 4.992126,
6.947936 1.020724 4.992126,
6.950679 1.030962 4.992126,
6.952649 1.041376 4.992126,
6.953836 1.051908 4.992126 ] } coordIndex [ 87 1 0 -1,
87 2 1 -1,
88 3 2 -1,
88 2 87 -1,
89 4 3 -1,
89 3 88 -1,
90 5 4 -1,
90 4 89 -1,
91 6 5 -1,
91 5 90 -1,
92 7 6 -1,
92 6 91 -1,
93 8 7 -1,
93 7 92 -1,
94 8 93 -1,
94 9 8 -1,
95 10 9 -1,
95 9 94 -1,
96 11 10 -1,
96 10 95 -1,
97 12 11 -1,
97 11 96 -1,
98 13 12 -1,
98 12 97 -1,
99 14 13 -1,
99 13 98 -1,
100 15 14 -1,
100 14 99 -1,
101 16 15 -1,
101 15 100 -1,
102 17 16 -1,
102 16 101 -1,
103 18 17 -1,
103 17 102 -1,
104 19 18 -1,
104 18 103 -1,
105 20 19 -1,
105 19 104 -1,
106 21 20 -1,
106 22 21 -1,
106 20 105 -1,
107 22 106 -1,
108 23 22 -1,
108 22 107 -1,
109 24 23 -1,
109 23 108 -1,
110 25 24 -1,
110 24 109 -1,
111 26 25 -1,
111 25 110 -1,
112 27 26 -1,
112 26 111 -1,
113 28 27 -1,
113 27 112 -1,
114 29 28 -1,
114 28 113 -1,
115 30 29 -1,
115 29 114 -1,
116 31 30 -1,
116 30 115 -1,
117 32 31 -1,
117 33 32 -1,
117 31 116 -1,
118 33 117 -1,
119 33 118 -1,
119 34 33 -1,
120 34 119 -1,
120 35 34 -1,
121 35 120 -1,
121 36 35 -1,
122 36 121 -1,
122 37 36 -1,
123 37 122 -1,
123 38 37 -1,
123 39 38 -1,
124 39 123 -1,
125 39 124 -1,
125 40 39 -1,
126 40 125 -1,
126 41 40 -1,
127 41 126 -1,
127 42 41 -1,
128 42 127 -1,
128 43 42 -1,
128 44 43 -1,
129 45 44 -1,
129 44 128 -1,
130 45 129 -1,
131 46 45 -1,
131 45 130 -1,
132 47 46 -1,
132 48 47 -1,
132 46 131 -1,
133 49 48 -1,
133 48 132 -1,
134 49 133 -1,
135 50 49 -1,
135 49 134 -1,
136 51 50 -1,
136 50 135 -1,
137 52 51 -1,
137 51 136 -1,
138 53 52 -1,
138 52 137 -1,
139 54 53 -1,
139 55 54 -1,
139 53 138 -1,
140 55 139 -1,
141 56 55 -1,
141 55 140 -1,
142 57 56 -1,
142 58 57 -1,
142 56 141 -1,
143 58 142 -1,
144 58 143 -1,
144 59 58 -1,
145 59 144 -1,
145 60 59 -1,
146 60 145 -1,
146 61 60 -1,
147 61 146 -1,
147 62 61 -1,
148 62 147 -1,
148 63 62 -1,
148 64 63 -1,
149 64 148 -1,
150 64 149 -1,
150 65 64 -1,
151 65 150 -1,
151 66 65 -1,
151 67 66 -1,
152 67 151 -1,
153 67 152 -1,
153 68 67 -1,
154 68 153 -1,
154 69 68 -1,
155 69 154 -1,
155 70 69 -1,
156 70 155 -1,
156 71 70 -1,
156 72 71 -1,
157 72 156 -1,
158 72 157 -1,
158 73 72 -1,
159 73 158 -1,
159 74 73 -1,
160 74 159 -1,
160 75 74 -1,
161 75 160 -1,
161 76 75 -1,
162 76 161 -1,
162 77 76 -1,
162 78 77 -1,
163 78 162 -1,
164 79 78 -1,
164 78 163 -1,
165 80 79 -1,
165 81 80 -1,
165 79 164 -1,
166 81 165 -1,
167 82 81 -1,
167 83 82 -1,
167 81 166 -1,
168 83 167 -1,
169 84 83 -1,
169 83 168 -1,
86 84 169 -1,
86 85 84 -1,
257 170 171 -1,
257 171 172 -1,
258 172 173 -1,
258 257 172 -1,
259 173 174 -1,
259 258 173 -1,
260 174 175 -1,
260 259 174 -1,
261 175 176 -1,
261 260 175 -1,
262 176 177 -1,
262 261 176 -1,
263 177 178 -1,
263 262 177 -1,
264 263 178 -1,
264 178 179 -1,
265 179 180 -1,
265 264 179 -1,
266 180 181 -1,
266 265 180 -1,
267 181 182 -1,
267 266 181 -1,
268 182 183 -1,
268 267 182 -1,
269 183 184 -1,
269 268 183 -1,
270 184 185 -1,
270 269 184 -1,
271 185 186 -1,
271 270 185 -1,
272 186 187 -1,
272 271 186 -1,
273 187 188 -1,
273 272 187 -1,
274 188 189 -1,
274 273 188 -1,
275 189 190 -1,
275 274 189 -1,
276 190 191 -1,
276 191 192 -1,
276 275 190 -1,
277 276 192 -1,
278 192 193 -1,
278 277 192 -1,
279 193 194 -1,
279 278 193 -1,
280 194 195 -1,
280 279 194 -1,
281 195 196 -1,
281 280 195 -1,
282 196 197 -1,
282 281 196 -1,
283 197 198 -1,
283 282 197 -1,
284 198 199 -1,
284 283 198 -1,
285 199 200 -1,
285 284 199 -1,
286 200 201 -1,
286 285 200 -1,
287 201 202 -1,
287 202 203 -1,
287 286 201 -1,
288 287 203 -1,
289 288 203 -1,
289 203 204 -1,
290 289 204 -1,
290 204 205 -1,
291 290 205 -1,
291 205 206 -1,
292 291 206 -1,
292 206 207 -1,
293 292 207 -1,
293 207 208 -1,
293 208 209 -1,
294 293 209 -1,
295 294 209 -1,
295 209 210 -1,
296 295 210 -1,
296 210 211 -1,
297 296 211 -1,
297 211 212 -1,
298 297 212 -1,
298 212 213 -1,
298 213 214 -1,
299 214 215 -1,
299 298 214 -1,
300 299 215 -1,
301 215 216 -1,
301 300 215 -1,
302 216 217 -1,
302 217 218 -1,
302 301 216 -1,
303 218 219 -1,
303 302 218 -1,
304 303 219 -1,
305 219 220 -1,
305 304 219 -1,
306 220 221 -1,
306 305 220 -1,
307 221 222 -1,
307 306 221 -1,
308 222 223 -1,
308 307 222 -1,
309 223 224 -1,
309 224 225 -1,
309 308 223 -1,
310 309 225 -1,
311 225 226 -1,
311 310 225 -1,
312 226 227 -1,
312 227 228 -1,
312 311 226 -1,
313 312 228 -1,
314 313 228 -1,
314 228 229 -1,
315 314 229 -1,
315 229 230 -1,
316 315 230 -1,
316 230 231 -1,
317 316 231 -1,
317 231 232 -1,
318 317 232 -1,
318 232 233 -1,
318 233 234 -1,
319 318 234 -1,
320 319 234 -1,
320 234 235 -1,
321 320 235 -1,
321 235 236 -1,
321 236 237 -1,
322 321 237 -1,
323 322 237 -1,
323 237 238 -1,
324 323 238 -1,
324 238 239 -1,
325 324 239 -1,
325 239 240 -1,
326 325 240 -1,
326 240 241 -1,
326 241 242 -1,
327 326 242 -1,
328 327 242 -1,
328 242 243 -1,
329 328 243 -1,
329 243 244 -1,
330 329 244 -1,
330 244 245 -1,
331 330 245 -1,
331 245 246 -1,
332 331 246 -1,
332 246 247 -1,
332 247 248 -1,
333 332 248 -1,
334 248 249 -1,
334 333 248 -1,
335 249 250 -1,
335 250 251 -1,
335 334 249 -1,
336 335 251 -1,
337 251 252 -1,
337 252 253 -1,
337 336 251 -1,
338 337 253 -1,
339 253 254 -1,
339 338 253 -1,
256 339 254 -1,
256 254 255 -1,
476 477 393 -1,
476 393 392 -1,
478 393 477 -1,
478 394 393 -1,
475 476 392 -1,
475 392 391 -1,
479 394 478 -1,
479 395 394 -1,
474 475 391 -1,
474 391 390 -1,
480 396 395 -1,
480 395 479 -1,
473 474 390 -1,
473 390 389 -1,
481 396 480 -1,
481 397 396 -1,
472 473 389 -1,
472 389 388 -1,
482 397 481 -1,
482 398 397 -1,
471 388 387 -1,
471 472 388 -1,
483 398 482 -1,
483 399 398 -1,
470 387 386 -1,
470 471 387 -1,
484 399 483 -1,
484 400 399 -1,
469 386 385 -1,
469 470 386 -1,
485 400 484 -1,
485 401 400 -1,
485 402 401 -1,
468 385 384 -1,
468 469 385 -1,
486 402 485 -1,
467 384 383 -1,
467 468 384 -1,
487 402 486 -1,
487 403 402 -1,
466 467 383 -1,
466 383 382 -1,
488 404 403 -1,
488 403 487 -1,
465 382 381 -1,
465 466 382 -1,
489 405 404 -1,
489 404 488 -1,
464 381 380 -1,
464 465 381 -1,
463 380 379 -1,
463 464 380 -1,
490 405 489 -1,
490 406 405 -1,
491 407 406 -1,
491 408 407 -1,
491 406 490 -1,
462 379 378 -1,
462 463 379 -1,
461 378 377 -1,
461 462 378 -1,
492 408 491 -1,
460 377 376 -1,
460 461 377 -1,
493 408 492 -1,
493 409 408 -1,
459 460 376 -1,
459 376 375 -1,
494 410 409 -1,
494 409 493 -1,
458 459 375 -1,
458 375 374 -1,
495 410 494 -1,
495 411 410 -1,
457 458 374 -1,
457 374 373 -1,
496 411 495 -1,
496 412 411 -1,
456 457 373 -1,
456 373 372 -1,
497 412 496 -1,
497 413 412 -1,
498 413 497 -1,
371 455 456 -1,
371 456 372 -1,
414 413 498 -1,
370 454 455 -1,
370 455 371 -1,
415 414 498 -1,
415 498 499 -1,
369 453 454 -1,
369 454 370 -1,
416 499 500 -1,
416 415 499 -1,
368 452 453 -1,
368 453 369 -1,
417 416 500 -1,
417 500 501 -1,
367 451 452 -1,
367 452 368 -1,
418 501 502 -1,
418 417 501 -1,
366 450 451 -1,
366 451 367 -1,
419 502 503 -1,
419 503 504 -1,
419 418 502 -1,
365 449 450 -1,
365 450 366 -1,
420 419 504 -1,
364 448 449 -1,
364 449 365 -1,
421 420 504 -1,
421 504 505 -1,
363 447 448 -1,
363 448 364 -1,
422 421 505 -1,
422 505 506 -1,
362 446 447 -1,
362 447 363 -1,
423 422 506 -1,
423 506 507 -1,
340 423 507 -1,
340 507 424 -1,
340 424 425 -1,
361 444 445 -1,
361 445 446 -1,
361 446 362 -1,
360 444 361 -1,
341 340 425 -1,
342 341 425 -1,
342 425 426 -1,
342 426 427 -1,
359 443 444 -1,
359 444 360 -1,
358 442 443 -1,
358 443 359 -1,
343 342 427 -1,
344 343 427 -1,
344 427 428 -1,
357 441 442 -1,
357 442 358 -1,
345 344 428 -1,
345 428 429 -1,
356 440 441 -1,
356 441 357 -1,
346 345 429 -1,
346 429 430 -1,
346 430 431 -1,
355 440 356 -1,
355 438 439 -1,
355 439 440 -1,
354 438 355 -1,
347 346 431 -1,
353 438 354 -1,
353 437 438 -1,
348 347 431 -1,
348 431 432 -1,
352 437 353 -1,
352 436 437 -1,
349 432 433 -1,
349 348 432 -1,
351 435 436 -1,
351 436 352 -1,
350 435 351 -1,
350 433 434 -1,
350 434 435 -1,
350 349 433 -1,
644 561 645 -1,
644 560 561 -1,
646 645 561 -1,
646 561 562 -1,
643 560 644 -1,
643 559 560 -1,
647 646 562 -1,
647 562 563 -1,
642 559 643 -1,
642 558 559 -1,
648 563 564 -1,
648 647 563 -1,
641 558 642 -1,
641 557 558 -1,
649 648 564 -1,
649 564 565 -1,
640 557 641 -1,
640 556 557 -1,
650 649 565 -1,
650 565 566 -1,
639 555 556 -1,
639 556 640 -1,
651 650 566 -1,
651 566 567 -1,
638 554 555 -1,
638 555 639 -1,
652 651 567 -1,
652 567 568 -1,
637 553 554 -1,
637 554 638 -1,
653 652 568 -1,
653 568 569 -1,
653 569 570 -1,
636 552 553 -1,
636 553 637 -1,
654 653 570 -1,
635 551 552 -1,
635 552 636 -1,
655 654 570 -1,
655 570 571 -1,
634 551 635 -1,
634 550 551 -1,
656 571 572 -1,
656 655 571 -1,
633 549 550 -1,
633 550 634 -1,
657 572 573 -1,
657 656 572 -1,
632 548 549 -1,
632 549 633 -1,
631 547 548 -1,
631 548 632 -1,
658 657 573 -1,
658 573 574 -1,
659 574 575 -1,
659 575 576 -1,
659 658 574 -1,
630 546 547 -1,
630 547 631 -1,
629 545 546 -1,
629 546 630 -1,
660 659 576 -1,
628 544 545 -1,
628 545 629 -1,
661 660 576 -1,
661 576 577 -1,
627 544 628 -1,
627 543 544 -1,
662 577 578 -1,
662 661 577 -1,
626 543 627 -1,
626 542 543 -1,
663 662 578 -1,
663 578 579 -1,
625 542 626 -1,
625 541 542 -1,
664 663 579 -1,
664 579 580 -1,
624 541 625 -1,
624 540 541 -1,
665 664 580 -1,
665 580 581 -1,
666 665 581 -1,
539 624 623 -1,
539 540 624 -1,
582 666 581 -1,
538 623 622 -1,
538 539 623 -1,
583 666 582 -1,
583 667 666 -1,
537 622 621 -1,
537 538 622 -1,
584 668 667 -1,
584 667 583 -1,
536 621 620 -1,
536 537 621 -1,
585 668 584 -1,
585 669 668 -1,
535 620 619 -1,
535 536 620 -1,
586 670 669 -1,
586 669 585 -1,
534 619 618 -1,
534 535 619 -1,
587 671 670 -1,
587 672 671 -1,
587 670 586 -1,
533 618 617 -1,
533 534 618 -1,
588 672 587 -1,
532 617 616 -1,
532 533 617 -1,
589 672 588 -1,
589 673 672 -1,
531 616 615 -1,
531 532 616 -1,
590 673 589 -1,
590 674 673 -1,
530 615 614 -1,
530 531 615 -1,
591 674 590 -1,
591 675 674 -1,
508 675 591 -1,
508 592 675 -1,
508 593 592 -1,
529 613 612 -1,
529 614 613 -1,
529 530 614 -1,
528 529 612 -1,
509 593 508 -1,
510 593 509 -1,
510 594 593 -1,
510 595 594 -1,
527 612 611 -1,
527 528 612 -1,
526 611 610 -1,
526 527 611 -1,
511 595 510 -1,
512 595 511 -1,
512 596 595 -1,
525 610 609 -1,
525 526 610 -1,
513 596 512 -1,
513 597 596 -1,
524 609 608 -1,
524 525 609 -1,
514 597 513 -1,
514 598 597 -1,
514 599 598 -1,
523 524 608 -1,
523 607 606 -1,
523 608 607 -1,
522 523 606 -1,
515 599 514 -1,
521 522 606 -1,
521 606 605 -1,
516 599 515 -1,
516 600 599 -1,
520 521 605 -1,
520 605 604 -1,
517 601 600 -1,
517 600 516 -1,
519 604 603 -1,
519 520 604 -1,
518 519 603 -1,
518 602 601 -1,
518 603 602 -1,
518 601 517 -1 ] solid TRUE creaseAngle 0.5 } }
# E108_GN02_body_provisional
Shape { appearance Appearance { material Material { diffuseColor 0.66 0.68 0.7 } } geometry IndexedFaceSet { coord Coordinate { point [ 3.031496 2.873031 4.976378,
3.031496 2.873031 5.960630,
3.031496 6.810039 4.976378,
3.031496 6.810039 5.960630,
6.968504 2.873031 4.976378,
6.968504 2.873031 5.960630,
6.968504 6.810039 4.976378,
6.968504 6.810039 5.960630,
3.031496 2.873031 4.976378,
6.968504 2.873031 4.976378,
3.031496 2.873031 5.960630,
6.968504 2.873031 5.960630,
3.031496 6.810039 4.976378,
6.968504 6.810039 4.976378,
3.031496 6.810039 5.960630,
6.968504 6.810039 5.960630,
3.031496 2.873031 4.976378,
3.031496 6.810039 4.976378,
6.968504 2.873031 4.976378,
6.968504 6.810039 4.976378,
3.031496 2.873031 5.960630,
3.031496 6.810039 5.960630,
6.968504 2.873031 5.960630,
6.968504 6.810039 5.960630 ] } coordIndex [ 1 2 0 -1,
1 3 2 -1,
5 4 6 -1,
5 6 7 -1,
11 8 9 -1,
11 10 8 -1,
15 13 12 -1,
15 12 14 -1,
19 16 17 -1,
19 18 16 -1,
23 21 20 -1,
23 20 22 -1 ] solid TRUE creaseAngle 0.5 } }
# top_SMA_body_provisional
Shape { appearance Appearance { material Material { diffuseColor 0.78 0.58 0.16 } } geometry IndexedFaceSet { coord Coordinate { point [ 0.404941 2.312500 4.976378,
0.404941 2.312500 8.322835,
0.404941 4.812500 4.976378,
0.404941 4.812500 8.322835,
2.904941 2.312500 4.976378,
2.904941 2.312500 8.322835,
2.904941 4.812500 4.976378,
2.904941 4.812500 8.322835,
0.404941 2.312500 4.976378,
2.904941 2.312500 4.976378,
0.404941 2.312500 8.322835,
2.904941 2.312500 8.322835,
0.404941 4.812500 4.976378,
2.904941 4.812500 4.976378,
0.404941 4.812500 8.322835,
2.904941 4.812500 8.322835,
0.404941 2.312500 4.976378,
0.404941 4.812500 4.976378,
2.904941 2.312500 4.976378,
2.904941 4.812500 4.976378,
0.404941 2.312500 8.322835,
0.404941 4.812500 8.322835,
2.904941 2.312500 8.322835,
2.904941 4.812500 8.322835 ] } coordIndex [ 1 2 0 -1,
1 3 2 -1,
5 4 6 -1,
5 6 7 -1,
11 8 9 -1,
11 10 8 -1,
15 13 12 -1,
15 12 14 -1,
19 16 17 -1,
19 18 16 -1,
23 21 20 -1,
23 20 22 -1 ] solid TRUE creaseAngle 0.5 } }
# SMA_barrel_provisional
Shape { appearance Appearance { material Material { diffuseColor 0.78 0.58 0.16 } } geometry IndexedFaceSet { coord Coordinate { point [ -2.744665 3.562500 5.399606,
-2.744665 3.469087 5.403102,
-2.744665 3.376197 5.413568,
-2.744665 3.284349 5.430946,
-2.744665 3.194056 5.455140,
-2.744665 3.105824 5.486014,
-2.744665 3.020145 5.523395,
-2.744665 2.937500 5.567075,
-2.744665 2.858350 5.616808,
-2.744665 2.783138 5.672317,
-2.744665 2.712284 5.733291,
-2.744665 2.646185 5.799390,
-2.744665 2.585211 5.870244,
-2.744665 2.529702 5.945456,
-2.744665 2.479968 6.024606,
-2.744665 2.436289 6.107252,
-2.744665 2.398908 6.192930,
-2.744665 2.368034 6.281162,
-2.744665 2.343840 6.371455,
-2.744665 2.326461 6.463303,
-2.744665 2.315995 6.556194,
-2.744665 2.312500 6.649606,
-2.744665 2.315995 6.743019,
-2.744665 2.326461 6.835909,
-2.744665 2.343840 6.927757,
-2.744665 2.368034 7.018050,
-2.744665 2.398908 7.106283,
-2.744665 2.436289 7.191961,
-2.744665 2.479968 7.274606,
-2.744665 2.529702 7.353756,
-2.744665 2.585211 7.428969,
-2.744665 2.646185 7.499822,
-2.744665 2.712284 7.565921,
-2.744665 2.783138 7.626896,
-2.744665 2.858350 7.682405,
-2.744665 2.937500 7.732138,
-2.744665 3.020145 7.775817,
-2.744665 3.105824 7.813198,
-2.744665 3.194056 7.844072,
-2.744665 3.284349 7.868266,
-2.744665 3.376197 7.885645,
-2.744665 3.469087 7.896111,
-2.744665 3.562500 7.899606,
-2.744665 3.655913 7.896111,
-2.744665 3.748803 7.885645,
-2.744665 3.840651 7.868266,
-2.744665 3.930944 7.844072,
-2.744665 4.019176 7.813198,
-2.744665 4.104855 7.775817,
-2.744665 4.187500 7.732138,
-2.744665 4.266650 7.682405,
-2.744665 4.341862 7.626896,
-2.744665 4.412716 7.565921,
-2.744665 4.478815 7.499822,
-2.744665 4.539789 7.428969,
-2.744665 4.595298 7.353756,
-2.744665 4.645032 7.274606,
-2.744665 4.688711 7.191961,
-2.744665 4.726092 7.106283,
-2.744665 4.756966 7.018050,
-2.744665 4.781160 6.927757,
-2.744665 4.798539 6.835909,
-2.744665 4.809005 6.743019,
-2.744665 4.812500 6.649606,
-2.744665 4.809005 6.556194,
-2.744665 4.798539 6.463303,
-2.744665 4.781160 6.371455,
-2.744665 4.756966 6.281162,
-2.744665 4.726092 6.192930,
-2.744665 4.688711 6.107252,
-2.744665 4.645032 6.024606,
-2.744665 4.595298 5.945456,
-2.744665 4.539789 5.870244,
-2.744665 4.478815 5.799390,
-2.744665 4.412716 5.733291,
-2.744665 4.341862 5.672317,
-2.744665 4.266650 5.616808,
-2.744665 4.187500 5.567075,
-2.744665 4.104855 5.523395,
-2.744665 4.019176 5.486014,
-2.744665 3.930944 5.455140,
-2.744665 3.840651 5.430946,
-2.744665 3.748803 5.413568,
-2.744665 3.655913 5.403102,
-2.744665 3.562500 5.399606,
0.404941 3.562500 5.399606,
0.404941 3.469087 5.403102,
0.404941 3.376197 5.413568,
0.404941 3.284349 5.430946,
0.404941 3.194056 5.455140,
0.404941 3.105824 5.486014,
0.404941 3.020145 5.523395,
0.404941 2.937500 5.567075,
0.404941 2.858350 5.616808,
0.404941 2.783138 5.672317,
0.404941 2.712284 5.733291,
0.404941 2.646185 5.799390,
0.404941 2.585211 5.870244,
0.404941 2.529702 5.945456,
0.404941 2.479968 6.024606,
0.404941 2.436289 6.107252,
0.404941 2.398908 6.192930,
0.404941 2.368034 6.281162,
0.404941 2.343840 6.371455,
0.404941 2.326461 6.463303,
0.404941 2.315995 6.556194,
0.404941 2.312500 6.649606,
0.404941 2.315995 6.743019,
0.404941 2.326461 6.835909,
0.404941 2.343840 6.927757,
0.404941 2.368034 7.018050,
0.404941 2.398908 7.106283,
0.404941 2.436289 7.191961,
0.404941 2.479968 7.274606,
0.404941 2.529702 7.353756,
0.404941 2.585211 7.428969,
0.404941 2.646185 7.499822,
0.404941 2.712284 7.565921,
0.404941 2.783138 7.626896,
0.404941 2.858350 7.682405,
0.404941 2.937500 7.732138,
0.404941 3.020145 7.775817,
0.404941 3.105824 7.813198,
0.404941 3.194056 7.844072,
0.404941 3.284349 7.868266,
0.404941 3.376197 7.885645,
0.404941 3.469087 7.896111,
0.404941 3.562500 7.899606,
0.404941 3.655913 7.896111,
0.404941 3.748803 7.885645,
0.404941 3.840651 7.868266,
0.404941 3.930944 7.844072,
0.404941 4.019176 7.813198,
0.404941 4.104855 7.775817,
0.404941 4.187500 7.732138,
0.404941 4.266650 7.682405,
0.404941 4.341862 7.626896,
0.404941 4.412716 7.565921,
0.404941 4.478815 7.499822,
0.404941 4.539789 7.428969,
0.404941 4.595298 7.353756,
0.404941 4.645032 7.274606,
0.404941 4.688711 7.191961,
0.404941 4.726092 7.106283,
0.404941 4.756966 7.018050,
0.404941 4.781160 6.927757,
0.404941 4.798539 6.835909,
0.404941 4.809005 6.743019,
0.404941 4.812500 6.649606,
0.404941 4.809005 6.556194,
0.404941 4.798539 6.463303,
0.404941 4.781160 6.371455,
0.404941 4.756966 6.281162,
0.404941 4.726092 6.192930,
0.404941 4.688711 6.107252,
0.404941 4.645032 6.024606,
0.404941 4.595298 5.945456,
0.404941 4.539789 5.870244,
0.404941 4.478815 5.799390,
0.404941 4.412716 5.733291,
0.404941 4.341862 5.672317,
0.404941 4.266650 5.616808,
0.404941 4.187500 5.567075,
0.404941 4.104855 5.523395,
0.404941 4.019176 5.486014,
0.404941 3.930944 5.455140,
0.404941 3.840651 5.430946,
0.404941 3.748803 5.413568,
0.404941 3.655913 5.403102,
0.404941 3.562500 5.399606,
-2.744665 3.562500 5.399606,
-2.744665 3.469087 5.403102,
-2.744665 3.376197 5.413568,
-2.744665 3.284349 5.430946,
-2.744665 3.194056 5.455140,
-2.744665 3.105824 5.486014,
-2.744665 3.020145 5.523395,
-2.744665 2.937500 5.567075,
-2.744665 2.858350 5.616808,
-2.744665 2.783138 5.672317,
-2.744665 2.712284 5.733291,
-2.744665 2.646185 5.799390,
-2.744665 2.585211 5.870244,
-2.744665 2.529702 5.945456,
-2.744665 2.479968 6.024606,
-2.744665 2.436289 6.107252,
-2.744665 2.398908 6.192930,
-2.744665 2.368034 6.281162,
-2.744665 2.343840 6.371455,
-2.744665 2.326461 6.463303,
-2.744665 2.315995 6.556194,
-2.744665 2.312500 6.649606,
-2.744665 2.315995 6.743019,
-2.744665 2.326461 6.835909,
-2.744665 2.343840 6.927757,
-2.744665 2.368034 7.018050,
-2.744665 2.398908 7.106283,
-2.744665 2.436289 7.191961,
-2.744665 2.479968 7.274606,
-2.744665 2.529702 7.353756,
-2.744665 2.585211 7.428969,
-2.744665 2.646185 7.499822,
-2.744665 2.712284 7.565921,
-2.744665 2.783138 7.626896,
-2.744665 2.858350 7.682405,
-2.744665 2.937500 7.732138,
-2.744665 3.020145 7.775817,
-2.744665 3.105824 7.813198,
-2.744665 3.194056 7.844072,
-2.744665 3.284349 7.868266,
-2.744665 3.376197 7.885645,
-2.744665 3.469087 7.896111,
-2.744665 3.562500 7.899606,
-2.744665 3.655913 7.896111,
-2.744665 3.748803 7.885645,
-2.744665 3.840651 7.868266,
-2.744665 3.930944 7.844072,
-2.744665 4.019176 7.813198,
-2.744665 4.104855 7.775817,
-2.744665 4.187500 7.732138,
-2.744665 4.266650 7.682405,
-2.744665 4.341862 7.626896,
-2.744665 4.412716 7.565921,
-2.744665 4.478815 7.499822,
-2.744665 4.539789 7.428969,
-2.744665 4.595298 7.353756,
-2.744665 4.645032 7.274606,
-2.744665 4.688711 7.191961,
-2.744665 4.726092 7.106283,
-2.744665 4.756966 7.018050,
-2.744665 4.781160 6.927757,
-2.744665 4.798539 6.835909,
-2.744665 4.809005 6.743019,
-2.744665 4.812500 6.649606,
-2.744665 4.809005 6.556194,
-2.744665 4.798539 6.463303,
-2.744665 4.781160 6.371455,
-2.744665 4.756966 6.281162,
-2.744665 4.726092 6.192930,
-2.744665 4.688711 6.107252,
-2.744665 4.645032 6.024606,
-2.744665 4.595298 5.945456,
-2.744665 4.539789 5.870244,
-2.744665 4.478815 5.799390,
-2.744665 4.412716 5.733291,
-2.744665 4.341862 5.672317,
-2.744665 4.266650 5.616808,
-2.744665 4.187500 5.567075,
-2.744665 4.104855 5.523395,
-2.744665 4.019176 5.486014,
-2.744665 3.930944 5.455140,
-2.744665 3.840651 5.430946,
-2.744665 3.748803 5.413568,
-2.744665 3.655913 5.403102,
-2.744665 3.562500 5.803150,
-2.744665 3.499244 5.805516,
-2.744665 3.436342 5.812604,
-2.744665 3.374146 5.824372,
-2.744665 3.313003 5.840755,
-2.744665 3.253255 5.861662,
-2.744665 3.195236 5.886975,
-2.744665 3.139272 5.916553,
-2.744665 3.085674 5.950231,
-2.744665 3.034743 5.987820,
-2.744665 2.986763 6.029110,
-2.744665 2.942003 6.073870,
-2.744665 2.900714 6.121849,
-2.744665 2.863125 6.172780,
-2.744665 2.829447 6.226378,
-2.744665 2.799869 6.282343,
-2.744665 2.774556 6.340361,
-2.744665 2.753649 6.400109,
-2.744665 2.737266 6.461252,
-2.744665 2.725498 6.523448,
-2.744665 2.718410 6.586351,
-2.744665 2.716043 6.649606,
-2.744665 2.718410 6.712862,
-2.744665 2.725498 6.775764,
-2.744665 2.737266 6.837961,
-2.744665 2.753649 6.899104,
-2.744665 2.774556 6.958852,
-2.744665 2.799869 7.016870,
-2.744665 2.829447 7.072835,
-2.744665 2.863125 7.126432,
-2.744665 2.900714 7.177363,
-2.744665 2.942003 7.225343,
-2.744665 2.986763 7.270103,
-2.744665 3.034743 7.311393,
-2.744665 3.085674 7.348982,
-2.744665 3.139272 7.382659,
-2.744665 3.195236 7.412237,
-2.744665 3.253255 7.437551,
-2.744665 3.313003 7.458457,
-2.744665 3.374146 7.474841,
-2.744665 3.436342 7.486609,
-2.744665 3.499244 7.493696,
-2.744665 3.562500 7.496063,
-2.744665 3.625756 7.493696,
-2.744665 3.688658 7.486609,
-2.744665 3.750854 7.474841,
-2.744665 3.811997 7.458457,
-2.744665 3.871745 7.437551,
-2.744665 3.929764 7.412237,
-2.744665 3.985728 7.382659,
-2.744665 4.039326 7.348982,
-2.744665 4.090257 7.311393,
-2.744665 4.138237 7.270103,
-2.744665 4.182997 7.225343,
-2.744665 4.224286 7.177363,
-2.744665 4.261875 7.126432,
-2.744665 4.295553 7.072835,
-2.744665 4.325131 7.016870,
-2.744665 4.350444 6.958852,
-2.744665 4.371351 6.899104,
-2.744665 4.387734 6.837961,
-2.744665 4.399502 6.775764,
-2.744665 4.406590 6.712862,
-2.744665 4.408957 6.649606,
-2.744665 4.406590 6.586351,
-2.744665 4.399502 6.523448,
-2.744665 4.387734 6.461252,
-2.744665 4.371351 6.400109,
-2.744665 4.350444 6.340361,
-2.744665 4.325131 6.282343,
-2.744665 4.295553 6.226378,
-2.744665 4.261875 6.172780,
-2.744665 4.224286 6.121849,
-2.744665 4.182997 6.073870,
-2.744665 4.138237 6.029110,
-2.744665 4.090257 5.987820,
-2.744665 4.039326 5.950231,
-2.744665 3.985728 5.916553,
-2.744665 3.929764 5.886975,
-2.744665 3.871745 5.861662,
-2.744665 3.811997 5.840755,
-2.744665 3.750854 5.824372,
-2.744665 3.688658 5.812604,
-2.744665 3.625756 5.805516,
0.404941 3.562500 5.399606,
0.404941 3.469087 5.403102,
0.404941 3.376197 5.413568,
0.404941 3.284349 5.430946,
0.404941 3.194056 5.455140,
0.404941 3.105824 5.486014,
0.404941 3.020145 5.523395,
0.404941 2.937500 5.567075,
0.404941 2.858350 5.616808,
0.404941 2.783138 5.672317,
0.404941 2.712284 5.733291,
0.404941 2.646185 5.799390,
0.404941 2.585211 5.870244,
0.404941 2.529702 5.945456,
0.404941 2.479968 6.024606,
0.404941 2.436289 6.107252,
0.404941 2.398908 6.192930,
0.404941 2.368034 6.281162,
0.404941 2.343840 6.371455,
0.404941 2.326461 6.463303,
0.404941 2.315995 6.556194,
0.404941 2.312500 6.649606,
0.404941 2.315995 6.743019,
0.404941 2.326461 6.835909,
0.404941 2.343840 6.927757,
0.404941 2.368034 7.018050,
0.404941 2.398908 7.106283,
0.404941 2.436289 7.191961,
0.404941 2.479968 7.274606,
0.404941 2.529702 7.353756,
0.404941 2.585211 7.428969,
0.404941 2.646185 7.499822,
0.404941 2.712284 7.565921,
0.404941 2.783138 7.626896,
0.404941 2.858350 7.682405,
0.404941 2.937500 7.732138,
0.404941 3.020145 7.775817,
0.404941 3.105824 7.813198,
0.404941 3.194056 7.844072,
0.404941 3.284349 7.868266,
0.404941 3.376197 7.885645,
0.404941 3.469087 7.896111,
0.404941 3.562500 7.899606,
0.404941 3.655913 7.896111,
0.404941 3.748803 7.885645,
0.404941 3.840651 7.868266,
0.404941 3.930944 7.844072,
0.404941 4.019176 7.813198,
0.404941 4.104855 7.775817,
0.404941 4.187500 7.732138,
0.404941 4.266650 7.682405,
0.404941 4.341862 7.626896,
0.404941 4.412716 7.565921,
0.404941 4.478815 7.499822,
0.404941 4.539789 7.428969,
0.404941 4.595298 7.353756,
0.404941 4.645032 7.274606,
0.404941 4.688711 7.191961,
0.404941 4.726092 7.106283,
0.404941 4.756966 7.018050,
0.404941 4.781160 6.927757,
0.404941 4.798539 6.835909,
0.404941 4.809005 6.743019,
0.404941 4.812500 6.649606,
0.404941 4.809005 6.556194,
0.404941 4.798539 6.463303,
0.404941 4.781160 6.371455,
0.404941 4.756966 6.281162,
0.404941 4.726092 6.192930,
0.404941 4.688711 6.107252,
0.404941 4.645032 6.024606,
0.404941 4.595298 5.945456,
0.404941 4.539789 5.870244,
0.404941 4.478815 5.799390,
0.404941 4.412716 5.733291,
0.404941 4.341862 5.672317,
0.404941 4.266650 5.616808,
0.404941 4.187500 5.567075,
0.404941 4.104855 5.523395,
0.404941 4.019176 5.486014,
0.404941 3.930944 5.455140,
0.404941 3.840651 5.430946,
0.404941 3.748803 5.413568,
0.404941 3.655913 5.403102,
0.404941 3.562500 5.803150,
0.404941 3.499244 5.805516,
0.404941 3.436342 5.812604,
0.404941 3.374146 5.824372,
0.404941 3.313003 5.840755,
0.404941 3.253255 5.861662,
0.404941 3.195236 5.886975,
0.404941 3.139272 5.916553,
0.404941 3.085674 5.950231,
0.404941 3.034743 5.987820,
0.404941 2.986763 6.029110,
0.404941 2.942003 6.073870,
0.404941 2.900714 6.121849,
0.404941 2.863125 6.172780,
0.404941 2.829447 6.226378,
0.404941 2.799869 6.282343,
0.404941 2.774556 6.340361,
0.404941 2.753649 6.400109,
0.404941 2.737266 6.461252,
0.404941 2.725498 6.523448,
0.404941 2.718410 6.586351,
0.404941 2.716043 6.649606,
0.404941 2.718410 6.712862,
0.404941 2.725498 6.775764,
0.404941 2.737266 6.837961,
0.404941 2.753649 6.899104,
0.404941 2.774556 6.958852,
0.404941 2.799869 7.016870,
0.404941 2.829447 7.072835,
0.404941 2.863125 7.126432,
0.404941 2.900714 7.177363,
0.404941 2.942003 7.225343,
0.404941 2.986763 7.270103,
0.404941 3.034743 7.311393,
0.404941 3.085674 7.348982,
0.404941 3.139272 7.382659,
0.404941 3.195236 7.412237,
0.404941 3.253255 7.437551,
0.404941 3.313003 7.458457,
0.404941 3.374146 7.474841,
0.404941 3.436342 7.486609,
0.404941 3.499244 7.493696,
0.404941 3.562500 7.496063,
0.404941 3.625756 7.493696,
0.404941 3.688658 7.486609,
0.404941 3.750854 7.474841,
0.404941 3.811997 7.458457,
0.404941 3.871745 7.437551,
0.404941 3.929764 7.412237,
0.404941 3.985728 7.382659,
0.404941 4.039326 7.348982,
0.404941 4.090257 7.311393,
0.404941 4.138237 7.270103,
0.404941 4.182997 7.225343,
0.404941 4.224286 7.177363,
0.404941 4.261875 7.126432,
0.404941 4.295553 7.072835,
0.404941 4.325131 7.016870,
0.404941 4.350444 6.958852,
0.404941 4.371351 6.899104,
0.404941 4.387734 6.837961,
0.404941 4.399502 6.775764,
0.404941 4.406590 6.712862,
0.404941 4.408957 6.649606,
0.404941 4.406590 6.586351,
0.404941 4.399502 6.523448,
0.404941 4.387734 6.461252,
0.404941 4.371351 6.400109,
0.404941 4.350444 6.340361,
0.404941 4.325131 6.282343,
0.404941 4.295553 6.226378,
0.404941 4.261875 6.172780,
0.404941 4.224286 6.121849,
0.404941 4.182997 6.073870,
0.404941 4.138237 6.029110,
0.404941 4.090257 5.987820,
0.404941 4.039326 5.950231,
0.404941 3.985728 5.916553,
0.404941 3.929764 5.886975,
0.404941 3.871745 5.861662,
0.404941 3.811997 5.840755,
0.404941 3.750854 5.824372,
0.404941 3.688658 5.812604,
0.404941 3.625756 5.805516,
-2.744665 3.562500 5.803150,
-2.744665 3.499244 5.805516,
-2.744665 3.436342 5.812604,
-2.744665 3.374146 5.824372,
-2.744665 3.313003 5.840755,
-2.744665 3.253255 5.861662,
-2.744665 3.195236 5.886975,
-2.744665 3.139272 5.916553,
-2.744665 3.085674 5.950231,
-2.744665 3.034743 5.987820,
-2.744665 2.986763 6.029110,
-2.744665 2.942003 6.073870,
-2.744665 2.900714 6.121849,
-2.744665 2.863125 6.172780,
-2.744665 2.829447 6.226378,
-2.744665 2.799869 6.282343,
-2.744665 2.774556 6.340361,
-2.744665 2.753649 6.400109,
-2.744665 2.737266 6.461252,
-2.744665 2.725498 6.523448,
-2.744665 2.718410 6.586351,
-2.744665 2.716043 6.649606,
-2.744665 2.718410 6.712862,
-2.744665 2.725498 6.775764,
-2.744665 2.737266 6.837961,
-2.744665 2.753649 6.899104,
-2.744665 2.774556 6.958852,
-2.744665 2.799869 7.016870,
-2.744665 2.829447 7.072835,
-2.744665 2.863125 7.126432,
-2.744665 2.900714 7.177363,
-2.744665 2.942003 7.225343,
-2.744665 2.986763 7.270103,
-2.744665 3.034743 7.311393,
-2.744665 3.085674 7.348982,
-2.744665 3.139272 7.382659,
-2.744665 3.195236 7.412237,
-2.744665 3.253255 7.437551,
-2.744665 3.313003 7.458457,
-2.744665 3.374146 7.474841,
-2.744665 3.436342 7.486609,
-2.744665 3.499244 7.493696,
-2.744665 3.562500 7.496063,
-2.744665 3.625756 7.493696,
-2.744665 3.688658 7.486609,
-2.744665 3.750854 7.474841,
-2.744665 3.811997 7.458457,
-2.744665 3.871745 7.437551,
-2.744665 3.929764 7.412237,
-2.744665 3.985728 7.382659,
-2.744665 4.039326 7.348982,
-2.744665 4.090257 7.311393,
-2.744665 4.138237 7.270103,
-2.744665 4.182997 7.225343,
-2.744665 4.224286 7.177363,
-2.744665 4.261875 7.126432,
-2.744665 4.295553 7.072835,
-2.744665 4.325131 7.016870,
-2.744665 4.350444 6.958852,
-2.744665 4.371351 6.899104,
-2.744665 4.387734 6.837961,
-2.744665 4.399502 6.775764,
-2.744665 4.406590 6.712862,
-2.744665 4.408957 6.649606,
-2.744665 4.406590 6.586351,
-2.744665 4.399502 6.523448,
-2.744665 4.387734 6.461252,
-2.744665 4.371351 6.400109,
-2.744665 4.350444 6.340361,
-2.744665 4.325131 6.282343,
-2.744665 4.295553 6.226378,
-2.744665 4.261875 6.172780,
-2.744665 4.224286 6.121849,
-2.744665 4.182997 6.073870,
-2.744665 4.138237 6.029110,
-2.744665 4.090257 5.987820,
-2.744665 4.039326 5.950231,
-2.744665 3.985728 5.916553,
-2.744665 3.929764 5.886975,
-2.744665 3.871745 5.861662,
-2.744665 3.811997 5.840755,
-2.744665 3.750854 5.824372,
-2.744665 3.688658 5.812604,
-2.744665 3.625756 5.805516,
-2.744665 3.562500 5.803150,
0.404941 3.562500 5.803150,
0.404941 3.499244 5.805516,
0.404941 3.436342 5.812604,
0.404941 3.374146 5.824372,
0.404941 3.313003 5.840755,
0.404941 3.253255 5.861662,
0.404941 3.195236 5.886975,
0.404941 3.139272 5.916553,
0.404941 3.085674 5.950231,
0.404941 3.034743 5.987820,
0.404941 2.986763 6.029110,
0.404941 2.942003 6.073870,
0.404941 2.900714 6.121849,
0.404941 2.863125 6.172780,
0.404941 2.829447 6.226378,
0.404941 2.799869 6.282343,
0.404941 2.774556 6.340361,
0.404941 2.753649 6.400109,
0.404941 2.737266 6.461252,
0.404941 2.725498 6.523448,
0.404941 2.718410 6.586351,
0.404941 2.716043 6.649606,
0.404941 2.718410 6.712862,
0.404941 2.725498 6.775764,
0.404941 2.737266 6.837961,
0.404941 2.753649 6.899104,
0.404941 2.774556 6.958852,
0.404941 2.799869 7.016870,
0.404941 2.829447 7.072835,
0.404941 2.863125 7.126432,
0.404941 2.900714 7.177363,
0.404941 2.942003 7.225343,
0.404941 2.986763 7.270103,
0.404941 3.034743 7.311393,
0.404941 3.085674 7.348982,
0.404941 3.139272 7.382659,
0.404941 3.195236 7.412237,
0.404941 3.253255 7.437551,
0.404941 3.313003 7.458457,
0.404941 3.374146 7.474841,
0.404941 3.436342 7.486609,
0.404941 3.499244 7.493696,
0.404941 3.562500 7.496063,
0.404941 3.625756 7.493696,
0.404941 3.688658 7.486609,
0.404941 3.750854 7.474841,
0.404941 3.811997 7.458457,
0.404941 3.871745 7.437551,
0.404941 3.929764 7.412237,
0.404941 3.985728 7.382659,
0.404941 4.039326 7.348982,
0.404941 4.090257 7.311393,
0.404941 4.138237 7.270103,
0.404941 4.182997 7.225343,
0.404941 4.224286 7.177363,
0.404941 4.261875 7.126432,
0.404941 4.295553 7.072835,
0.404941 4.325131 7.016870,
0.404941 4.350444 6.958852,
0.404941 4.371351 6.899104,
0.404941 4.387734 6.837961,
0.404941 4.399502 6.775764,
0.404941 4.406590 6.712862,
0.404941 4.408957 6.649606,
0.404941 4.406590 6.586351,
0.404941 4.399502 6.523448,
0.404941 4.387734 6.461252,
0.404941 4.371351 6.400109,
0.404941 4.350444 6.340361,
0.404941 4.325131 6.282343,
0.404941 4.295553 6.226378,
0.404941 4.261875 6.172780,
0.404941 4.224286 6.121849,
0.404941 4.182997 6.073870,
0.404941 4.138237 6.029110,
0.404941 4.090257 5.987820,
0.404941 4.039326 5.950231,
0.404941 3.985728 5.916553,
0.404941 3.929764 5.886975,
0.404941 3.871745 5.861662,
0.404941 3.811997 5.840755,
0.404941 3.750854 5.824372,
0.404941 3.688658 5.812604,
0.404941 3.625756 5.805516,
0.404941 3.562500 5.803150 ] } coordIndex [ 1 0 85 -1,
1 85 86 -1,
2 1 86 -1,
2 86 87 -1,
3 87 88 -1,
3 2 87 -1,
4 88 89 -1,
4 3 88 -1,
5 89 90 -1,
5 4 89 -1,
6 90 91 -1,
6 5 90 -1,
7 91 92 -1,
7 6 91 -1,
7 92 93 -1,
8 7 93 -1,
9 8 93 -1,
9 93 94 -1,
9 94 95 -1,
10 9 95 -1,
11 10 95 -1,
11 95 96 -1,
12 11 96 -1,
12 96 97 -1,
13 12 97 -1,
13 97 98 -1,
14 13 98 -1,
14 98 99 -1,
15 100 101 -1,
15 14 99 -1,
15 99 100 -1,
16 15 101 -1,
17 101 102 -1,
17 16 101 -1,
18 102 103 -1,
18 17 102 -1,
19 103 104 -1,
19 18 103 -1,
20 104 105 -1,
20 105 106 -1,
20 19 104 -1,
21 106 107 -1,
21 20 106 -1,
22 21 107 -1,
23 107 108 -1,
23 22 107 -1,
24 108 109 -1,
24 23 108 -1,
25 109 110 -1,
25 110 111 -1,
25 24 109 -1,
26 111 112 -1,
26 25 111 -1,
27 26 112 -1,
28 112 113 -1,
28 27 112 -1,
29 113 114 -1,
29 28 113 -1,
30 114 115 -1,
30 29 114 -1,
31 115 116 -1,
31 30 115 -1,
32 31 116 -1,
32 116 117 -1,
33 32 117 -1,
33 117 118 -1,
33 118 119 -1,
34 33 119 -1,
35 34 119 -1,
35 119 120 -1,
35 120 121 -1,
36 35 121 -1,
37 121 122 -1,
37 36 121 -1,
38 122 123 -1,
38 37 122 -1,
39 123 124 -1,
39 38 123 -1,
40 124 125 -1,
40 39 124 -1,
41 125 126 -1,
41 40 125 -1,
42 126 127 -1,
42 127 128 -1,
42 41 126 -1,
43 128 129 -1,
43 42 128 -1,
44 43 129 -1,
45 129 130 -1,
45 130 131 -1,
45 44 129 -1,
46 45 131 -1,
47 131 132 -1,
47 132 133 -1,
47 46 131 -1,
48 133 134 -1,
48 47 133 -1,
49 48 134 -1,
50 134 135 -1,
50 49 134 -1,
51 135 136 -1,
51 50 135 -1,
52 136 137 -1,
52 137 138 -1,
52 51 136 -1,
53 52 138 -1,
54 138 139 -1,
54 53 138 -1,
55 139 140 -1,
55 54 139 -1,
56 140 141 -1,
56 55 140 -1,
57 141 142 -1,
57 142 143 -1,
57 56 141 -1,
58 57 143 -1,
59 58 143 -1,
59 143 144 -1,
60 59 144 -1,
60 144 145 -1,
60 145 146 -1,
61 60 146 -1,
62 61 146 -1,
62 146 147 -1,
63 62 147 -1,
63 147 148 -1,
63 148 149 -1,
64 63 149 -1,
65 64 149 -1,
65 149 150 -1,
66 65 150 -1,
66 150 151 -1,
66 151 152 -1,
67 66 152 -1,
68 67 152 -1,
68 152 153 -1,
69 68 153 -1,
69 153 154 -1,
70 69 154 -1,
70 154 155 -1,
71 70 155 -1,
71 155 156 -1,
71 156 157 -1,
72 71 157 -1,
73 157 158 -1,
73 158 159 -1,
73 72 157 -1,
74 73 159 -1,
75 159 160 -1,
75 74 159 -1,
76 160 161 -1,
76 75 160 -1,
77 161 162 -1,
77 76 161 -1,
78 162 163 -1,
78 77 162 -1,
79 163 164 -1,
79 78 163 -1,
80 164 165 -1,
80 165 166 -1,
80 79 164 -1,
81 80 166 -1,
82 166 167 -1,
82 81 166 -1,
83 82 167 -1,
83 167 168 -1,
84 83 168 -1,
84 168 169 -1,
306 222 223 -1,
306 223 307 -1,
308 223 224 -1,
308 307 223 -1,
305 222 306 -1,
305 220 221 -1,
305 221 222 -1,
309 308 224 -1,
309 224 225 -1,
304 220 305 -1,
310 225 226 -1,
310 309 225 -1,
303 220 304 -1,
303 219 220 -1,
311 310 226 -1,
311 226 227 -1,
302 219 303 -1,
302 218 219 -1,
312 311 227 -1,
312 227 228 -1,
301 218 302 -1,
301 217 218 -1,
313 228 229 -1,
313 229 230 -1,
313 312 228 -1,
300 217 301 -1,
300 216 217 -1,
314 230 231 -1,
314 313 230 -1,
299 215 216 -1,
299 216 300 -1,
315 314 231 -1,
298 214 215 -1,
298 215 299 -1,
316 315 231 -1,
316 231 232 -1,
297 213 214 -1,
297 214 298 -1,
317 316 232 -1,
317 232 233 -1,
296 212 213 -1,
296 213 297 -1,
318 317 233 -1,
318 233 234 -1,
295 212 296 -1,
295 211 212 -1,
319 318 234 -1,
319 234 235 -1,
294 210 211 -1,
294 211 295 -1,
320 235 236 -1,
320 319 235 -1,
293 208 209 -1,
293 209 210 -1,
293 210 294 -1,
321 236 237 -1,
321 320 236 -1,
292 208 293 -1,
291 207 208 -1,
291 208 292 -1,
322 321 237 -1,
322 237 238 -1,
290 206 207 -1,
290 207 291 -1,
323 238 239 -1,
323 322 238 -1,
289 205 206 -1,
289 206 290 -1,
324 323 239 -1,
324 239 240 -1,
324 240 241 -1,
288 204 205 -1,
288 205 289 -1,
325 324 241 -1,
287 203 204 -1,
287 204 288 -1,
326 325 241 -1,
326 241 242 -1,
286 203 287 -1,
286 202 203 -1,
327 326 242 -1,
327 242 243 -1,
328 327 243 -1,
201 286 285 -1,
201 202 286 -1,
244 328 243 -1,
200 285 284 -1,
200 201 285 -1,
245 328 244 -1,
245 329 328 -1,
283 200 284 -1,
330 329 245 -1,
199 200 283 -1,
246 330 245 -1,
246 331 330 -1,
198 283 282 -1,
198 199 283 -1,
247 331 246 -1,
197 282 281 -1,
197 198 282 -1,
248 331 247 -1,
248 332 331 -1,
196 281 280 -1,
196 197 281 -1,
249 332 248 -1,
249 333 332 -1,
195 279 278 -1,
195 280 279 -1,
195 196 280 -1,
250 334 333 -1,
250 333 249 -1,
194 278 277 -1,
194 195 278 -1,
251 334 250 -1,
251 335 334 -1,
193 194 277 -1,
252 335 251 -1,
252 336 335 -1,
192 277 276 -1,
192 193 277 -1,
253 336 252 -1,
253 337 336 -1,
170 337 253 -1,
170 254 337 -1,
191 276 275 -1,
191 192 276 -1,
190 275 274 -1,
190 191 275 -1,
171 254 170 -1,
171 255 254 -1,
171 256 255 -1,
172 256 171 -1,
189 274 273 -1,
189 190 274 -1,
188 273 272 -1,
188 189 273 -1,
173 256 172 -1,
173 257 256 -1,
173 258 257 -1,
174 258 173 -1,
174 259 258 -1,
187 271 270 -1,
187 272 271 -1,
187 188 272 -1,
175 259 174 -1,
186 187 270 -1,
176 259 175 -1,
176 260 259 -1,
185 186 270 -1,
185 270 269 -1,
184 185 269 -1,
184 269 268 -1,
177 260 176 -1,
177 261 260 -1,
183 184 268 -1,
183 268 267 -1,
178 261 177 -1,
178 262 261 -1,
182 183 267 -1,
182 266 265 -1,
182 267 266 -1,
179 262 178 -1,
179 263 262 -1,
181 182 265 -1,
180 181 265 -1,
180 264 263 -1,
180 263 179 -1,
180 265 264 -1,
474 391 390 -1,
474 475 391 -1,
476 392 391 -1,
476 391 475 -1,
473 474 390 -1,
473 389 388 -1,
473 390 389 -1,
477 392 476 -1,
477 393 392 -1,
472 473 388 -1,
478 394 393 -1,
478 393 477 -1,
471 472 388 -1,
471 388 387 -1,
479 394 478 -1,
479 395 394 -1,
470 471 387 -1,
470 387 386 -1,
480 395 479 -1,
480 396 395 -1,
469 470 386 -1,
469 386 385 -1,
481 397 396 -1,
481 398 397 -1,
481 396 480 -1,
468 469 385 -1,
468 385 384 -1,
482 399 398 -1,
482 398 481 -1,
467 384 383 -1,
467 468 384 -1,
483 399 482 -1,
466 383 382 -1,
466 467 383 -1,
484 399 483 -1,
484 400 399 -1,
465 382 381 -1,
465 466 382 -1,
485 400 484 -1,
485 401 400 -1,
464 381 380 -1,
464 465 381 -1,
486 401 485 -1,
486 402 401 -1,
463 464 380 -1,
463 380 379 -1,
487 402 486 -1,
487 403 402 -1,
462 379 378 -1,
462 463 379 -1,
488 404 403 -1,
488 403 487 -1,
461 377 376 -1,
461 378 377 -1,
461 462 378 -1,
489 405 404 -1,
489 404 488 -1,
460 461 376 -1,
459 376 375 -1,
459 460 376 -1,
490 405 489 -1,
490 406 405 -1,
458 375 374 -1,
458 459 375 -1,
491 407 406 -1,
491 406 490 -1,
457 374 373 -1,
457 458 374 -1,
492 407 491 -1,
492 408 407 -1,
492 409 408 -1,
456 373 372 -1,
456 457 373 -1,
493 409 492 -1,
455 372 371 -1,
455 456 372 -1,
494 409 493 -1,
494 410 409 -1,
454 455 371 -1,
454 371 370 -1,
495 410 494 -1,
495 411 410 -1,
496 411 495 -1,
369 453 454 -1,
369 454 370 -1,
412 411 496 -1,
368 452 453 -1,
368 453 369 -1,
413 412 496 -1,
413 496 497 -1,
451 452 368 -1,
498 413 497 -1,
367 451 368 -1,
414 413 498 -1,
414 498 499 -1,
366 450 451 -1,
366 451 367 -1,
415 414 499 -1,
365 449 450 -1,
365 450 366 -1,
416 415 499 -1,
416 499 500 -1,
364 448 449 -1,
364 449 365 -1,
417 416 500 -1,
417 500 501 -1,
363 446 447 -1,
363 447 448 -1,
363 448 364 -1,
418 501 502 -1,
418 417 501 -1,
362 445 446 -1,
362 446 363 -1,
419 418 502 -1,
419 502 503 -1,
361 445 362 -1,
420 419 503 -1,
420 503 504 -1,
360 444 445 -1,
360 445 361 -1,
421 420 504 -1,
421 504 505 -1,
338 421 505 -1,
338 505 422 -1,
359 443 444 -1,
359 444 360 -1,
358 442 443 -1,
358 443 359 -1,
339 338 422 -1,
339 422 423 -1,
339 423 424 -1,
340 339 424 -1,
357 441 442 -1,
357 442 358 -1,
356 440 441 -1,
356 441 357 -1,
341 340 424 -1,
341 424 425 -1,
341 425 426 -1,
342 341 426 -1,
342 426 427 -1,
355 438 439 -1,
355 439 440 -1,
355 440 356 -1,
343 342 427 -1,
354 438 355 -1,
344 343 427 -1,
344 427 428 -1,
353 438 354 -1,
353 437 438 -1,
352 437 353 -1,
352 436 437 -1,
345 344 428 -1,
345 428 429 -1,
351 436 352 -1,
351 435 436 -1,
346 345 429 -1,
346 429 430 -1,
350 435 351 -1,
350 433 434 -1,
350 434 435 -1,
347 346 430 -1,
347 430 431 -1,
349 433 350 -1,
348 433 349 -1,
348 431 432 -1,
348 347 431 -1,
348 432 433 -1,
507 591 506 -1,
507 592 591 -1,
508 592 507 -1,
508 593 592 -1,
509 594 593 -1,
509 593 508 -1,
509 595 594 -1,
510 595 509 -1,
511 596 595 -1,
511 595 510 -1,
512 597 596 -1,
512 598 597 -1,
512 596 511 -1,
513 598 512 -1,
513 599 598 -1,
514 599 513 -1,
515 599 514 -1,
515 600 599 -1,
516 600 515 -1,
516 601 600 -1,
517 601 516 -1,
517 602 601 -1,
517 603 602 -1,
518 603 517 -1,
519 603 518 -1,
519 604 603 -1,
519 605 604 -1,
520 605 519 -1,
521 607 606 -1,
521 605 520 -1,
521 606 605 -1,
522 607 521 -1,
523 608 607 -1,
523 609 608 -1,
523 607 522 -1,
524 609 523 -1,
525 610 609 -1,
525 609 524 -1,
526 611 610 -1,
526 612 611 -1,
526 610 525 -1,
527 612 526 -1,
528 613 612 -1,
528 612 527 -1,
529 614 613 -1,
529 613 528 -1,
530 615 614 -1,
530 614 529 -1,
531 616 615 -1,
531 615 530 -1,
532 617 616 -1,
532 618 617 -1,
532 616 531 -1,
533 618 532 -1,
534 619 618 -1,
534 618 533 -1,
535 620 619 -1,
535 619 534 -1,
536 621 620 -1,
536 620 535 -1,
537 622 621 -1,
537 621 536 -1,
538 622 537 -1,
538 623 622 -1,
539 623 538 -1,
539 624 623 -1,
539 625 624 -1,
540 625 539 -1,
541 625 540 -1,
541 626 625 -1,
542 626 541 -1,
542 627 626 -1,
543 628 627 -1,
543 627 542 -1,
544 629 628 -1,
544 628 543 -1,
545 630 629 -1,
545 629 544 -1,
546 631 630 -1,
546 630 545 -1,
547 632 631 -1,
547 631 546 -1,
548 633 632 -1,
548 632 547 -1,
549 634 633 -1,
549 635 634 -1,
549 633 548 -1,
550 636 635 -1,
550 635 549 -1,
551 636 550 -1,
552 637 636 -1,
552 636 551 -1,
553 638 637 -1,
553 639 638 -1,
553 637 552 -1,
554 639 553 -1,
555 640 639 -1,
555 639 554 -1,
556 641 640 -1,
556 640 555 -1,
557 642 641 -1,
557 643 642 -1,
557 641 556 -1,
558 644 643 -1,
558 643 557 -1,
559 644 558 -1,
560 645 644 -1,
560 644 559 -1,
561 646 645 -1,
561 645 560 -1,
562 647 646 -1,
562 646 561 -1,
563 648 647 -1,
563 647 562 -1,
564 648 563 -1,
564 649 648 -1,
564 650 649 -1,
565 650 564 -1,
566 650 565 -1,
566 651 650 -1,
566 652 651 -1,
567 652 566 -1,
568 652 567 -1,
568 653 652 -1,
568 654 653 -1,
569 654 568 -1,
570 654 569 -1,
570 655 654 -1,
571 655 570 -1,
571 656 655 -1,
571 657 656 -1,
572 657 571 -1,
573 657 572 -1,
573 658 657 -1,
574 658 573 -1,
574 659 658 -1,
575 659 574 -1,
575 660 659 -1,
576 660 575 -1,
576 661 660 -1,
576 662 661 -1,
577 662 576 -1,
578 663 662 -1,
578 662 577 -1,
579 664 663 -1,
579 665 664 -1,
579 663 578 -1,
580 665 579 -1,
581 666 665 -1,
581 665 580 -1,
582 667 666 -1,
582 666 581 -1,
583 668 667 -1,
583 667 582 -1,
584 669 668 -1,
584 668 583 -1,
585 670 669 -1,
585 669 584 -1,
586 671 670 -1,
586 670 585 -1,
587 672 671 -1,
587 671 586 -1,
588 673 672 -1,
588 672 587 -1,
589 673 588 -1,
589 674 673 -1,
590 674 589 -1,
590 675 674 -1 ] solid TRUE creaseAngle 0.5 } }
# SMA_dielectric_provisional
Shape { appearance Appearance { material Material { diffuseColor 0.84 0.84 0.78 } } geometry IndexedFaceSet { coord Coordinate { point [ -2.744665 3.562500 5.842520,
-2.744665 3.502186 5.844776,
-2.744665 3.442210 5.851534,
-2.744665 3.382906 5.862755,
-2.744665 3.324607 5.878376,
-2.744665 3.267638 5.898311,
-2.744665 3.212318 5.922446,
-2.744665 3.158957 5.950649,
-2.744665 3.107852 5.982760,
-2.744665 3.059290 6.018601,
-2.744665 3.013542 6.057970,
-2.744665 2.970864 6.100648,
-2.744665 2.931494 6.146396,
-2.744665 2.895654 6.194958,
-2.744665 2.863542 6.246063,
-2.744665 2.835340 6.299425,
-2.744665 2.811204 6.354744,
-2.744665 2.791270 6.411713,
-2.744665 2.775649 6.470013,
-2.744665 2.764428 6.529316,
-2.744665 2.757670 6.589293,
-2.744665 2.755413 6.649606,
-2.744665 2.757670 6.709920,
-2.744665 2.764428 6.769896,
-2.744665 2.775649 6.829200,
-2.744665 2.791270 6.887499,
-2.744665 2.811204 6.944468,
-2.744665 2.835340 6.999788,
-2.744665 2.863542 7.053150,
-2.744665 2.895654 7.104254,
-2.744665 2.931494 7.152817,
-2.744665 2.970864 7.198565,
-2.744665 3.013542 7.241243,
-2.744665 3.059290 7.280612,
-2.744665 3.107852 7.316453,
-2.744665 3.158957 7.348564,
-2.744665 3.212318 7.376766,
-2.744665 3.267638 7.400902,
-2.744665 3.324607 7.420836,
-2.744665 3.382906 7.436458,
-2.744665 3.442210 7.447678,
-2.744665 3.502186 7.454436,
-2.744665 3.562500 7.456693,
-2.744665 3.622814 7.454436,
-2.744665 3.682790 7.447678,
-2.744665 3.742094 7.436458,
-2.744665 3.800393 7.420836,
-2.744665 3.857362 7.400902,
-2.744665 3.912682 7.376766,
-2.744665 3.966043 7.348564,
-2.744665 4.017148 7.316453,
-2.744665 4.065710 7.280612,
-2.744665 4.111458 7.241243,
-2.744665 4.154136 7.198565,
-2.744665 4.193506 7.152817,
-2.744665 4.229346 7.104254,
-2.744665 4.261458 7.053150,
-2.744665 4.289660 6.999788,
-2.744665 4.313796 6.944468,
-2.744665 4.333730 6.887499,
-2.744665 4.349351 6.829200,
-2.744665 4.360572 6.769896,
-2.744665 4.367330 6.709920,
-2.744665 4.369587 6.649606,
-2.744665 4.367330 6.589293,
-2.744665 4.360572 6.529316,
-2.744665 4.349351 6.470013,
-2.744665 4.333730 6.411713,
-2.744665 4.313796 6.354744,
-2.744665 4.289660 6.299425,
-2.744665 4.261458 6.246063,
-2.744665 4.229346 6.194958,
-2.744665 4.193506 6.146396,
-2.744665 4.154136 6.100648,
-2.744665 4.111458 6.057970,
-2.744665 4.065710 6.018601,
-2.744665 4.017148 5.982760,
-2.744665 3.966043 5.950649,
-2.744665 3.912682 5.922446,
-2.744665 3.857362 5.898311,
-2.744665 3.800393 5.878376,
-2.744665 3.742094 5.862755,
-2.744665 3.682790 5.851534,
-2.744665 3.622814 5.844776,
-2.744665 3.562500 5.842520,
-1.957264 3.562500 5.842520,
-1.957264 3.502186 5.844776,
-1.957264 3.442210 5.851534,
-1.957264 3.382906 5.862755,
-1.957264 3.324607 5.878376,
-1.957264 3.267638 5.898311,
-1.957264 3.212318 5.922446,
-1.957264 3.158957 5.950649,
-1.957264 3.107852 5.982760,
-1.957264 3.059290 6.018601,
-1.957264 3.013542 6.057970,
-1.957264 2.970864 6.100648,
-1.957264 2.931494 6.146396,
-1.957264 2.895654 6.194958,
-1.957264 2.863542 6.246063,
-1.957264 2.835340 6.299425,
-1.957264 2.811204 6.354744,
-1.957264 2.791270 6.411713,
-1.957264 2.775649 6.470013,
-1.957264 2.764428 6.529316,
-1.957264 2.757670 6.589293,
-1.957264 2.755413 6.649606,
-1.957264 2.757670 6.709920,
-1.957264 2.764428 6.769896,
-1.957264 2.775649 6.829200,
-1.957264 2.791270 6.887499,
-1.957264 2.811204 6.944468,
-1.957264 2.835340 6.999788,
-1.957264 2.863542 7.053150,
-1.957264 2.895654 7.104254,
-1.957264 2.931494 7.152817,
-1.957264 2.970864 7.198565,
-1.957264 3.013542 7.241243,
-1.957264 3.059290 7.280612,
-1.957264 3.107852 7.316453,
-1.957264 3.158957 7.348564,
-1.957264 3.212318 7.376766,
-1.957264 3.267638 7.400902,
-1.957264 3.324607 7.420836,
-1.957264 3.382906 7.436458,
-1.957264 3.442210 7.447678,
-1.957264 3.502186 7.454436,
-1.957264 3.562500 7.456693,
-1.957264 3.622814 7.454436,
-1.957264 3.682790 7.447678,
-1.957264 3.742094 7.436458,
-1.957264 3.800393 7.420836,
-1.957264 3.857362 7.400902,
-1.957264 3.912682 7.376766,
-1.957264 3.966043 7.348564,
-1.957264 4.017148 7.316453,
-1.957264 4.065710 7.280612,
-1.957264 4.111458 7.241243,
-1.957264 4.154136 7.198565,
-1.957264 4.193506 7.152817,
-1.957264 4.229346 7.104254,
-1.957264 4.261458 7.053150,
-1.957264 4.289660 6.999788,
-1.957264 4.313796 6.944468,
-1.957264 4.333730 6.887499,
-1.957264 4.349351 6.829200,
-1.957264 4.360572 6.769896,
-1.957264 4.367330 6.709920,
-1.957264 4.369587 6.649606,
-1.957264 4.367330 6.589293,
-1.957264 4.360572 6.529316,
-1.957264 4.349351 6.470013,
-1.957264 4.333730 6.411713,
-1.957264 4.313796 6.354744,
-1.957264 4.289660 6.299425,
-1.957264 4.261458 6.246063,
-1.957264 4.229346 6.194958,
-1.957264 4.193506 6.146396,
-1.957264 4.154136 6.100648,
-1.957264 4.111458 6.057970,
-1.957264 4.065710 6.018601,
-1.957264 4.017148 5.982760,
-1.957264 3.966043 5.950649,
-1.957264 3.912682 5.922446,
-1.957264 3.857362 5.898311,
-1.957264 3.800393 5.878376,
-1.957264 3.742094 5.862755,
-1.957264 3.682790 5.851534,
-1.957264 3.622814 5.844776,
-1.957264 3.562500 5.842520,
-2.744665 3.562500 5.842520,
-2.744665 3.502186 5.844776,
-2.744665 3.442210 5.851534,
-2.744665 3.382906 5.862755,
-2.744665 3.324607 5.878376,
-2.744665 3.267638 5.898311,
-2.744665 3.212318 5.922446,
-2.744665 3.158957 5.950649,
-2.744665 3.107852 5.982760,
-2.744665 3.059290 6.018601,
-2.744665 3.013542 6.057970,
-2.744665 2.970864 6.100648,
-2.744665 2.931494 6.146396,
-2.744665 2.895654 6.194958,
-2.744665 2.863542 6.246063,
-2.744665 2.835340 6.299425,
-2.744665 2.811204 6.354744,
-2.744665 2.791270 6.411713,
-2.744665 2.775649 6.470013,
-2.744665 2.764428 6.529316,
-2.744665 2.757670 6.589293,
-2.744665 2.755413 6.649606,
-2.744665 2.757670 6.709920,
-2.744665 2.764428 6.769896,
-2.744665 2.775649 6.829200,
-2.744665 2.791270 6.887499,
-2.744665 2.811204 6.944468,
-2.744665 2.835340 6.999788,
-2.744665 2.863542 7.053150,
-2.744665 2.895654 7.104254,
-2.744665 2.931494 7.152817,
-2.744665 2.970864 7.198565,
-2.744665 3.013542 7.241243,
-2.744665 3.059290 7.280612,
-2.744665 3.107852 7.316453,
-2.744665 3.158957 7.348564,
-2.744665 3.212318 7.376766,
-2.744665 3.267638 7.400902,
-2.744665 3.324607 7.420836,
-2.744665 3.382906 7.436458,
-2.744665 3.442210 7.447678,
-2.744665 3.502186 7.454436,
-2.744665 3.562500 7.456693,
-2.744665 3.622814 7.454436,
-2.744665 3.682790 7.447678,
-2.744665 3.742094 7.436458,
-2.744665 3.800393 7.420836,
-2.744665 3.857362 7.400902,
-2.744665 3.912682 7.376766,
-2.744665 3.966043 7.348564,
-2.744665 4.017148 7.316453,
-2.744665 4.065710 7.280612,
-2.744665 4.111458 7.241243,
-2.744665 4.154136 7.198565,
-2.744665 4.193506 7.152817,
-2.744665 4.229346 7.104254,
-2.744665 4.261458 7.053150,
-2.744665 4.289660 6.999788,
-2.744665 4.313796 6.944468,
-2.744665 4.333730 6.887499,
-2.744665 4.349351 6.829200,
-2.744665 4.360572 6.769896,
-2.744665 4.367330 6.709920,
-2.744665 4.369587 6.649606,
-2.744665 4.367330 6.589293,
-2.744665 4.360572 6.529316,
-2.744665 4.349351 6.470013,
-2.744665 4.333730 6.411713,
-2.744665 4.313796 6.354744,
-2.744665 4.289660 6.299425,
-2.744665 4.261458 6.246063,
-2.744665 4.229346 6.194958,
-2.744665 4.193506 6.146396,
-2.744665 4.154136 6.100648,
-2.744665 4.111458 6.057970,
-2.744665 4.065710 6.018601,
-2.744665 4.017148 5.982760,
-2.744665 3.966043 5.950649,
-2.744665 3.912682 5.922446,
-2.744665 3.857362 5.898311,
-2.744665 3.800393 5.878376,
-2.744665 3.742094 5.862755,
-2.744665 3.682790 5.851534,
-2.744665 3.622814 5.844776,
-2.744665 3.562500 6.433071,
-2.744665 3.546318 6.433676,
-2.744665 3.530227 6.435489,
-2.744665 3.514316 6.438500,
-2.744665 3.498675 6.442691,
-2.744665 3.483391 6.448039,
-2.744665 3.468549 6.454515,
-2.744665 3.454232 6.462081,
-2.744665 3.440521 6.470696,
-2.744665 3.427492 6.480312,
-2.744665 3.415219 6.490875,
-2.744665 3.403768 6.502325,
-2.744665 3.393206 6.514599,
-2.744665 3.383590 6.527628,
-2.744665 3.374975 6.541339,
-2.744665 3.367408 6.555655,
-2.744665 3.360933 6.570497,
-2.744665 3.355585 6.585781,
-2.744665 3.351394 6.601423,
-2.744665 3.348383 6.617333,
-2.744665 3.346570 6.633425,
-2.744665 3.345965 6.649606,
-2.744665 3.346570 6.665788,
-2.744665 3.348383 6.681879,
-2.744665 3.351394 6.697790,
-2.744665 3.355585 6.713431,
-2.744665 3.360933 6.728716,
-2.744665 3.367408 6.743558,
-2.744665 3.374975 6.757874,
-2.744665 3.383590 6.771585,
-2.744665 3.393206 6.784614,
-2.744665 3.403768 6.796888,
-2.744665 3.415219 6.808338,
-2.744665 3.427492 6.818901,
-2.744665 3.440521 6.828516,
-2.744665 3.454232 6.837131,
-2.744665 3.468549 6.844698,
-2.744665 3.483391 6.851173,
-2.744665 3.498675 6.856522,
-2.744665 3.514316 6.860713,
-2.744665 3.530227 6.863723,
-2.744665 3.546318 6.865536,
-2.744665 3.562500 6.866142,
-2.744665 3.578682 6.865536,
-2.744665 3.594773 6.863723,
-2.744665 3.610684 6.860713,
-2.744665 3.626325 6.856522,
-2.744665 3.641609 6.851173,
-2.744665 3.656451 6.844698,
-2.744665 3.670768 6.837131,
-2.744665 3.684479 6.828516,
-2.744665 3.697508 6.818901,
-2.744665 3.709781 6.808338,
-2.744665 3.721232 6.796888,
-2.744665 3.731794 6.784614,
-2.744665 3.741410 6.771585,
-2.744665 3.750025 6.757874,
-2.744665 3.757592 6.743558,
-2.744665 3.764067 6.728716,
-2.744665 3.769415 6.713431,
-2.744665 3.773606 6.697790,
-2.744665 3.776617 6.681879,
-2.744665 3.778430 6.665788,
-2.744665 3.779035 6.649606,
-2.744665 3.778430 6.633425,
-2.744665 3.776617 6.617333,
-2.744665 3.773606 6.601423,
-2.744665 3.769415 6.585781,
-2.744665 3.764067 6.570497,
-2.744665 3.757592 6.555655,
-2.744665 3.750025 6.541339,
-2.744665 3.741410 6.527628,
-2.744665 3.731794 6.514599,
-2.744665 3.721232 6.502325,
-2.744665 3.709781 6.490875,
-2.744665 3.697508 6.480312,
-2.744665 3.684479 6.470696,
-2.744665 3.670768 6.462081,
-2.744665 3.656451 6.454515,
-2.744665 3.641609 6.448039,
-2.744665 3.626325 6.442691,
-2.744665 3.610684 6.438500,
-2.744665 3.594773 6.435489,
-2.744665 3.578682 6.433676,
-1.957264 3.562500 5.842520,
-1.957264 3.502186 5.844776,
-1.957264 3.442210 5.851534,
-1.957264 3.382906 5.862755,
-1.957264 3.324607 5.878376,
-1.957264 3.267638 5.898311,
-1.957264 3.212318 5.922446,
-1.957264 3.158957 5.950649,
-1.957264 3.107852 5.982760,
-1.957264 3.059290 6.018601,
-1.957264 3.013542 6.057970,
-1.957264 2.970864 6.100648,
-1.957264 2.931494 6.146396,
-1.957264 2.895654 6.194958,
-1.957264 2.863542 6.246063,
-1.957264 2.835340 6.299425,
-1.957264 2.811204 6.354744,
-1.957264 2.791270 6.411713,
-1.957264 2.775649 6.470013,
-1.957264 2.764428 6.529316,
-1.957264 2.757670 6.589293,
-1.957264 2.755413 6.649606,
-1.957264 2.757670 6.709920,
-1.957264 2.764428 6.769896,
-1.957264 2.775649 6.829200,
-1.957264 2.791270 6.887499,
-1.957264 2.811204 6.944468,
-1.957264 2.835340 6.999788,
-1.957264 2.863542 7.053150,
-1.957264 2.895654 7.104254,
-1.957264 2.931494 7.152817,
-1.957264 2.970864 7.198565,
-1.957264 3.013542 7.241243,
-1.957264 3.059290 7.280612,
-1.957264 3.107852 7.316453,
-1.957264 3.158957 7.348564,
-1.957264 3.212318 7.376766,
-1.957264 3.267638 7.400902,
-1.957264 3.324607 7.420836,
-1.957264 3.382906 7.436458,
-1.957264 3.442210 7.447678,
-1.957264 3.502186 7.454436,
-1.957264 3.562500 7.456693,
-1.957264 3.622814 7.454436,
-1.957264 3.682790 7.447678,
-1.957264 3.742094 7.436458,
-1.957264 3.800393 7.420836,
-1.957264 3.857362 7.400902,
-1.957264 3.912682 7.376766,
-1.957264 3.966043 7.348564,
-1.957264 4.017148 7.316453,
-1.957264 4.065710 7.280612,
-1.957264 4.111458 7.241243,
-1.957264 4.154136 7.198565,
-1.957264 4.193506 7.152817,
-1.957264 4.229346 7.104254,
-1.957264 4.261458 7.053150,
-1.957264 4.289660 6.999788,
-1.957264 4.313796 6.944468,
-1.957264 4.333730 6.887499,
-1.957264 4.349351 6.829200,
-1.957264 4.360572 6.769896,
-1.957264 4.367330 6.709920,
-1.957264 4.369587 6.649606,
-1.957264 4.367330 6.589293,
-1.957264 4.360572 6.529316,
-1.957264 4.349351 6.470013,
-1.957264 4.333730 6.411713,
-1.957264 4.313796 6.354744,
-1.957264 4.289660 6.299425,
-1.957264 4.261458 6.246063,
-1.957264 4.229346 6.194958,
-1.957264 4.193506 6.146396,
-1.957264 4.154136 6.100648,
-1.957264 4.111458 6.057970,
-1.957264 4.065710 6.018601,
-1.957264 4.017148 5.982760,
-1.957264 3.966043 5.950649,
-1.957264 3.912682 5.922446,
-1.957264 3.857362 5.898311,
-1.957264 3.800393 5.878376,
-1.957264 3.742094 5.862755,
-1.957264 3.682790 5.851534,
-1.957264 3.622814 5.844776,
-1.957264 3.562500 6.433071,
-1.957264 3.546318 6.433676,
-1.957264 3.530227 6.435489,
-1.957264 3.514316 6.438500,
-1.957264 3.498675 6.442691,
-1.957264 3.483391 6.448039,
-1.957264 3.468549 6.454515,
-1.957264 3.454232 6.462081,
-1.957264 3.440521 6.470696,
-1.957264 3.427492 6.480312,
-1.957264 3.415219 6.490875,
-1.957264 3.403768 6.502325,
-1.957264 3.393206 6.514599,
-1.957264 3.383590 6.527628,
-1.957264 3.374975 6.541339,
-1.957264 3.367408 6.555655,
-1.957264 3.360933 6.570497,
-1.957264 3.355585 6.585781,
-1.957264 3.351394 6.601423,
-1.957264 3.348383 6.617333,
-1.957264 3.346570 6.633425,
-1.957264 3.345965 6.649606,
-1.957264 3.346570 6.665788,
-1.957264 3.348383 6.681879,
-1.957264 3.351394 6.697790,
-1.957264 3.355585 6.713431,
-1.957264 3.360933 6.728716,
-1.957264 3.367408 6.743558,
-1.957264 3.374975 6.757874,
-1.957264 3.383590 6.771585,
-1.957264 3.393206 6.784614,
-1.957264 3.403768 6.796888,
-1.957264 3.415219 6.808338,
-1.957264 3.427492 6.818901,
-1.957264 3.440521 6.828516,
-1.957264 3.454232 6.837131,
-1.957264 3.468549 6.844698,
-1.957264 3.483391 6.851173,
-1.957264 3.498675 6.856522,
-1.957264 3.514316 6.860713,
-1.957264 3.530227 6.863723,
-1.957264 3.546318 6.865536,
-1.957264 3.562500 6.866142,
-1.957264 3.578682 6.865536,
-1.957264 3.594773 6.863723,
-1.957264 3.610684 6.860713,
-1.957264 3.626325 6.856522,
-1.957264 3.641609 6.851173,
-1.957264 3.656451 6.844698,
-1.957264 3.670768 6.837131,
-1.957264 3.684479 6.828516,
-1.957264 3.697508 6.818901,
-1.957264 3.709781 6.808338,
-1.957264 3.721232 6.796888,
-1.957264 3.731794 6.784614,
-1.957264 3.741410 6.771585,
-1.957264 3.750025 6.757874,
-1.957264 3.757592 6.743558,
-1.957264 3.764067 6.728716,
-1.957264 3.769415 6.713431,
-1.957264 3.773606 6.697790,
-1.957264 3.776617 6.681879,
-1.957264 3.778430 6.665788,
-1.957264 3.779035 6.649606,
-1.957264 3.778430 6.633425,
-1.957264 3.776617 6.617333,
-1.957264 3.773606 6.601423,
-1.957264 3.769415 6.585781,
-1.957264 3.764067 6.570497,
-1.957264 3.757592 6.555655,
-1.957264 3.750025 6.541339,
-1.957264 3.741410 6.527628,
-1.957264 3.731794 6.514599,
-1.957264 3.721232 6.502325,
-1.957264 3.709781 6.490875,
-1.957264 3.697508 6.480312,
-1.957264 3.684479 6.470696,
-1.957264 3.670768 6.462081,
-1.957264 3.656451 6.454515,
-1.957264 3.641609 6.448039,
-1.957264 3.626325 6.442691,
-1.957264 3.610684 6.438500,
-1.957264 3.594773 6.435489,
-1.957264 3.578682 6.433676,
-2.744665 3.562500 6.433071,
-2.744665 3.546318 6.433676,
-2.744665 3.530227 6.435489,
-2.744665 3.514316 6.438500,
-2.744665 3.498675 6.442691,
-2.744665 3.483391 6.448039,
-2.744665 3.468549 6.454515,
-2.744665 3.454232 6.462081,
-2.744665 3.440521 6.470696,
-2.744665 3.427492 6.480312,
-2.744665 3.415219 6.490875,
-2.744665 3.403768 6.502325,
-2.744665 3.393206 6.514599,
-2.744665 3.383590 6.527628,
-2.744665 3.374975 6.541339,
-2.744665 3.367408 6.555655,
-2.744665 3.360933 6.570497,
-2.744665 3.355585 6.585781,
-2.744665 3.351394 6.601423,
-2.744665 3.348383 6.617333,
-2.744665 3.346570 6.633425,
-2.744665 3.345965 6.649606,
-2.744665 3.346570 6.665788,
-2.744665 3.348383 6.681879,
-2.744665 3.351394 6.697790,
-2.744665 3.355585 6.713431,
-2.744665 3.360933 6.728716,
-2.744665 3.367408 6.743558,
-2.744665 3.374975 6.757874,
-2.744665 3.383590 6.771585,
-2.744665 3.393206 6.784614,
-2.744665 3.403768 6.796888,
-2.744665 3.415219 6.808338,
-2.744665 3.427492 6.818901,
-2.744665 3.440521 6.828516,
-2.744665 3.454232 6.837131,
-2.744665 3.468549 6.844698,
-2.744665 3.483391 6.851173,
-2.744665 3.498675 6.856522,
-2.744665 3.514316 6.860713,
-2.744665 3.530227 6.863723,
-2.744665 3.546318 6.865536,
-2.744665 3.562500 6.866142,
-2.744665 3.578682 6.865536,
-2.744665 3.594773 6.863723,
-2.744665 3.610684 6.860713,
-2.744665 3.626325 6.856522,
-2.744665 3.641609 6.851173,
-2.744665 3.656451 6.844698,
-2.744665 3.670768 6.837131,
-2.744665 3.684479 6.828516,
-2.744665 3.697508 6.818901,
-2.744665 3.709781 6.808338,
-2.744665 3.721232 6.796888,
-2.744665 3.731794 6.784614,
-2.744665 3.741410 6.771585,
-2.744665 3.750025 6.757874,
-2.744665 3.757592 6.743558,
-2.744665 3.764067 6.728716,
-2.744665 3.769415 6.713431,
-2.744665 3.773606 6.697790,
-2.744665 3.776617 6.681879,
-2.744665 3.778430 6.665788,
-2.744665 3.779035 6.649606,
-2.744665 3.778430 6.633425,
-2.744665 3.776617 6.617333,
-2.744665 3.773606 6.601423,
-2.744665 3.769415 6.585781,
-2.744665 3.764067 6.570497,
-2.744665 3.757592 6.555655,
-2.744665 3.750025 6.541339,
-2.744665 3.741410 6.527628,
-2.744665 3.731794 6.514599,
-2.744665 3.721232 6.502325,
-2.744665 3.709781 6.490875,
-2.744665 3.697508 6.480312,
-2.744665 3.684479 6.470696,
-2.744665 3.670768 6.462081,
-2.744665 3.656451 6.454515,
-2.744665 3.641609 6.448039,
-2.744665 3.626325 6.442691,
-2.744665 3.610684 6.438500,
-2.744665 3.594773 6.435489,
-2.744665 3.578682 6.433676,
-2.744665 3.562500 6.433071,
-1.957264 3.562500 6.433071,
-1.957264 3.546318 6.433676,
-1.957264 3.530227 6.435489,
-1.957264 3.514316 6.438500,
-1.957264 3.498675 6.442691,
-1.957264 3.483391 6.448039,
-1.957264 3.468549 6.454515,
-1.957264 3.454232 6.462081,
-1.957264 3.440521 6.470696,
-1.957264 3.427492 6.480312,
-1.957264 3.415219 6.490875,
-1.957264 3.403768 6.502325,
-1.957264 3.393206 6.514599,
-1.957264 3.383590 6.527628,
-1.957264 3.374975 6.541339,
-1.957264 3.367408 6.555655,
-1.957264 3.360933 6.570497,
-1.957264 3.355585 6.585781,
-1.957264 3.351394 6.601423,
-1.957264 3.348383 6.617333,
-1.957264 3.346570 6.633425,
-1.957264 3.345965 6.649606,
-1.957264 3.346570 6.665788,
-1.957264 3.348383 6.681879,
-1.957264 3.351394 6.697790,
-1.957264 3.355585 6.713431,
-1.957264 3.360933 6.728716,
-1.957264 3.367408 6.743558,
-1.957264 3.374975 6.757874,
-1.957264 3.383590 6.771585,
-1.957264 3.393206 6.784614,
-1.957264 3.403768 6.796888,
-1.957264 3.415219 6.808338,
-1.957264 3.427492 6.818901,
-1.957264 3.440521 6.828516,
-1.957264 3.454232 6.837131,
-1.957264 3.468549 6.844698,
-1.957264 3.483391 6.851173,
-1.957264 3.498675 6.856522,
-1.957264 3.514316 6.860713,
-1.957264 3.530227 6.863723,
-1.957264 3.546318 6.865536,
-1.957264 3.562500 6.866142,
-1.957264 3.578682 6.865536,
-1.957264 3.594773 6.863723,
-1.957264 3.610684 6.860713,
-1.957264 3.626325 6.856522,
-1.957264 3.641609 6.851173,
-1.957264 3.656451 6.844698,
-1.957264 3.670768 6.837131,
-1.957264 3.684479 6.828516,
-1.957264 3.697508 6.818901,
-1.957264 3.709781 6.808338,
-1.957264 3.721232 6.796888,
-1.957264 3.731794 6.784614,
-1.957264 3.741410 6.771585,
-1.957264 3.750025 6.757874,
-1.957264 3.757592 6.743558,
-1.957264 3.764067 6.728716,
-1.957264 3.769415 6.713431,
-1.957264 3.773606 6.697790,
-1.957264 3.776617 6.681879,
-1.957264 3.778430 6.665788,
-1.957264 3.779035 6.649606,
-1.957264 3.778430 6.633425,
-1.957264 3.776617 6.617333,
-1.957264 3.773606 6.601423,
-1.957264 3.769415 6.585781,
-1.957264 3.764067 6.570497,
-1.957264 3.757592 6.555655,
-1.957264 3.750025 6.541339,
-1.957264 3.741410 6.527628,
-1.957264 3.731794 6.514599,
-1.957264 3.721232 6.502325,
-1.957264 3.709781 6.490875,
-1.957264 3.697508 6.480312,
-1.957264 3.684479 6.470696,
-1.957264 3.670768 6.462081,
-1.957264 3.656451 6.454515,
-1.957264 3.641609 6.448039,
-1.957264 3.626325 6.442691,
-1.957264 3.610684 6.438500,
-1.957264 3.594773 6.435489,
-1.957264 3.578682 6.433676,
-1.957264 3.562500 6.433071 ] } coordIndex [ 1 0 85 -1,
1 85 86 -1,
2 1 86 -1,
2 86 87 -1,
3 87 88 -1,
3 2 87 -1,
4 88 89 -1,
4 3 88 -1,
5 89 90 -1,
5 4 89 -1,
6 90 91 -1,
6 91 92 -1,
6 5 90 -1,
7 6 92 -1,
8 7 92 -1,
8 92 93 -1,
9 8 93 -1,
9 93 94 -1,
10 9 94 -1,
10 94 95 -1,
11 10 95 -1,
11 95 96 -1,
12 11 96 -1,
12 96 97 -1,
12 97 98 -1,
13 12 98 -1,
14 13 98 -1,
14 98 99 -1,
15 14 99 -1,
15 99 100 -1,
16 100 101 -1,
16 15 100 -1,
17 101 102 -1,
17 102 103 -1,
17 16 101 -1,
18 17 103 -1,
19 103 104 -1,
19 18 103 -1,
20 104 105 -1,
20 105 106 -1,
20 19 104 -1,
21 20 106 -1,
22 106 107 -1,
22 21 106 -1,
23 107 108 -1,
23 22 107 -1,
24 108 109 -1,
24 23 108 -1,
25 109 110 -1,
25 24 109 -1,
26 110 111 -1,
26 25 110 -1,
27 111 112 -1,
27 26 111 -1,
28 112 113 -1,
28 113 114 -1,
28 27 112 -1,
29 28 114 -1,
30 114 115 -1,
30 29 114 -1,
31 115 116 -1,
31 30 115 -1,
32 31 116 -1,
32 116 117 -1,
32 117 118 -1,
33 32 118 -1,
34 33 118 -1,
34 118 119 -1,
35 34 119 -1,
35 119 120 -1,
35 120 121 -1,
36 35 121 -1,
36 121 122 -1,
37 122 123 -1,
37 36 122 -1,
38 37 123 -1,
39 38 123 -1,
39 123 124 -1,
40 124 125 -1,
40 39 124 -1,
41 125 126 -1,
41 126 127 -1,
41 40 125 -1,
42 127 128 -1,
42 41 127 -1,
43 42 128 -1,
44 128 129 -1,
44 129 130 -1,
44 43 128 -1,
45 44 130 -1,
46 130 131 -1,
46 45 130 -1,
47 131 132 -1,
47 46 131 -1,
48 132 133 -1,
48 133 134 -1,
48 47 132 -1,
49 48 134 -1,
50 134 135 -1,
50 49 134 -1,
51 135 136 -1,
51 50 135 -1,
52 136 137 -1,
52 137 138 -1,
52 51 136 -1,
53 138 139 -1,
53 52 138 -1,
54 53 139 -1,
55 139 140 -1,
55 54 139 -1,
56 140 141 -1,
56 55 140 -1,
57 141 142 -1,
57 56 141 -1,
58 57 142 -1,
58 142 143 -1,
58 143 144 -1,
59 58 144 -1,
60 59 144 -1,
60 144 145 -1,
61 60 145 -1,
61 145 146 -1,
61 146 147 -1,
62 61 147 -1,
63 62 147 -1,
63 147 148 -1,
63 148 149 -1,
64 63 149 -1,
65 64 149 -1,
65 149 150 -1,
66 65 150 -1,
66 150 151 -1,
66 151 152 -1,
67 66 152 -1,
68 67 152 -1,
68 152 153 -1,
69 68 153 -1,
69 153 154 -1,
70 69 154 -1,
70 154 155 -1,
71 70 155 -1,
71 155 156 -1,
71 156 157 -1,
72 71 157 -1,
72 157 158 -1,
73 158 159 -1,
73 72 158 -1,
74 73 159 -1,
75 159 160 -1,
75 74 159 -1,
76 160 161 -1,
76 75 160 -1,
77 161 162 -1,
77 76 161 -1,
78 162 163 -1,
78 163 164 -1,
78 77 162 -1,
79 78 164 -1,
80 164 165 -1,
80 165 166 -1,
80 79 164 -1,
81 80 166 -1,
82 166 167 -1,
82 81 166 -1,
83 82 167 -1,
83 167 168 -1,
84 83 168 -1,
84 168 169 -1,
306 223 307 -1,
306 222 223 -1,
308 307 223 -1,
308 223 224 -1,
305 222 306 -1,
305 221 222 -1,
309 308 224 -1,
309 224 225 -1,
304 221 305 -1,
304 220 221 -1,
310 225 226 -1,
310 309 225 -1,
303 219 220 -1,
303 220 304 -1,
311 226 227 -1,
311 310 226 -1,
302 218 219 -1,
302 219 303 -1,
312 311 227 -1,
312 227 228 -1,
301 217 218 -1,
301 218 302 -1,
313 228 229 -1,
313 312 228 -1,
300 216 217 -1,
300 217 301 -1,
314 313 229 -1,
314 229 230 -1,
299 216 300 -1,
299 215 216 -1,
315 314 230 -1,
315 230 231 -1,
298 215 299 -1,
298 214 215 -1,
316 231 232 -1,
316 315 231 -1,
297 213 214 -1,
297 214 298 -1,
317 232 233 -1,
317 316 232 -1,
296 213 297 -1,
296 212 213 -1,
318 233 234 -1,
318 317 233 -1,
295 211 212 -1,
295 212 296 -1,
319 234 235 -1,
319 318 234 -1,
294 210 211 -1,
294 211 295 -1,
293 209 210 -1,
293 210 294 -1,
320 235 236 -1,
320 319 235 -1,
292 209 293 -1,
292 208 209 -1,
321 236 237 -1,
321 320 236 -1,
291 208 292 -1,
291 207 208 -1,
322 321 237 -1,
322 237 238 -1,
290 207 291 -1,
290 206 207 -1,
323 322 238 -1,
323 238 239 -1,
289 206 290 -1,
289 205 206 -1,
324 323 239 -1,
324 239 240 -1,
288 205 289 -1,
288 204 205 -1,
325 324 240 -1,
325 240 241 -1,
287 204 288 -1,
287 203 204 -1,
326 325 241 -1,
326 241 242 -1,
286 203 287 -1,
286 202 203 -1,
327 326 242 -1,
327 242 243 -1,
201 202 286 -1,
201 286 285 -1,
244 328 327 -1,
244 327 243 -1,
200 285 284 -1,
200 201 285 -1,
245 328 244 -1,
245 329 328 -1,
199 283 282 -1,
199 284 283 -1,
199 200 284 -1,
246 329 245 -1,
246 330 329 -1,
198 199 282 -1,
247 331 330 -1,
247 330 246 -1,
197 282 281 -1,
197 198 282 -1,
248 331 247 -1,
248 332 331 -1,
196 280 279 -1,
196 281 280 -1,
196 197 281 -1,
249 332 248 -1,
249 333 332 -1,
195 196 279 -1,
250 333 249 -1,
250 334 333 -1,
250 335 334 -1,
194 279 278 -1,
194 195 279 -1,
251 335 250 -1,
193 277 276 -1,
193 278 277 -1,
193 194 278 -1,
252 335 251 -1,
252 336 335 -1,
192 193 276 -1,
253 336 252 -1,
253 337 336 -1,
191 276 275 -1,
191 192 276 -1,
170 254 337 -1,
170 255 254 -1,
170 337 253 -1,
190 275 274 -1,
190 191 275 -1,
171 255 170 -1,
189 273 272 -1,
189 274 273 -1,
189 190 274 -1,
172 255 171 -1,
172 256 255 -1,
172 257 256 -1,
188 189 272 -1,
173 257 172 -1,
187 272 271 -1,
187 188 272 -1,
174 257 173 -1,
174 258 257 -1,
175 258 174 -1,
175 259 258 -1,
186 271 270 -1,
186 187 271 -1,
186 270 269 -1,
185 186 269 -1,
176 259 175 -1,
176 260 259 -1,
184 185 269 -1,
184 269 268 -1,
177 261 260 -1,
177 262 261 -1,
177 260 176 -1,
183 184 268 -1,
183 268 267 -1,
178 262 177 -1,
182 183 267 -1,
182 266 265 -1,
182 267 266 -1,
179 262 178 -1,
179 263 262 -1,
181 182 265 -1,
180 181 265 -1,
180 264 263 -1,
180 263 179 -1,
180 265 264 -1,
474 475 391 -1,
474 391 390 -1,
476 391 475 -1,
476 392 391 -1,
473 474 390 -1,
473 390 389 -1,
477 392 476 -1,
477 393 392 -1,
472 473 389 -1,
472 389 388 -1,
478 394 393 -1,
478 393 477 -1,
471 388 387 -1,
471 472 388 -1,
479 395 394 -1,
479 394 478 -1,
470 387 386 -1,
470 471 387 -1,
480 395 479 -1,
480 396 395 -1,
469 386 385 -1,
469 470 386 -1,
481 397 396 -1,
481 396 480 -1,
468 385 384 -1,
468 469 385 -1,
482 397 481 -1,
482 398 397 -1,
467 468 384 -1,
467 384 383 -1,
483 398 482 -1,
483 399 398 -1,
466 467 383 -1,
466 383 382 -1,
484 400 399 -1,
484 399 483 -1,
465 382 381 -1,
465 466 382 -1,
485 401 400 -1,
485 400 484 -1,
464 465 381 -1,
464 381 380 -1,
486 402 401 -1,
486 401 485 -1,
463 380 379 -1,
463 464 380 -1,
487 403 402 -1,
487 402 486 -1,
462 379 378 -1,
462 463 379 -1,
461 378 377 -1,
461 462 378 -1,
488 404 403 -1,
488 403 487 -1,
460 461 377 -1,
460 377 376 -1,
489 405 404 -1,
489 404 488 -1,
459 460 376 -1,
459 376 375 -1,
490 405 489 -1,
490 406 405 -1,
458 459 375 -1,
458 375 374 -1,
491 406 490 -1,
491 407 406 -1,
457 458 374 -1,
457 374 373 -1,
492 407 491 -1,
492 408 407 -1,
456 457 373 -1,
456 373 372 -1,
493 408 492 -1,
493 409 408 -1,
455 456 372 -1,
455 372 371 -1,
494 409 493 -1,
494 410 409 -1,
454 455 371 -1,
454 371 370 -1,
495 410 494 -1,
495 411 410 -1,
369 454 370 -1,
369 453 454 -1,
412 495 496 -1,
412 411 495 -1,
368 452 453 -1,
368 453 369 -1,
413 412 496 -1,
413 496 497 -1,
367 450 451 -1,
367 451 452 -1,
367 452 368 -1,
414 413 497 -1,
414 497 498 -1,
366 450 367 -1,
415 498 499 -1,
415 414 498 -1,
365 449 450 -1,
365 450 366 -1,
416 415 499 -1,
416 499 500 -1,
364 447 448 -1,
364 448 449 -1,
364 449 365 -1,
417 416 500 -1,
417 500 501 -1,
363 447 364 -1,
418 417 501 -1,
418 501 502 -1,
418 502 503 -1,
362 446 447 -1,
362 447 363 -1,
419 418 503 -1,
361 444 445 -1,
361 445 446 -1,
361 446 362 -1,
420 419 503 -1,
420 503 504 -1,
360 444 361 -1,
421 420 504 -1,
421 504 505 -1,
359 443 444 -1,
359 444 360 -1,
338 505 422 -1,
338 422 423 -1,
338 421 505 -1,
358 442 443 -1,
358 443 359 -1,
339 338 423 -1,
357 440 441 -1,
357 441 442 -1,
357 442 358 -1,
340 339 423 -1,
340 423 424 -1,
340 424 425 -1,
356 440 357 -1,
341 340 425 -1,
355 439 440 -1,
355 440 356 -1,
342 341 425 -1,
342 425 426 -1,
343 342 426 -1,
343 426 427 -1,
354 438 439 -1,
354 439 355 -1,
354 437 438 -1,
353 437 354 -1,
344 343 427 -1,
344 427 428 -1,
352 437 353 -1,
352 436 437 -1,
345 428 429 -1,
345 429 430 -1,
345 344 428 -1,
351 436 352 -1,
351 435 436 -1,
346 345 430 -1,
350 435 351 -1,
350 433 434 -1,
350 434 435 -1,
347 346 430 -1,
347 430 431 -1,
349 433 350 -1,
348 433 349 -1,
348 431 432 -1,
348 347 431 -1,
348 432 433 -1,
507 591 506 -1,
507 592 591 -1,
508 592 507 -1,
508 593 592 -1,
509 594 593 -1,
509 593 508 -1,
510 595 594 -1,
510 594 509 -1,
511 596 595 -1,
511 595 510 -1,
512 597 596 -1,
512 596 511 -1,
513 598 597 -1,
513 597 512 -1,
513 599 598 -1,
514 599 513 -1,
515 599 514 -1,
515 600 599 -1,
515 601 600 -1,
516 601 515 -1,
517 601 516 -1,
517 602 601 -1,
518 602 517 -1,
518 603 602 -1,
519 603 518 -1,
519 604 603 -1,
520 604 519 -1,
520 605 604 -1,
521 607 606 -1,
521 605 520 -1,
521 606 605 -1,
522 607 521 -1,
523 608 607 -1,
523 607 522 -1,
524 609 608 -1,
524 608 523 -1,
525 610 609 -1,
525 609 524 -1,
526 611 610 -1,
526 612 611 -1,
526 610 525 -1,
527 613 612 -1,
527 612 526 -1,
528 613 527 -1,
529 614 613 -1,
529 613 528 -1,
530 615 614 -1,
530 614 529 -1,
531 616 615 -1,
531 617 616 -1,
531 615 530 -1,
532 618 617 -1,
532 617 531 -1,
533 618 532 -1,
534 619 618 -1,
534 618 533 -1,
535 620 619 -1,
535 619 534 -1,
536 621 620 -1,
536 620 535 -1,
537 622 621 -1,
537 621 536 -1,
538 622 537 -1,
538 623 622 -1,
539 623 538 -1,
539 624 623 -1,
539 625 624 -1,
540 625 539 -1,
541 625 540 -1,
541 626 625 -1,
541 627 626 -1,
542 627 541 -1,
543 628 627 -1,
543 627 542 -1,
544 629 628 -1,
544 628 543 -1,
545 630 629 -1,
545 629 544 -1,
546 631 630 -1,
546 630 545 -1,
547 632 631 -1,
547 631 546 -1,
548 633 632 -1,
548 634 633 -1,
548 632 547 -1,
549 635 634 -1,
549 634 548 -1,
550 635 549 -1,
551 636 635 -1,
551 637 636 -1,
551 635 550 -1,
552 637 551 -1,
553 638 637 -1,
553 639 638 -1,
553 637 552 -1,
554 640 639 -1,
554 639 553 -1,
555 640 554 -1,
556 641 640 -1,
556 640 555 -1,
557 642 641 -1,
557 641 556 -1,
558 643 642 -1,
558 644 643 -1,
558 642 557 -1,
559 644 558 -1,
560 645 644 -1,
560 644 559 -1,
561 646 645 -1,
561 645 560 -1,
562 647 646 -1,
562 646 561 -1,
563 648 647 -1,
563 649 648 -1,
563 647 562 -1,
564 649 563 -1,
565 649 564 -1,
565 650 649 -1,
566 650 565 -1,
566 651 650 -1,
566 652 651 -1,
567 652 566 -1,
568 652 567 -1,
568 653 652 -1,
569 653 568 -1,
569 654 653 -1,
569 655 654 -1,
570 655 569 -1,
571 655 570 -1,
571 656 655 -1,
572 656 571 -1,
572 657 656 -1,
572 658 657 -1,
573 658 572 -1,
574 658 573 -1,
574 659 658 -1,
575 659 574 -1,
575 660 659 -1,
576 660 575 -1,
576 661 660 -1,
577 661 576 -1,
577 662 661 -1,
577 663 662 -1,
578 663 577 -1,
579 664 663 -1,
579 665 664 -1,
579 663 578 -1,
580 665 579 -1,
581 666 665 -1,
581 665 580 -1,
582 667 666 -1,
582 666 581 -1,
583 668 667 -1,
583 667 582 -1,
584 669 668 -1,
584 668 583 -1,
585 670 669 -1,
585 669 584 -1,
586 671 670 -1,
586 672 671 -1,
586 670 585 -1,
587 672 586 -1,
588 673 672 -1,
588 672 587 -1,
589 673 588 -1,
589 674 673 -1,
590 674 589 -1,
590 675 674 -1 ] solid TRUE creaseAngle 0.5 } }
# SMA_thread_depiction_0
Shape { appearance Appearance { material Material { diffuseColor 0.78 0.58 0.16 } } geometry IndexedFaceSet { coord Coordinate { point [ -2.370650 3.562500 7.958661,
-2.370650 3.464674 7.955001,
-2.370650 3.367395 7.944040,
-2.370650 3.271208 7.925841,
-2.370650 3.176649 7.900504,
-2.370650 3.084248 7.868171,
-2.370650 2.994522 7.829024,
-2.370650 2.907972 7.783281,
-2.370650 2.825083 7.731198,
-2.370650 2.746317 7.673067,
-2.370650 2.672116 7.609212,
-2.370650 2.602895 7.539990,
-2.370650 2.539039 7.465789,
-2.370650 2.480908 7.387023,
-2.370650 2.428825 7.304134,
-2.370650 2.383082 7.217584,
-2.370650 2.343935 7.127858,
-2.370650 2.311603 7.035457,
-2.370650 2.286266 6.940898,
-2.370650 2.268066 6.844711,
-2.370650 2.257105 6.747432,
-2.370650 2.253445 6.649606,
-2.370650 2.257105 6.551780,
-2.370650 2.268066 6.454502,
-2.370650 2.286266 6.358314,
-2.370650 2.311603 6.263756,
-2.370650 2.343935 6.171355,
-2.370650 2.383082 6.081629,
-2.370650 2.428825 5.995079,
-2.370650 2.480908 5.912189,
-2.370650 2.539039 5.833424,
-2.370650 2.602895 5.759223,
-2.370650 2.672116 5.690001,
-2.370650 2.746317 5.626146,
-2.370650 2.825083 5.568014,
-2.370650 2.907972 5.515931,
-2.370650 2.994522 5.470188,
-2.370650 3.084248 5.431041,
-2.370650 3.176649 5.398709,
-2.370650 3.271208 5.373372,
-2.370650 3.367395 5.355172,
-2.370650 3.464674 5.344212,
-2.370650 3.562500 5.340551,
-2.370650 3.660326 5.344212,
-2.370650 3.757605 5.355172,
-2.370650 3.853792 5.373372,
-2.370650 3.948351 5.398709,
-2.370650 4.040752 5.431041,
-2.370650 4.130478 5.470188,
-2.370650 4.217028 5.515931,
-2.370650 4.299917 5.568014,
-2.370650 4.378683 5.626146,
-2.370650 4.452884 5.690001,
-2.370650 4.522105 5.759223,
-2.370650 4.585961 5.833424,
-2.370650 4.644092 5.912189,
-2.370650 4.696175 5.995079,
-2.370650 4.741918 6.081629,
-2.370650 4.781065 6.171355,
-2.370650 4.813397 6.263756,
-2.370650 4.838734 6.358314,
-2.370650 4.856934 6.454502,
-2.370650 4.867895 6.551780,
-2.370650 4.871555 6.649606,
-2.370650 4.867895 6.747432,
-2.370650 4.856934 6.844711,
-2.370650 4.838734 6.940898,
-2.370650 4.813397 7.035457,
-2.370650 4.781065 7.127858,
-2.370650 4.741918 7.217584,
-2.370650 4.696175 7.304134,
-2.370650 4.644092 7.387023,
-2.370650 4.585961 7.465789,
-2.370650 4.522105 7.539990,
-2.370650 4.452884 7.609212,
-2.370650 4.378683 7.673067,
-2.370650 4.299917 7.731198,
-2.370650 4.217028 7.783281,
-2.370650 4.130478 7.829024,
-2.370650 4.040752 7.868171,
-2.370650 3.948351 7.900504,
-2.370650 3.853792 7.925841,
-2.370650 3.757605 7.944040,
-2.370650 3.660326 7.955001,
-2.370650 3.562500 7.958661,
-2.469075 3.562500 7.958661,
-2.469075 3.464674 7.955001,
-2.469075 3.367395 7.944040,
-2.469075 3.271208 7.925841,
-2.469075 3.176649 7.900504,
-2.469075 3.084248 7.868171,
-2.469075 2.994522 7.829024,
-2.469075 2.907972 7.783281,
-2.469075 2.825083 7.731198,
-2.469075 2.746317 7.673067,
-2.469075 2.672116 7.609212,
-2.469075 2.602895 7.539990,
-2.469075 2.539039 7.465789,
-2.469075 2.480908 7.387023,
-2.469075 2.428825 7.304134,
-2.469075 2.383082 7.217584,
-2.469075 2.343935 7.127858,
-2.469075 2.311603 7.035457,
-2.469075 2.286266 6.940898,
-2.469075 2.268066 6.844711,
-2.469075 2.257105 6.747432,
-2.469075 2.253445 6.649606,
-2.469075 2.257105 6.551780,
-2.469075 2.268066 6.454502,
-2.469075 2.286266 6.358314,
-2.469075 2.311603 6.263756,
-2.469075 2.343935 6.171355,
-2.469075 2.383082 6.081629,
-2.469075 2.428825 5.995079,
-2.469075 2.480908 5.912189,
-2.469075 2.539039 5.833424,
-2.469075 2.602895 5.759223,
-2.469075 2.672116 5.690001,
-2.469075 2.746317 5.626146,
-2.469075 2.825083 5.568014,
-2.469075 2.907972 5.515931,
-2.469075 2.994522 5.470188,
-2.469075 3.084248 5.431041,
-2.469075 3.176649 5.398709,
-2.469075 3.271208 5.373372,
-2.469075 3.367395 5.355172,
-2.469075 3.464674 5.344212,
-2.469075 3.562500 5.340551,
-2.469075 3.660326 5.344212,
-2.469075 3.757605 5.355172,
-2.469075 3.853792 5.373372,
-2.469075 3.948351 5.398709,
-2.469075 4.040752 5.431041,
-2.469075 4.130478 5.470188,
-2.469075 4.217028 5.515931,
-2.469075 4.299917 5.568014,
-2.469075 4.378683 5.626146,
-2.469075 4.452884 5.690001,
-2.469075 4.522105 5.759223,
-2.469075 4.585961 5.833424,
-2.469075 4.644092 5.912189,
-2.469075 4.696175 5.995079,
-2.469075 4.741918 6.081629,
-2.469075 4.781065 6.171355,
-2.469075 4.813397 6.263756,
-2.469075 4.838734 6.358314,
-2.469075 4.856934 6.454502,
-2.469075 4.867895 6.551780,
-2.469075 4.871555 6.649606,
-2.469075 4.867895 6.747432,
-2.469075 4.856934 6.844711,
-2.469075 4.838734 6.940898,
-2.469075 4.813397 7.035457,
-2.469075 4.781065 7.127858,
-2.469075 4.741918 7.217584,
-2.469075 4.696175 7.304134,
-2.469075 4.644092 7.387023,
-2.469075 4.585961 7.465789,
-2.469075 4.522105 7.539990,
-2.469075 4.452884 7.609212,
-2.469075 4.378683 7.673067,
-2.469075 4.299917 7.731198,
-2.469075 4.217028 7.783281,
-2.469075 4.130478 7.829024,
-2.469075 4.040752 7.868171,
-2.469075 3.948351 7.900504,
-2.469075 3.853792 7.925841,
-2.469075 3.757605 7.944040,
-2.469075 3.660326 7.955001,
-2.469075 3.562500 7.958661,
-2.370650 3.562500 7.958661,
-2.370650 3.464674 7.955001,
-2.370650 3.367395 7.944040,
-2.370650 3.271208 7.925841,
-2.370650 3.176649 7.900504,
-2.370650 3.084248 7.868171,
-2.370650 2.994522 7.829024,
-2.370650 2.907972 7.783281,
-2.370650 2.825083 7.731198,
-2.370650 2.746317 7.673067,
-2.370650 2.672116 7.609212,
-2.370650 2.602895 7.539990,
-2.370650 2.539039 7.465789,
-2.370650 2.480908 7.387023,
-2.370650 2.428825 7.304134,
-2.370650 2.383082 7.217584,
-2.370650 2.343935 7.127858,
-2.370650 2.311603 7.035457,
-2.370650 2.286266 6.940898,
-2.370650 2.268066 6.844711,
-2.370650 2.257105 6.747432,
-2.370650 2.253445 6.649606,
-2.370650 2.257105 6.551780,
-2.370650 2.268066 6.454502,
-2.370650 2.286266 6.358314,
-2.370650 2.311603 6.263756,
-2.370650 2.343935 6.171355,
-2.370650 2.383082 6.081629,
-2.370650 2.428825 5.995079,
-2.370650 2.480908 5.912189,
-2.370650 2.539039 5.833424,
-2.370650 2.602895 5.759223,
-2.370650 2.672116 5.690001,
-2.370650 2.746317 5.626146,
-2.370650 2.825083 5.568014,
-2.370650 2.907972 5.515931,
-2.370650 2.994522 5.470188,
-2.370650 3.084248 5.431041,
-2.370650 3.176649 5.398709,
-2.370650 3.271208 5.373372,
-2.370650 3.367395 5.355172,
-2.370650 3.464674 5.344212,
-2.370650 3.562500 5.340551,
-2.370650 3.660326 5.344212,
-2.370650 3.757605 5.355172,
-2.370650 3.853792 5.373372,
-2.370650 3.948351 5.398709,
-2.370650 4.040752 5.431041,
-2.370650 4.130478 5.470188,
-2.370650 4.217028 5.515931,
-2.370650 4.299917 5.568014,
-2.370650 4.378683 5.626146,
-2.370650 4.452884 5.690001,
-2.370650 4.522105 5.759223,
-2.370650 4.585961 5.833424,
-2.370650 4.644092 5.912189,
-2.370650 4.696175 5.995079,
-2.370650 4.741918 6.081629,
-2.370650 4.781065 6.171355,
-2.370650 4.813397 6.263756,
-2.370650 4.838734 6.358314,
-2.370650 4.856934 6.454502,
-2.370650 4.867895 6.551780,
-2.370650 4.871555 6.649606,
-2.370650 4.867895 6.747432,
-2.370650 4.856934 6.844711,
-2.370650 4.838734 6.940898,
-2.370650 4.813397 7.035457,
-2.370650 4.781065 7.127858,
-2.370650 4.741918 7.217584,
-2.370650 4.696175 7.304134,
-2.370650 4.644092 7.387023,
-2.370650 4.585961 7.465789,
-2.370650 4.522105 7.539990,
-2.370650 4.452884 7.609212,
-2.370650 4.378683 7.673067,
-2.370650 4.299917 7.731198,
-2.370650 4.217028 7.783281,
-2.370650 4.130478 7.829024,
-2.370650 4.040752 7.868171,
-2.370650 3.948351 7.900504,
-2.370650 3.853792 7.925841,
-2.370650 3.757605 7.944040,
-2.370650 3.660326 7.955001,
-2.370650 3.562500 7.496063,
-2.370650 3.499244 7.493696,
-2.370650 3.436342 7.486609,
-2.370650 3.374146 7.474841,
-2.370650 3.313003 7.458457,
-2.370650 3.253255 7.437551,
-2.370650 3.195236 7.412237,
-2.370650 3.139272 7.382659,
-2.370650 3.085674 7.348982,
-2.370650 3.034743 7.311393,
-2.370650 2.986763 7.270103,
-2.370650 2.942003 7.225343,
-2.370650 2.900714 7.177363,
-2.370650 2.863125 7.126432,
-2.370650 2.829447 7.072835,
-2.370650 2.799869 7.016870,
-2.370650 2.774556 6.958852,
-2.370650 2.753649 6.899104,
-2.370650 2.737266 6.837961,
-2.370650 2.725498 6.775764,
-2.370650 2.718410 6.712862,
-2.370650 2.716043 6.649606,
-2.370650 2.718410 6.586351,
-2.370650 2.725498 6.523448,
-2.370650 2.737266 6.461252,
-2.370650 2.753649 6.400109,
-2.370650 2.774556 6.340361,
-2.370650 2.799869 6.282343,
-2.370650 2.829447 6.226378,
-2.370650 2.863125 6.172780,
-2.370650 2.900714 6.121849,
-2.370650 2.942003 6.073870,
-2.370650 2.986763 6.029110,
-2.370650 3.034743 5.987820,
-2.370650 3.085674 5.950231,
-2.370650 3.139272 5.916553,
-2.370650 3.195236 5.886975,
-2.370650 3.253255 5.861662,
-2.370650 3.313003 5.840755,
-2.370650 3.374146 5.824372,
-2.370650 3.436342 5.812604,
-2.370650 3.499244 5.805516,
-2.370650 3.562500 5.803150,
-2.370650 3.625756 5.805516,
-2.370650 3.688658 5.812604,
-2.370650 3.750854 5.824372,
-2.370650 3.811997 5.840755,
-2.370650 3.871745 5.861662,
-2.370650 3.929764 5.886975,
-2.370650 3.985728 5.916553,
-2.370650 4.039326 5.950231,
-2.370650 4.090257 5.987820,
-2.370650 4.138237 6.029110,
-2.370650 4.182997 6.073870,
-2.370650 4.224286 6.121849,
-2.370650 4.261875 6.172780,
-2.370650 4.295553 6.226378,
-2.370650 4.325131 6.282343,
-2.370650 4.350444 6.340361,
-2.370650 4.371351 6.400109,
-2.370650 4.387734 6.461252,
-2.370650 4.399502 6.523448,
-2.370650 4.406590 6.586351,
-2.370650 4.408957 6.649606,
-2.370650 4.406590 6.712862,
-2.370650 4.399502 6.775764,
-2.370650 4.387734 6.837961,
-2.370650 4.371351 6.899104,
-2.370650 4.350444 6.958852,
-2.370650 4.325131 7.016870,
-2.370650 4.295553 7.072835,
-2.370650 4.261875 7.126432,
-2.370650 4.224286 7.177363,
-2.370650 4.182997 7.225343,
-2.370650 4.138237 7.270103,
-2.370650 4.090257 7.311393,
-2.370650 4.039326 7.348982,
-2.370650 3.985728 7.382659,
-2.370650 3.929764 7.412237,
-2.370650 3.871745 7.437551,
-2.370650 3.811997 7.458457,
-2.370650 3.750854 7.474841,
-2.370650 3.688658 7.486609,
-2.370650 3.625756 7.493696,
-2.469075 3.562500 7.958661,
-2.469075 3.464674 7.955001,
-2.469075 3.367395 7.944040,
-2.469075 3.271208 7.925841,
-2.469075 3.176649 7.900504,
-2.469075 3.084248 7.868171,
-2.469075 2.994522 7.829024,
-2.469075 2.907972 7.783281,
-2.469075 2.825083 7.731198,
-2.469075 2.746317 7.673067,
-2.469075 2.672116 7.609212,
-2.469075 2.602895 7.539990,
-2.469075 2.539039 7.465789,
-2.469075 2.480908 7.387023,
-2.469075 2.428825 7.304134,
-2.469075 2.383082 7.217584,
-2.469075 2.343935 7.127858,
-2.469075 2.311603 7.035457,
-2.469075 2.286266 6.940898,
-2.469075 2.268066 6.844711,
-2.469075 2.257105 6.747432,
-2.469075 2.253445 6.649606,
-2.469075 2.257105 6.551780,
-2.469075 2.268066 6.454502,
-2.469075 2.286266 6.358314,
-2.469075 2.311603 6.263756,
-2.469075 2.343935 6.171355,
-2.469075 2.383082 6.081629,
-2.469075 2.428825 5.995079,
-2.469075 2.480908 5.912189,
-2.469075 2.539039 5.833424,
-2.469075 2.602895 5.759223,
-2.469075 2.672116 5.690001,
-2.469075 2.746317 5.626146,
-2.469075 2.825083 5.568014,
-2.469075 2.907972 5.515931,
-2.469075 2.994522 5.470188,
-2.469075 3.084248 5.431041,
-2.469075 3.176649 5.398709,
-2.469075 3.271208 5.373372,
-2.469075 3.367395 5.355172,
-2.469075 3.464674 5.344212,
-2.469075 3.562500 5.340551,
-2.469075 3.660326 5.344212,
-2.469075 3.757605 5.355172,
-2.469075 3.853792 5.373372,
-2.469075 3.948351 5.398709,
-2.469075 4.040752 5.431041,
-2.469075 4.130478 5.470188,
-2.469075 4.217028 5.515931,
-2.469075 4.299917 5.568014,
-2.469075 4.378683 5.626146,
-2.469075 4.452884 5.690001,
-2.469075 4.522105 5.759223,
-2.469075 4.585961 5.833424,
-2.469075 4.644092 5.912189,
-2.469075 4.696175 5.995079,
-2.469075 4.741918 6.081629,
-2.469075 4.781065 6.171355,
-2.469075 4.813397 6.263756,
-2.469075 4.838734 6.358314,
-2.469075 4.856934 6.454502,
-2.469075 4.867895 6.551780,
-2.469075 4.871555 6.649606,
-2.469075 4.867895 6.747432,
-2.469075 4.856934 6.844711,
-2.469075 4.838734 6.940898,
-2.469075 4.813397 7.035457,
-2.469075 4.781065 7.127858,
-2.469075 4.741918 7.217584,
-2.469075 4.696175 7.304134,
-2.469075 4.644092 7.387023,
-2.469075 4.585961 7.465789,
-2.469075 4.522105 7.539990,
-2.469075 4.452884 7.609212,
-2.469075 4.378683 7.673067,
-2.469075 4.299917 7.731198,
-2.469075 4.217028 7.783281,
-2.469075 4.130478 7.829024,
-2.469075 4.040752 7.868171,
-2.469075 3.948351 7.900504,
-2.469075 3.853792 7.925841,
-2.469075 3.757605 7.944040,
-2.469075 3.660326 7.955001,
-2.469075 3.562500 7.496063,
-2.469075 3.499244 7.493696,
-2.469075 3.436342 7.486609,
-2.469075 3.374146 7.474841,
-2.469075 3.313003 7.458457,
-2.469075 3.253255 7.437551,
-2.469075 3.195236 7.412237,
-2.469075 3.139272 7.382659,
-2.469075 3.085674 7.348982,
-2.469075 3.034743 7.311393,
-2.469075 2.986763 7.270103,
-2.469075 2.942003 7.225343,
-2.469075 2.900714 7.177363,
-2.469075 2.863125 7.126432,
-2.469075 2.829447 7.072835,
-2.469075 2.799869 7.016870,
-2.469075 2.774556 6.958852,
-2.469075 2.753649 6.899104,
-2.469075 2.737266 6.837961,
-2.469075 2.725498 6.775764,
-2.469075 2.718410 6.712862,
-2.469075 2.716043 6.649606,
-2.469075 2.718410 6.586351,
-2.469075 2.725498 6.523448,
-2.469075 2.737266 6.461252,
-2.469075 2.753649 6.400109,
-2.469075 2.774556 6.340361,
-2.469075 2.799869 6.282343,
-2.469075 2.829447 6.226378,
-2.469075 2.863125 6.172780,
-2.469075 2.900714 6.121849,
-2.469075 2.942003 6.073870,
-2.469075 2.986763 6.029110,
-2.469075 3.034743 5.987820,
-2.469075 3.085674 5.950231,
-2.469075 3.139272 5.916553,
-2.469075 3.195236 5.886975,
-2.469075 3.253255 5.861662,
-2.469075 3.313003 5.840755,
-2.469075 3.374146 5.824372,
-2.469075 3.436342 5.812604,
-2.469075 3.499244 5.805516,
-2.469075 3.562500 5.803150,
-2.469075 3.625756 5.805516,
-2.469075 3.688658 5.812604,
-2.469075 3.750854 5.824372,
-2.469075 3.811997 5.840755,
-2.469075 3.871745 5.861662,
-2.469075 3.929764 5.886975,
-2.469075 3.985728 5.916553,
-2.469075 4.039326 5.950231,
-2.469075 4.090257 5.987820,
-2.469075 4.138237 6.029110,
-2.469075 4.182997 6.073870,
-2.469075 4.224286 6.121849,
-2.469075 4.261875 6.172780,
-2.469075 4.295553 6.226378,
-2.469075 4.325131 6.282343,
-2.469075 4.350444 6.340361,
-2.469075 4.371351 6.400109,
-2.469075 4.387734 6.461252,
-2.469075 4.399502 6.523448,
-2.469075 4.406590 6.586351,
-2.469075 4.408957 6.649606,
-2.469075 4.406590 6.712862,
-2.469075 4.399502 6.775764,
-2.469075 4.387734 6.837961,
-2.469075 4.371351 6.899104,
-2.469075 4.350444 6.958852,
-2.469075 4.325131 7.016870,
-2.469075 4.295553 7.072835,
-2.469075 4.261875 7.126432,
-2.469075 4.224286 7.177363,
-2.469075 4.182997 7.225343,
-2.469075 4.138237 7.270103,
-2.469075 4.090257 7.311393,
-2.469075 4.039326 7.348982,
-2.469075 3.985728 7.382659,
-2.469075 3.929764 7.412237,
-2.469075 3.871745 7.437551,
-2.469075 3.811997 7.458457,
-2.469075 3.750854 7.474841,
-2.469075 3.688658 7.486609,
-2.469075 3.625756 7.493696,
-2.370650 3.562500 7.496063,
-2.370650 3.499244 7.493696,
-2.370650 3.436342 7.486609,
-2.370650 3.374146 7.474841,
-2.370650 3.313003 7.458457,
-2.370650 3.253255 7.437551,
-2.370650 3.195236 7.412237,
-2.370650 3.139272 7.382659,
-2.370650 3.085674 7.348982,
-2.370650 3.034743 7.311393,
-2.370650 2.986763 7.270103,
-2.370650 2.942003 7.225343,
-2.370650 2.900714 7.177363,
-2.370650 2.863125 7.126432,
-2.370650 2.829447 7.072835,
-2.370650 2.799869 7.016870,
-2.370650 2.774556 6.958852,
-2.370650 2.753649 6.899104,
-2.370650 2.737266 6.837961,
-2.370650 2.725498 6.775764,
-2.370650 2.718410 6.712862,
-2.370650 2.716043 6.649606,
-2.370650 2.718410 6.586351,
-2.370650 2.725498 6.523448,
-2.370650 2.737266 6.461252,
-2.370650 2.753649 6.400109,
-2.370650 2.774556 6.340361,
-2.370650 2.799869 6.282343,
-2.370650 2.829447 6.226378,
-2.370650 2.863125 6.172780,
-2.370650 2.900714 6.121849,
-2.370650 2.942003 6.073870,
-2.370650 2.986763 6.029110,
-2.370650 3.034743 5.987820,
-2.370650 3.085674 5.950231,
-2.370650 3.139272 5.916553,
-2.370650 3.195236 5.886975,
-2.370650 3.253255 5.861662,
-2.370650 3.313003 5.840755,
-2.370650 3.374146 5.824372,
-2.370650 3.436342 5.812604,
-2.370650 3.499244 5.805516,
-2.370650 3.562500 5.803150,
-2.370650 3.625756 5.805516,
-2.370650 3.688658 5.812604,
-2.370650 3.750854 5.824372,
-2.370650 3.811997 5.840755,
-2.370650 3.871745 5.861662,
-2.370650 3.929764 5.886975,
-2.370650 3.985728 5.916553,
-2.370650 4.039326 5.950231,
-2.370650 4.090257 5.987820,
-2.370650 4.138237 6.029110,
-2.370650 4.182997 6.073870,
-2.370650 4.224286 6.121849,
-2.370650 4.261875 6.172780,
-2.370650 4.295553 6.226378,
-2.370650 4.325131 6.282343,
-2.370650 4.350444 6.340361,
-2.370650 4.371351 6.400109,
-2.370650 4.387734 6.461252,
-2.370650 4.399502 6.523448,
-2.370650 4.406590 6.586351,
-2.370650 4.408957 6.649606,
-2.370650 4.406590 6.712862,
-2.370650 4.399502 6.775764,
-2.370650 4.387734 6.837961,
-2.370650 4.371351 6.899104,
-2.370650 4.350444 6.958852,
-2.370650 4.325131 7.016870,
-2.370650 4.295553 7.072835,
-2.370650 4.261875 7.126432,
-2.370650 4.224286 7.177363,
-2.370650 4.182997 7.225343,
-2.370650 4.138237 7.270103,
-2.370650 4.090257 7.311393,
-2.370650 4.039326 7.348982,
-2.370650 3.985728 7.382659,
-2.370650 3.929764 7.412237,
-2.370650 3.871745 7.437551,
-2.370650 3.811997 7.458457,
-2.370650 3.750854 7.474841,
-2.370650 3.688658 7.486609,
-2.370650 3.625756 7.493696,
-2.370650 3.562500 7.496063,
-2.469075 3.562500 7.496063,
-2.469075 3.499244 7.493696,
-2.469075 3.436342 7.486609,
-2.469075 3.374146 7.474841,
-2.469075 3.313003 7.458457,
-2.469075 3.253255 7.437551,
-2.469075 3.195236 7.412237,
-2.469075 3.139272 7.382659,
-2.469075 3.085674 7.348982,
-2.469075 3.034743 7.311393,
-2.469075 2.986763 7.270103,
-2.469075 2.942003 7.225343,
-2.469075 2.900714 7.177363,
-2.469075 2.863125 7.126432,
-2.469075 2.829447 7.072835,
-2.469075 2.799869 7.016870,
-2.469075 2.774556 6.958852,
-2.469075 2.753649 6.899104,
-2.469075 2.737266 6.837961,
-2.469075 2.725498 6.775764,
-2.469075 2.718410 6.712862,
-2.469075 2.716043 6.649606,
-2.469075 2.718410 6.586351,
-2.469075 2.725498 6.523448,
-2.469075 2.737266 6.461252,
-2.469075 2.753649 6.400109,
-2.469075 2.774556 6.340361,
-2.469075 2.799869 6.282343,
-2.469075 2.829447 6.226378,
-2.469075 2.863125 6.172780,
-2.469075 2.900714 6.121849,
-2.469075 2.942003 6.073870,
-2.469075 2.986763 6.029110,
-2.469075 3.034743 5.987820,
-2.469075 3.085674 5.950231,
-2.469075 3.139272 5.916553,
-2.469075 3.195236 5.886975,
-2.469075 3.253255 5.861662,
-2.469075 3.313003 5.840755,
-2.469075 3.374146 5.824372,
-2.469075 3.436342 5.812604,
-2.469075 3.499244 5.805516,
-2.469075 3.562500 5.803150,
-2.469075 3.625756 5.805516,
-2.469075 3.688658 5.812604,
-2.469075 3.750854 5.824372,
-2.469075 3.811997 5.840755,
-2.469075 3.871745 5.861662,
-2.469075 3.929764 5.886975,
-2.469075 3.985728 5.916553,
-2.469075 4.039326 5.950231,
-2.469075 4.090257 5.987820,
-2.469075 4.138237 6.029110,
-2.469075 4.182997 6.073870,
-2.469075 4.224286 6.121849,
-2.469075 4.261875 6.172780,
-2.469075 4.295553 6.226378,
-2.469075 4.325131 6.282343,
-2.469075 4.350444 6.340361,
-2.469075 4.371351 6.400109,
-2.469075 4.387734 6.461252,
-2.469075 4.399502 6.523448,
-2.469075 4.406590 6.586351,
-2.469075 4.408957 6.649606,
-2.469075 4.406590 6.712862,
-2.469075 4.399502 6.775764,
-2.469075 4.387734 6.837961,
-2.469075 4.371351 6.899104,
-2.469075 4.350444 6.958852,
-2.469075 4.325131 7.016870,
-2.469075 4.295553 7.072835,
-2.469075 4.261875 7.126432,
-2.469075 4.224286 7.177363,
-2.469075 4.182997 7.225343,
-2.469075 4.138237 7.270103,
-2.469075 4.090257 7.311393,
-2.469075 4.039326 7.348982,
-2.469075 3.985728 7.382659,
-2.469075 3.929764 7.412237,
-2.469075 3.871745 7.437551,
-2.469075 3.811997 7.458457,
-2.469075 3.750854 7.474841,
-2.469075 3.688658 7.486609,
-2.469075 3.625756 7.493696,
-2.469075 3.562500 7.496063 ] } coordIndex [ 1 0 85 -1,
1 85 86 -1,
2 1 86 -1,
2 86 87 -1,
3 87 88 -1,
3 2 87 -1,
4 88 89 -1,
4 3 88 -1,
5 89 90 -1,
5 4 89 -1,
6 90 91 -1,
6 5 90 -1,
7 91 92 -1,
7 6 91 -1,
8 7 92 -1,
8 92 93 -1,
9 8 93 -1,
9 93 94 -1,
10 9 94 -1,
10 94 95 -1,
11 10 95 -1,
11 95 96 -1,
12 11 96 -1,
12 96 97 -1,
12 97 98 -1,
13 12 98 -1,
14 13 98 -1,
14 98 99 -1,
15 14 99 -1,
15 99 100 -1,
16 100 101 -1,
16 15 100 -1,
17 101 102 -1,
17 16 101 -1,
18 102 103 -1,
18 17 102 -1,
19 103 104 -1,
19 18 103 -1,
20 104 105 -1,
20 105 106 -1,
20 19 104 -1,
21 20 106 -1,
22 106 107 -1,
22 21 106 -1,
23 107 108 -1,
23 22 107 -1,
24 108 109 -1,
24 23 108 -1,
25 109 110 -1,
25 24 109 -1,
26 110 111 -1,
26 25 110 -1,
27 111 112 -1,
27 26 111 -1,
28 112 113 -1,
28 113 114 -1,
28 27 112 -1,
29 28 114 -1,
30 114 115 -1,
30 29 114 -1,
31 115 116 -1,
31 30 115 -1,
32 31 116 -1,
32 116 117 -1,
32 117 118 -1,
33 32 118 -1,
34 33 118 -1,
34 118 119 -1,
35 34 119 -1,
35 119 120 -1,
35 120 121 -1,
36 35 121 -1,
37 121 122 -1,
37 36 121 -1,
38 122 123 -1,
38 37 122 -1,
39 123 124 -1,
39 38 123 -1,
40 124 125 -1,
40 39 124 -1,
41 125 126 -1,
41 40 125 -1,
42 126 127 -1,
42 127 128 -1,
42 41 126 -1,
43 42 128 -1,
44 128 129 -1,
44 43 128 -1,
45 129 130 -1,
45 44 129 -1,
46 130 131 -1,
46 45 130 -1,
47 131 132 -1,
47 46 131 -1,
48 132 133 -1,
48 133 134 -1,
48 47 132 -1,
49 48 134 -1,
50 134 135 -1,
50 49 134 -1,
51 135 136 -1,
51 50 135 -1,
52 136 137 -1,
52 137 138 -1,
52 51 136 -1,
53 138 139 -1,
53 52 138 -1,
54 53 139 -1,
55 139 140 -1,
55 54 139 -1,
56 140 141 -1,
56 55 140 -1,
57 141 142 -1,
57 56 141 -1,
58 57 142 -1,
58 142 143 -1,
58 143 144 -1,
59 58 144 -1,
60 59 144 -1,
60 144 145 -1,
61 60 145 -1,
61 145 146 -1,
61 146 147 -1,
62 61 147 -1,
63 62 147 -1,
63 147 148 -1,
63 148 149 -1,
64 63 149 -1,
65 64 149 -1,
65 149 150 -1,
66 65 150 -1,
66 150 151 -1,
66 151 152 -1,
67 66 152 -1,
68 67 152 -1,
68 152 153 -1,
69 68 153 -1,
69 153 154 -1,
70 69 154 -1,
70 154 155 -1,
71 70 155 -1,
71 155 156 -1,
71 156 157 -1,
72 71 157 -1,
72 157 158 -1,
73 158 159 -1,
73 72 158 -1,
74 73 159 -1,
75 159 160 -1,
75 74 159 -1,
76 160 161 -1,
76 75 160 -1,
77 161 162 -1,
77 76 161 -1,
78 162 163 -1,
78 163 164 -1,
78 77 162 -1,
79 78 164 -1,
80 164 165 -1,
80 165 166 -1,
80 79 164 -1,
81 80 166 -1,
82 166 167 -1,
82 81 166 -1,
83 82 167 -1,
83 167 168 -1,
84 83 168 -1,
84 168 169 -1,
306 222 223 -1,
306 223 307 -1,
308 223 224 -1,
308 307 223 -1,
305 220 221 -1,
305 221 222 -1,
305 222 306 -1,
309 308 224 -1,
309 224 225 -1,
304 220 305 -1,
310 309 225 -1,
310 225 226 -1,
303 220 304 -1,
303 219 220 -1,
311 226 227 -1,
311 310 226 -1,
302 219 303 -1,
302 218 219 -1,
312 227 228 -1,
312 311 227 -1,
301 218 302 -1,
301 217 218 -1,
313 312 228 -1,
313 228 229 -1,
300 217 301 -1,
300 216 217 -1,
314 229 230 -1,
314 230 231 -1,
314 313 229 -1,
299 215 216 -1,
299 216 300 -1,
315 314 231 -1,
298 215 299 -1,
298 213 214 -1,
298 214 215 -1,
316 231 232 -1,
316 315 231 -1,
297 213 298 -1,
317 316 232 -1,
317 232 233 -1,
296 212 213 -1,
296 213 297 -1,
318 233 234 -1,
318 317 233 -1,
295 211 212 -1,
295 212 296 -1,
319 318 234 -1,
319 234 235 -1,
294 210 211 -1,
294 211 295 -1,
320 319 235 -1,
320 235 236 -1,
293 208 209 -1,
293 209 210 -1,
293 210 294 -1,
321 320 236 -1,
321 236 237 -1,
292 208 293 -1,
291 206 207 -1,
291 207 208 -1,
291 208 292 -1,
322 237 238 -1,
322 321 237 -1,
290 206 291 -1,
323 322 238 -1,
323 238 239 -1,
323 239 240 -1,
289 206 290 -1,
289 204 205 -1,
289 205 206 -1,
324 323 240 -1,
288 204 289 -1,
325 240 241 -1,
325 324 240 -1,
287 204 288 -1,
287 203 204 -1,
326 325 241 -1,
326 241 242 -1,
286 203 287 -1,
286 202 203 -1,
327 326 242 -1,
327 242 243 -1,
328 327 243 -1,
201 286 285 -1,
201 202 286 -1,
244 328 243 -1,
284 201 285 -1,
200 201 284 -1,
245 328 244 -1,
245 329 328 -1,
199 284 283 -1,
199 200 284 -1,
246 329 245 -1,
246 330 329 -1,
246 331 330 -1,
198 282 281 -1,
198 283 282 -1,
198 199 283 -1,
247 331 246 -1,
197 198 281 -1,
248 331 247 -1,
248 332 331 -1,
196 281 280 -1,
196 197 281 -1,
249 333 332 -1,
249 332 248 -1,
195 279 278 -1,
195 280 279 -1,
195 196 280 -1,
250 334 333 -1,
250 333 249 -1,
194 195 278 -1,
251 335 334 -1,
251 334 250 -1,
193 278 277 -1,
193 194 278 -1,
252 336 335 -1,
252 335 251 -1,
192 277 276 -1,
192 193 277 -1,
253 336 252 -1,
253 337 336 -1,
170 337 253 -1,
170 254 337 -1,
191 276 275 -1,
191 192 276 -1,
190 274 273 -1,
190 275 274 -1,
190 191 275 -1,
171 254 170 -1,
171 255 254 -1,
172 255 171 -1,
172 256 255 -1,
189 190 273 -1,
173 256 172 -1,
173 257 256 -1,
188 273 272 -1,
188 189 273 -1,
174 257 173 -1,
174 258 257 -1,
187 272 271 -1,
187 188 272 -1,
175 258 174 -1,
175 259 258 -1,
175 260 259 -1,
186 271 270 -1,
186 187 271 -1,
186 270 269 -1,
176 260 175 -1,
185 186 269 -1,
177 260 176 -1,
177 261 260 -1,
184 185 269 -1,
184 269 268 -1,
178 261 177 -1,
178 262 261 -1,
183 184 268 -1,
183 268 267 -1,
182 183 267 -1,
182 267 266 -1,
179 262 178 -1,
179 263 262 -1,
179 264 263 -1,
180 264 179 -1,
181 264 180 -1,
181 265 264 -1,
181 266 265 -1,
181 182 266 -1,
474 391 390 -1,
474 475 391 -1,
476 392 391 -1,
476 391 475 -1,
473 389 388 -1,
473 390 389 -1,
473 474 390 -1,
477 392 476 -1,
477 393 392 -1,
472 473 388 -1,
478 393 477 -1,
478 394 393 -1,
471 472 388 -1,
471 388 387 -1,
479 395 394 -1,
479 394 478 -1,
470 471 387 -1,
470 387 386 -1,
480 396 395 -1,
480 395 479 -1,
469 470 386 -1,
469 386 385 -1,
481 396 480 -1,
481 397 396 -1,
468 469 385 -1,
468 385 384 -1,
482 398 397 -1,
482 399 398 -1,
482 397 481 -1,
467 384 383 -1,
467 468 384 -1,
483 399 482 -1,
466 467 383 -1,
466 382 381 -1,
466 383 382 -1,
484 400 399 -1,
484 399 483 -1,
465 466 381 -1,
485 400 484 -1,
485 401 400 -1,
464 381 380 -1,
464 465 381 -1,
486 402 401 -1,
486 401 485 -1,
463 380 379 -1,
463 464 380 -1,
487 402 486 -1,
487 403 402 -1,
462 379 378 -1,
462 463 379 -1,
488 403 487 -1,
488 404 403 -1,
461 377 376 -1,
461 378 377 -1,
461 462 378 -1,
489 404 488 -1,
489 405 404 -1,
460 461 376 -1,
459 375 374 -1,
459 376 375 -1,
459 460 376 -1,
490 406 405 -1,
490 405 489 -1,
458 459 374 -1,
491 406 490 -1,
491 407 406 -1,
491 408 407 -1,
457 458 374 -1,
457 373 372 -1,
457 374 373 -1,
492 408 491 -1,
456 457 372 -1,
493 409 408 -1,
493 408 492 -1,
455 456 372 -1,
455 372 371 -1,
494 409 493 -1,
494 410 409 -1,
454 455 371 -1,
454 371 370 -1,
495 410 494 -1,
495 411 410 -1,
496 411 495 -1,
369 453 454 -1,
369 454 370 -1,
412 411 496 -1,
452 453 369 -1,
368 452 369 -1,
413 412 496 -1,
413 496 497 -1,
367 451 452 -1,
367 452 368 -1,
414 413 497 -1,
414 497 498 -1,
414 498 499 -1,
366 449 450 -1,
366 450 451 -1,
366 451 367 -1,
415 414 499 -1,
365 449 366 -1,
416 415 499 -1,
416 499 500 -1,
364 448 449 -1,
364 449 365 -1,
417 500 501 -1,
417 416 500 -1,
363 446 447 -1,
363 447 448 -1,
363 448 364 -1,
418 501 502 -1,
418 417 501 -1,
362 446 363 -1,
419 502 503 -1,
419 418 502 -1,
361 445 446 -1,
361 446 362 -1,
420 503 504 -1,
420 419 503 -1,
360 444 445 -1,
360 445 361 -1,
421 420 504 -1,
421 504 505 -1,
338 421 505 -1,
338 505 422 -1,
359 443 444 -1,
359 444 360 -1,
358 441 442 -1,
358 442 443 -1,
358 443 359 -1,
339 338 422 -1,
339 422 423 -1,
340 339 423 -1,
340 423 424 -1,
357 441 358 -1,
341 340 424 -1,
341 424 425 -1,
356 440 441 -1,
356 441 357 -1,
342 341 425 -1,
342 425 426 -1,
355 439 440 -1,
355 440 356 -1,
343 342 426 -1,
343 426 427 -1,
343 427 428 -1,
354 438 439 -1,
354 439 355 -1,
354 437 438 -1,
344 343 428 -1,
353 437 354 -1,
345 344 428 -1,
345 428 429 -1,
352 437 353 -1,
352 436 437 -1,
346 345 429 -1,
346 429 430 -1,
351 436 352 -1,
351 435 436 -1,
350 435 351 -1,
350 434 435 -1,
347 346 430 -1,
347 430 431 -1,
347 431 432 -1,
348 347 432 -1,
349 348 432 -1,
349 432 433 -1,
349 433 434 -1,
349 434 350 -1,
507 591 506 -1,
507 592 591 -1,
508 592 507 -1,
508 593 592 -1,
509 594 593 -1,
509 593 508 -1,
510 595 594 -1,
510 594 509 -1,
511 596 595 -1,
511 595 510 -1,
512 597 596 -1,
512 596 511 -1,
513 598 597 -1,
513 597 512 -1,
514 598 513 -1,
514 599 598 -1,
515 599 514 -1,
515 600 599 -1,
516 600 515 -1,
516 601 600 -1,
517 601 516 -1,
517 602 601 -1,
518 602 517 -1,
518 603 602 -1,
518 604 603 -1,
519 604 518 -1,
520 604 519 -1,
520 605 604 -1,
521 605 520 -1,
521 606 605 -1,
522 607 606 -1,
522 606 521 -1,
523 608 607 -1,
523 607 522 -1,
524 609 608 -1,
524 608 523 -1,
525 610 609 -1,
525 609 524 -1,
526 611 610 -1,
526 612 611 -1,
526 610 525 -1,
527 612 526 -1,
528 613 612 -1,
528 612 527 -1,
529 614 613 -1,
529 613 528 -1,
530 615 614 -1,
530 614 529 -1,
531 616 615 -1,
531 615 530 -1,
532 617 616 -1,
532 616 531 -1,
533 618 617 -1,
533 617 532 -1,
534 619 618 -1,
534 620 619 -1,
534 618 533 -1,
535 620 534 -1,
536 621 620 -1,
536 620 535 -1,
537 622 621 -1,
537 621 536 -1,
538 622 537 -1,
538 623 622 -1,
538 624 623 -1,
539 624 538 -1,
540 624 539 -1,
540 625 624 -1,
541 625 540 -1,
541 626 625 -1,
541 627 626 -1,
542 627 541 -1,
543 628 627 -1,
543 627 542 -1,
544 629 628 -1,
544 628 543 -1,
545 630 629 -1,
545 629 544 -1,
546 631 630 -1,
546 630 545 -1,
547 632 631 -1,
547 631 546 -1,
548 633 632 -1,
548 634 633 -1,
548 632 547 -1,
549 634 548 -1,
550 635 634 -1,
550 634 549 -1,
551 636 635 -1,
551 635 550 -1,
552 637 636 -1,
552 636 551 -1,
553 638 637 -1,
553 637 552 -1,
554 639 638 -1,
554 640 639 -1,
554 638 553 -1,
555 640 554 -1,
556 641 640 -1,
556 640 555 -1,
557 642 641 -1,
557 641 556 -1,
558 643 642 -1,
558 644 643 -1,
558 642 557 -1,
559 645 644 -1,
559 644 558 -1,
560 645 559 -1,
561 646 645 -1,
561 645 560 -1,
562 647 646 -1,
562 646 561 -1,
563 648 647 -1,
563 647 562 -1,
564 648 563 -1,
564 649 648 -1,
564 650 649 -1,
565 650 564 -1,
566 650 565 -1,
566 651 650 -1,
567 651 566 -1,
567 652 651 -1,
567 653 652 -1,
568 653 567 -1,
569 653 568 -1,
569 654 653 -1,
569 655 654 -1,
570 655 569 -1,
571 655 570 -1,
571 656 655 -1,
572 656 571 -1,
572 657 656 -1,
572 658 657 -1,
573 658 572 -1,
574 658 573 -1,
574 659 658 -1,
575 659 574 -1,
575 660 659 -1,
576 660 575 -1,
576 661 660 -1,
577 661 576 -1,
577 662 661 -1,
577 663 662 -1,
578 663 577 -1,
578 664 663 -1,
579 665 664 -1,
579 664 578 -1,
580 665 579 -1,
581 666 665 -1,
581 665 580 -1,
582 667 666 -1,
582 666 581 -1,
583 668 667 -1,
583 667 582 -1,
584 669 668 -1,
584 670 669 -1,
584 668 583 -1,
585 670 584 -1,
586 671 670 -1,
586 672 671 -1,
586 670 585 -1,
587 672 586 -1,
588 673 672 -1,
588 672 587 -1,
589 673 588 -1,
589 674 673 -1,
590 674 589 -1,
590 675 674 -1 ] solid TRUE creaseAngle 0.5 } }
# SMA_thread_depiction_1
Shape { appearance Appearance { material Material { diffuseColor 0.78 0.58 0.16 } } geometry IndexedFaceSet { coord Coordinate { point [ -2.095059 3.562500 7.958661,
-2.095059 3.464674 7.955001,
-2.095059 3.367395 7.944040,
-2.095059 3.271208 7.925841,
-2.095059 3.176649 7.900504,
-2.095059 3.084248 7.868171,
-2.095059 2.994522 7.829024,
-2.095059 2.907972 7.783281,
-2.095059 2.825083 7.731198,
-2.095059 2.746317 7.673067,
-2.095059 2.672116 7.609212,
-2.095059 2.602895 7.539990,
-2.095059 2.539039 7.465789,
-2.095059 2.480908 7.387023,
-2.095059 2.428825 7.304134,
-2.095059 2.383082 7.217584,
-2.095059 2.343935 7.127858,
-2.095059 2.311603 7.035457,
-2.095059 2.286266 6.940898,
-2.095059 2.268066 6.844711,
-2.095059 2.257105 6.747432,
-2.095059 2.253445 6.649606,
-2.095059 2.257105 6.551780,
-2.095059 2.268066 6.454502,
-2.095059 2.286266 6.358314,
-2.095059 2.311603 6.263756,
-2.095059 2.343935 6.171355,
-2.095059 2.383082 6.081629,
-2.095059 2.428825 5.995079,
-2.095059 2.480908 5.912189,
-2.095059 2.539039 5.833424,
-2.095059 2.602895 5.759223,
-2.095059 2.672116 5.690001,
-2.095059 2.746317 5.626146,
-2.095059 2.825083 5.568014,
-2.095059 2.907972 5.515931,
-2.095059 2.994522 5.470188,
-2.095059 3.084248 5.431041,
-2.095059 3.176649 5.398709,
-2.095059 3.271208 5.373372,
-2.095059 3.367395 5.355172,
-2.095059 3.464674 5.344212,
-2.095059 3.562500 5.340551,
-2.095059 3.660326 5.344212,
-2.095059 3.757605 5.355172,
-2.095059 3.853792 5.373372,
-2.095059 3.948351 5.398709,
-2.095059 4.040752 5.431041,
-2.095059 4.130478 5.470188,
-2.095059 4.217028 5.515931,
-2.095059 4.299917 5.568014,
-2.095059 4.378683 5.626146,
-2.095059 4.452884 5.690001,
-2.095059 4.522105 5.759223,
-2.095059 4.585961 5.833424,
-2.095059 4.644092 5.912189,
-2.095059 4.696175 5.995079,
-2.095059 4.741918 6.081629,
-2.095059 4.781065 6.171355,
-2.095059 4.813397 6.263756,
-2.095059 4.838734 6.358314,
-2.095059 4.856934 6.454502,
-2.095059 4.867895 6.551780,
-2.095059 4.871555 6.649606,
-2.095059 4.867895 6.747432,
-2.095059 4.856934 6.844711,
-2.095059 4.838734 6.940898,
-2.095059 4.813397 7.035457,
-2.095059 4.781065 7.127858,
-2.095059 4.741918 7.217584,
-2.095059 4.696175 7.304134,
-2.095059 4.644092 7.387023,
-2.095059 4.585961 7.465789,
-2.095059 4.522105 7.539990,
-2.095059 4.452884 7.609212,
-2.095059 4.378683 7.673067,
-2.095059 4.299917 7.731198,
-2.095059 4.217028 7.783281,
-2.095059 4.130478 7.829024,
-2.095059 4.040752 7.868171,
-2.095059 3.948351 7.900504,
-2.095059 3.853792 7.925841,
-2.095059 3.757605 7.944040,
-2.095059 3.660326 7.955001,
-2.095059 3.562500 7.958661,
-2.193484 3.562500 7.958661,
-2.193484 3.464674 7.955001,
-2.193484 3.367395 7.944040,
-2.193484 3.271208 7.925841,
-2.193484 3.176649 7.900504,
-2.193484 3.084248 7.868171,
-2.193484 2.994522 7.829024,
-2.193484 2.907972 7.783281,
-2.193484 2.825083 7.731198,
-2.193484 2.746317 7.673067,
-2.193484 2.672116 7.609212,
-2.193484 2.602895 7.539990,
-2.193484 2.539039 7.465789,
-2.193484 2.480908 7.387023,
-2.193484 2.428825 7.304134,
-2.193484 2.383082 7.217584,
-2.193484 2.343935 7.127858,
-2.193484 2.311603 7.035457,
-2.193484 2.286266 6.940898,
-2.193484 2.268066 6.844711,
-2.193484 2.257105 6.747432,
-2.193484 2.253445 6.649606,
-2.193484 2.257105 6.551780,
-2.193484 2.268066 6.454502,
-2.193484 2.286266 6.358314,
-2.193484 2.311603 6.263756,
-2.193484 2.343935 6.171355,
-2.193484 2.383082 6.081629,
-2.193484 2.428825 5.995079,
-2.193484 2.480908 5.912189,
-2.193484 2.539039 5.833424,
-2.193484 2.602895 5.759223,
-2.193484 2.672116 5.690001,
-2.193484 2.746317 5.626146,
-2.193484 2.825083 5.568014,
-2.193484 2.907972 5.515931,
-2.193484 2.994522 5.470188,
-2.193484 3.084248 5.431041,
-2.193484 3.176649 5.398709,
-2.193484 3.271208 5.373372,
-2.193484 3.367395 5.355172,
-2.193484 3.464674 5.344212,
-2.193484 3.562500 5.340551,
-2.193484 3.660326 5.344212,
-2.193484 3.757605 5.355172,
-2.193484 3.853792 5.373372,
-2.193484 3.948351 5.398709,
-2.193484 4.040752 5.431041,
-2.193484 4.130478 5.470188,
-2.193484 4.217028 5.515931,
-2.193484 4.299917 5.568014,
-2.193484 4.378683 5.626146,
-2.193484 4.452884 5.690001,
-2.193484 4.522105 5.759223,
-2.193484 4.585961 5.833424,
-2.193484 4.644092 5.912189,
-2.193484 4.696175 5.995079,
-2.193484 4.741918 6.081629,
-2.193484 4.781065 6.171355,
-2.193484 4.813397 6.263756,
-2.193484 4.838734 6.358314,
-2.193484 4.856934 6.454502,
-2.193484 4.867895 6.551780,
-2.193484 4.871555 6.649606,
-2.193484 4.867895 6.747432,
-2.193484 4.856934 6.844711,
-2.193484 4.838734 6.940898,
-2.193484 4.813397 7.035457,
-2.193484 4.781065 7.127858,
-2.193484 4.741918 7.217584,
-2.193484 4.696175 7.304134,
-2.193484 4.644092 7.387023,
-2.193484 4.585961 7.465789,
-2.193484 4.522105 7.539990,
-2.193484 4.452884 7.609212,
-2.193484 4.378683 7.673067,
-2.193484 4.299917 7.731198,
-2.193484 4.217028 7.783281,
-2.193484 4.130478 7.829024,
-2.193484 4.040752 7.868171,
-2.193484 3.948351 7.900504,
-2.193484 3.853792 7.925841,
-2.193484 3.757605 7.944040,
-2.193484 3.660326 7.955001,
-2.193484 3.562500 7.958661,
-2.095059 3.562500 7.958661,
-2.095059 3.464674 7.955001,
-2.095059 3.367395 7.944040,
-2.095059 3.271208 7.925841,
-2.095059 3.176649 7.900504,
-2.095059 3.084248 7.868171,
-2.095059 2.994522 7.829024,
-2.095059 2.907972 7.783281,
-2.095059 2.825083 7.731198,
-2.095059 2.746317 7.673067,
-2.095059 2.672116 7.609212,
-2.095059 2.602895 7.539990,
-2.095059 2.539039 7.465789,
-2.095059 2.480908 7.387023,
-2.095059 2.428825 7.304134,
-2.095059 2.383082 7.217584,
-2.095059 2.343935 7.127858,
-2.095059 2.311603 7.035457,
-2.095059 2.286266 6.940898,
-2.095059 2.268066 6.844711,
-2.095059 2.257105 6.747432,
-2.095059 2.253445 6.649606,
-2.095059 2.257105 6.551780,
-2.095059 2.268066 6.454502,
-2.095059 2.286266 6.358314,
-2.095059 2.311603 6.263756,
-2.095059 2.343935 6.171355,
-2.095059 2.383082 6.081629,
-2.095059 2.428825 5.995079,
-2.095059 2.480908 5.912189,
-2.095059 2.539039 5.833424,
-2.095059 2.602895 5.759223,
-2.095059 2.672116 5.690001,
-2.095059 2.746317 5.626146,
-2.095059 2.825083 5.568014,
-2.095059 2.907972 5.515931,
-2.095059 2.994522 5.470188,
-2.095059 3.084248 5.431041,
-2.095059 3.176649 5.398709,
-2.095059 3.271208 5.373372,
-2.095059 3.367395 5.355172,
-2.095059 3.464674 5.344212,
-2.095059 3.562500 5.340551,
-2.095059 3.660326 5.344212,
-2.095059 3.757605 5.355172,
-2.095059 3.853792 5.373372,
-2.095059 3.948351 5.398709,
-2.095059 4.040752 5.431041,
-2.095059 4.130478 5.470188,
-2.095059 4.217028 5.515931,
-2.095059 4.299917 5.568014,
-2.095059 4.378683 5.626146,
-2.095059 4.452884 5.690001,
-2.095059 4.522105 5.759223,
-2.095059 4.585961 5.833424,
-2.095059 4.644092 5.912189,
-2.095059 4.696175 5.995079,
-2.095059 4.741918 6.081629,
-2.095059 4.781065 6.171355,
-2.095059 4.813397 6.263756,
-2.095059 4.838734 6.358314,
-2.095059 4.856934 6.454502,
-2.095059 4.867895 6.551780,
-2.095059 4.871555 6.649606,
-2.095059 4.867895 6.747432,
-2.095059 4.856934 6.844711,
-2.095059 4.838734 6.940898,
-2.095059 4.813397 7.035457,
-2.095059 4.781065 7.127858,
-2.095059 4.741918 7.217584,
-2.095059 4.696175 7.304134,
-2.095059 4.644092 7.387023,
-2.095059 4.585961 7.465789,
-2.095059 4.522105 7.539990,
-2.095059 4.452884 7.609212,
-2.095059 4.378683 7.673067,
-2.095059 4.299917 7.731198,
-2.095059 4.217028 7.783281,
-2.095059 4.130478 7.829024,
-2.095059 4.040752 7.868171,
-2.095059 3.948351 7.900504,
-2.095059 3.853792 7.925841,
-2.095059 3.757605 7.944040,
-2.095059 3.660326 7.955001,
-2.095059 3.562500 7.496063,
-2.095059 3.499244 7.493696,
-2.095059 3.436342 7.486609,
-2.095059 3.374146 7.474841,
-2.095059 3.313003 7.458457,
-2.095059 3.253255 7.437551,
-2.095059 3.195236 7.412237,
-2.095059 3.139272 7.382659,
-2.095059 3.085674 7.348982,
-2.095059 3.034743 7.311393,
-2.095059 2.986763 7.270103,
-2.095059 2.942003 7.225343,
-2.095059 2.900714 7.177363,
-2.095059 2.863125 7.126432,
-2.095059 2.829447 7.072835,
-2.095059 2.799869 7.016870,
-2.095059 2.774556 6.958852,
-2.095059 2.753649 6.899104,
-2.095059 2.737266 6.837961,
-2.095059 2.725498 6.775764,
-2.095059 2.718410 6.712862,
-2.095059 2.716043 6.649606,
-2.095059 2.718410 6.586351,
-2.095059 2.725498 6.523448,
-2.095059 2.737266 6.461252,
-2.095059 2.753649 6.400109,
-2.095059 2.774556 6.340361,
-2.095059 2.799869 6.282343,
-2.095059 2.829447 6.226378,
-2.095059 2.863125 6.172780,
-2.095059 2.900714 6.121849,
-2.095059 2.942003 6.073870,
-2.095059 2.986763 6.029110,
-2.095059 3.034743 5.987820,
-2.095059 3.085674 5.950231,
-2.095059 3.139272 5.916553,
-2.095059 3.195236 5.886975,
-2.095059 3.253255 5.861662,
-2.095059 3.313003 5.840755,
-2.095059 3.374146 5.824372,
-2.095059 3.436342 5.812604,
-2.095059 3.499244 5.805516,
-2.095059 3.562500 5.803150,
-2.095059 3.625756 5.805516,
-2.095059 3.688658 5.812604,
-2.095059 3.750854 5.824372,
-2.095059 3.811997 5.840755,
-2.095059 3.871745 5.861662,
-2.095059 3.929764 5.886975,
-2.095059 3.985728 5.916553,
-2.095059 4.039326 5.950231,
-2.095059 4.090257 5.987820,
-2.095059 4.138237 6.029110,
-2.095059 4.182997 6.073870,
-2.095059 4.224286 6.121849,
-2.095059 4.261875 6.172780,
-2.095059 4.295553 6.226378,
-2.095059 4.325131 6.282343,
-2.095059 4.350444 6.340361,
-2.095059 4.371351 6.400109,
-2.095059 4.387734 6.461252,
-2.095059 4.399502 6.523448,
-2.095059 4.406590 6.586351,
-2.095059 4.408957 6.649606,
-2.095059 4.406590 6.712862,
-2.095059 4.399502 6.775764,
-2.095059 4.387734 6.837961,
-2.095059 4.371351 6.899104,
-2.095059 4.350444 6.958852,
-2.095059 4.325131 7.016870,
-2.095059 4.295553 7.072835,
-2.095059 4.261875 7.126432,
-2.095059 4.224286 7.177363,
-2.095059 4.182997 7.225343,
-2.095059 4.138237 7.270103,
-2.095059 4.090257 7.311393,
-2.095059 4.039326 7.348982,
-2.095059 3.985728 7.382659,
-2.095059 3.929764 7.412237,
-2.095059 3.871745 7.437551,
-2.095059 3.811997 7.458457,
-2.095059 3.750854 7.474841,
-2.095059 3.688658 7.486609,
-2.095059 3.625756 7.493696,
-2.193484 3.562500 7.958661,
-2.193484 3.464674 7.955001,
-2.193484 3.367395 7.944040,
-2.193484 3.271208 7.925841,
-2.193484 3.176649 7.900504,
-2.193484 3.084248 7.868171,
-2.193484 2.994522 7.829024,
-2.193484 2.907972 7.783281,
-2.193484 2.825083 7.731198,
-2.193484 2.746317 7.673067,
-2.193484 2.672116 7.609212,
-2.193484 2.602895 7.539990,
-2.193484 2.539039 7.465789,
-2.193484 2.480908 7.387023,
-2.193484 2.428825 7.304134,
-2.193484 2.383082 7.217584,
-2.193484 2.343935 7.127858,
-2.193484 2.311603 7.035457,
-2.193484 2.286266 6.940898,
-2.193484 2.268066 6.844711,
-2.193484 2.257105 6.747432,
-2.193484 2.253445 6.649606,
-2.193484 2.257105 6.551780,
-2.193484 2.268066 6.454502,
-2.193484 2.286266 6.358314,
-2.193484 2.311603 6.263756,
-2.193484 2.343935 6.171355,
-2.193484 2.383082 6.081629,
-2.193484 2.428825 5.995079,
-2.193484 2.480908 5.912189,
-2.193484 2.539039 5.833424,
-2.193484 2.602895 5.759223,
-2.193484 2.672116 5.690001,
-2.193484 2.746317 5.626146,
-2.193484 2.825083 5.568014,
-2.193484 2.907972 5.515931,
-2.193484 2.994522 5.470188,
-2.193484 3.084248 5.431041,
-2.193484 3.176649 5.398709,
-2.193484 3.271208 5.373372,
-2.193484 3.367395 5.355172,
-2.193484 3.464674 5.344212,
-2.193484 3.562500 5.340551,
-2.193484 3.660326 5.344212,
-2.193484 3.757605 5.355172,
-2.193484 3.853792 5.373372,
-2.193484 3.948351 5.398709,
-2.193484 4.040752 5.431041,
-2.193484 4.130478 5.470188,
-2.193484 4.217028 5.515931,
-2.193484 4.299917 5.568014,
-2.193484 4.378683 5.626146,
-2.193484 4.452884 5.690001,
-2.193484 4.522105 5.759223,
-2.193484 4.585961 5.833424,
-2.193484 4.644092 5.912189,
-2.193484 4.696175 5.995079,
-2.193484 4.741918 6.081629,
-2.193484 4.781065 6.171355,
-2.193484 4.813397 6.263756,
-2.193484 4.838734 6.358314,
-2.193484 4.856934 6.454502,
-2.193484 4.867895 6.551780,
-2.193484 4.871555 6.649606,
-2.193484 4.867895 6.747432,
-2.193484 4.856934 6.844711,
-2.193484 4.838734 6.940898,
-2.193484 4.813397 7.035457,
-2.193484 4.781065 7.127858,
-2.193484 4.741918 7.217584,
-2.193484 4.696175 7.304134,
-2.193484 4.644092 7.387023,
-2.193484 4.585961 7.465789,
-2.193484 4.522105 7.539990,
-2.193484 4.452884 7.609212,
-2.193484 4.378683 7.673067,
-2.193484 4.299917 7.731198,
-2.193484 4.217028 7.783281,
-2.193484 4.130478 7.829024,
-2.193484 4.040752 7.868171,
-2.193484 3.948351 7.900504,
-2.193484 3.853792 7.925841,
-2.193484 3.757605 7.944040,
-2.193484 3.660326 7.955001,
-2.193484 3.562500 7.496063,
-2.193484 3.499244 7.493696,
-2.193484 3.436342 7.486609,
-2.193484 3.374146 7.474841,
-2.193484 3.313003 7.458457,
-2.193484 3.253255 7.437551,
-2.193484 3.195236 7.412237,
-2.193484 3.139272 7.382659,
-2.193484 3.085674 7.348982,
-2.193484 3.034743 7.311393,
-2.193484 2.986763 7.270103,
-2.193484 2.942003 7.225343,
-2.193484 2.900714 7.177363,
-2.193484 2.863125 7.126432,
-2.193484 2.829447 7.072835,
-2.193484 2.799869 7.016870,
-2.193484 2.774556 6.958852,
-2.193484 2.753649 6.899104,
-2.193484 2.737266 6.837961,
-2.193484 2.725498 6.775764,
-2.193484 2.718410 6.712862,
-2.193484 2.716043 6.649606,
-2.193484 2.718410 6.586351,
-2.193484 2.725498 6.523448,
-2.193484 2.737266 6.461252,
-2.193484 2.753649 6.400109,
-2.193484 2.774556 6.340361,
-2.193484 2.799869 6.282343,
-2.193484 2.829447 6.226378,
-2.193484 2.863125 6.172780,
-2.193484 2.900714 6.121849,
-2.193484 2.942003 6.073870,
-2.193484 2.986763 6.029110,
-2.193484 3.034743 5.987820,
-2.193484 3.085674 5.950231,
-2.193484 3.139272 5.916553,
-2.193484 3.195236 5.886975,
-2.193484 3.253255 5.861662,
-2.193484 3.313003 5.840755,
-2.193484 3.374146 5.824372,
-2.193484 3.436342 5.812604,
-2.193484 3.499244 5.805516,
-2.193484 3.562500 5.803150,
-2.193484 3.625756 5.805516,
-2.193484 3.688658 5.812604,
-2.193484 3.750854 5.824372,
-2.193484 3.811997 5.840755,
-2.193484 3.871745 5.861662,
-2.193484 3.929764 5.886975,
-2.193484 3.985728 5.916553,
-2.193484 4.039326 5.950231,
-2.193484 4.090257 5.987820,
-2.193484 4.138237 6.029110,
-2.193484 4.182997 6.073870,
-2.193484 4.224286 6.121849,
-2.193484 4.261875 6.172780,
-2.193484 4.295553 6.226378,
-2.193484 4.325131 6.282343,
-2.193484 4.350444 6.340361,
-2.193484 4.371351 6.400109,
-2.193484 4.387734 6.461252,
-2.193484 4.399502 6.523448,
-2.193484 4.406590 6.586351,
-2.193484 4.408957 6.649606,
-2.193484 4.406590 6.712862,
-2.193484 4.399502 6.775764,
-2.193484 4.387734 6.837961,
-2.193484 4.371351 6.899104,
-2.193484 4.350444 6.958852,
-2.193484 4.325131 7.016870,
-2.193484 4.295553 7.072835,
-2.193484 4.261875 7.126432,
-2.193484 4.224286 7.177363,
-2.193484 4.182997 7.225343,
-2.193484 4.138237 7.270103,
-2.193484 4.090257 7.311393,
-2.193484 4.039326 7.348982,
-2.193484 3.985728 7.382659,
-2.193484 3.929764 7.412237,
-2.193484 3.871745 7.437551,
-2.193484 3.811997 7.458457,
-2.193484 3.750854 7.474841,
-2.193484 3.688658 7.486609,
-2.193484 3.625756 7.493696,
-2.095059 3.562500 7.496063,
-2.095059 3.499244 7.493696,
-2.095059 3.436342 7.486609,
-2.095059 3.374146 7.474841,
-2.095059 3.313003 7.458457,
-2.095059 3.253255 7.437551,
-2.095059 3.195236 7.412237,
-2.095059 3.139272 7.382659,
-2.095059 3.085674 7.348982,
-2.095059 3.034743 7.311393,
-2.095059 2.986763 7.270103,
-2.095059 2.942003 7.225343,
-2.095059 2.900714 7.177363,
-2.095059 2.863125 7.126432,
-2.095059 2.829447 7.072835,
-2.095059 2.799869 7.016870,
-2.095059 2.774556 6.958852,
-2.095059 2.753649 6.899104,
-2.095059 2.737266 6.837961,
-2.095059 2.725498 6.775764,
-2.095059 2.718410 6.712862,
-2.095059 2.716043 6.649606,
-2.095059 2.718410 6.586351,
-2.095059 2.725498 6.523448,
-2.095059 2.737266 6.461252,
-2.095059 2.753649 6.400109,
-2.095059 2.774556 6.340361,
-2.095059 2.799869 6.282343,
-2.095059 2.829447 6.226378,
-2.095059 2.863125 6.172780,
-2.095059 2.900714 6.121849,
-2.095059 2.942003 6.073870,
-2.095059 2.986763 6.029110,
-2.095059 3.034743 5.987820,
-2.095059 3.085674 5.950231,
-2.095059 3.139272 5.916553,
-2.095059 3.195236 5.886975,
-2.095059 3.253255 5.861662,
-2.095059 3.313003 5.840755,
-2.095059 3.374146 5.824372,
-2.095059 3.436342 5.812604,
-2.095059 3.499244 5.805516,
-2.095059 3.562500 5.803150,
-2.095059 3.625756 5.805516,
-2.095059 3.688658 5.812604,
-2.095059 3.750854 5.824372,
-2.095059 3.811997 5.840755,
-2.095059 3.871745 5.861662,
-2.095059 3.929764 5.886975,
-2.095059 3.985728 5.916553,
-2.095059 4.039326 5.950231,
-2.095059 4.090257 5.987820,
-2.095059 4.138237 6.029110,
-2.095059 4.182997 6.073870,
-2.095059 4.224286 6.121849,
-2.095059 4.261875 6.172780,
-2.095059 4.295553 6.226378,
-2.095059 4.325131 6.282343,
-2.095059 4.350444 6.340361,
-2.095059 4.371351 6.400109,
-2.095059 4.387734 6.461252,
-2.095059 4.399502 6.523448,
-2.095059 4.406590 6.586351,
-2.095059 4.408957 6.649606,
-2.095059 4.406590 6.712862,
-2.095059 4.399502 6.775764,
-2.095059 4.387734 6.837961,
-2.095059 4.371351 6.899104,
-2.095059 4.350444 6.958852,
-2.095059 4.325131 7.016870,
-2.095059 4.295553 7.072835,
-2.095059 4.261875 7.126432,
-2.095059 4.224286 7.177363,
-2.095059 4.182997 7.225343,
-2.095059 4.138237 7.270103,
-2.095059 4.090257 7.311393,
-2.095059 4.039326 7.348982,
-2.095059 3.985728 7.382659,
-2.095059 3.929764 7.412237,
-2.095059 3.871745 7.437551,
-2.095059 3.811997 7.458457,
-2.095059 3.750854 7.474841,
-2.095059 3.688658 7.486609,
-2.095059 3.625756 7.493696,
-2.095059 3.562500 7.496063,
-2.193484 3.562500 7.496063,
-2.193484 3.499244 7.493696,
-2.193484 3.436342 7.486609,
-2.193484 3.374146 7.474841,
-2.193484 3.313003 7.458457,
-2.193484 3.253255 7.437551,
-2.193484 3.195236 7.412237,
-2.193484 3.139272 7.382659,
-2.193484 3.085674 7.348982,
-2.193484 3.034743 7.311393,
-2.193484 2.986763 7.270103,
-2.193484 2.942003 7.225343,
-2.193484 2.900714 7.177363,
-2.193484 2.863125 7.126432,
-2.193484 2.829447 7.072835,
-2.193484 2.799869 7.016870,
-2.193484 2.774556 6.958852,
-2.193484 2.753649 6.899104,
-2.193484 2.737266 6.837961,
-2.193484 2.725498 6.775764,
-2.193484 2.718410 6.712862,
-2.193484 2.716043 6.649606,
-2.193484 2.718410 6.586351,
-2.193484 2.725498 6.523448,
-2.193484 2.737266 6.461252,
-2.193484 2.753649 6.400109,
-2.193484 2.774556 6.340361,
-2.193484 2.799869 6.282343,
-2.193484 2.829447 6.226378,
-2.193484 2.863125 6.172780,
-2.193484 2.900714 6.121849,
-2.193484 2.942003 6.073870,
-2.193484 2.986763 6.029110,
-2.193484 3.034743 5.987820,
-2.193484 3.085674 5.950231,
-2.193484 3.139272 5.916553,
-2.193484 3.195236 5.886975,
-2.193484 3.253255 5.861662,
-2.193484 3.313003 5.840755,
-2.193484 3.374146 5.824372,
-2.193484 3.436342 5.812604,
-2.193484 3.499244 5.805516,
-2.193484 3.562500 5.803150,
-2.193484 3.625756 5.805516,
-2.193484 3.688658 5.812604,
-2.193484 3.750854 5.824372,
-2.193484 3.811997 5.840755,
-2.193484 3.871745 5.861662,
-2.193484 3.929764 5.886975,
-2.193484 3.985728 5.916553,
-2.193484 4.039326 5.950231,
-2.193484 4.090257 5.987820,
-2.193484 4.138237 6.029110,
-2.193484 4.182997 6.073870,
-2.193484 4.224286 6.121849,
-2.193484 4.261875 6.172780,
-2.193484 4.295553 6.226378,
-2.193484 4.325131 6.282343,
-2.193484 4.350444 6.340361,
-2.193484 4.371351 6.400109,
-2.193484 4.387734 6.461252,
-2.193484 4.399502 6.523448,
-2.193484 4.406590 6.586351,
-2.193484 4.408957 6.649606,
-2.193484 4.406590 6.712862,
-2.193484 4.399502 6.775764,
-2.193484 4.387734 6.837961,
-2.193484 4.371351 6.899104,
-2.193484 4.350444 6.958852,
-2.193484 4.325131 7.016870,
-2.193484 4.295553 7.072835,
-2.193484 4.261875 7.126432,
-2.193484 4.224286 7.177363,
-2.193484 4.182997 7.225343,
-2.193484 4.138237 7.270103,
-2.193484 4.090257 7.311393,
-2.193484 4.039326 7.348982,
-2.193484 3.985728 7.382659,
-2.193484 3.929764 7.412237,
-2.193484 3.871745 7.437551,
-2.193484 3.811997 7.458457,
-2.193484 3.750854 7.474841,
-2.193484 3.688658 7.486609,
-2.193484 3.625756 7.493696,
-2.193484 3.562500 7.496063 ] } coordIndex [ 1 0 85 -1,
1 85 86 -1,
2 1 86 -1,
2 86 87 -1,
3 87 88 -1,
3 2 87 -1,
4 88 89 -1,
4 3 88 -1,
5 89 90 -1,
5 4 89 -1,
6 90 91 -1,
6 5 90 -1,
7 91 92 -1,
7 6 91 -1,
8 7 92 -1,
8 92 93 -1,
9 8 93 -1,
9 93 94 -1,
10 9 94 -1,
10 94 95 -1,
11 10 95 -1,
11 95 96 -1,
12 11 96 -1,
12 96 97 -1,
12 97 98 -1,
13 12 98 -1,
14 13 98 -1,
14 98 99 -1,
15 14 99 -1,
15 99 100 -1,
16 100 101 -1,
16 15 100 -1,
17 101 102 -1,
17 16 101 -1,
18 102 103 -1,
18 17 102 -1,
19 103 104 -1,
19 18 103 -1,
20 104 105 -1,
20 105 106 -1,
20 19 104 -1,
21 20 106 -1,
22 106 107 -1,
22 21 106 -1,
23 107 108 -1,
23 22 107 -1,
24 108 109 -1,
24 23 108 -1,
25 109 110 -1,
25 24 109 -1,
26 110 111 -1,
26 25 110 -1,
27 111 112 -1,
27 26 111 -1,
28 112 113 -1,
28 113 114 -1,
28 27 112 -1,
29 28 114 -1,
30 114 115 -1,
30 29 114 -1,
31 115 116 -1,
31 30 115 -1,
32 31 116 -1,
32 116 117 -1,
32 117 118 -1,
33 32 118 -1,
34 33 118 -1,
34 118 119 -1,
35 34 119 -1,
35 119 120 -1,
35 120 121 -1,
36 35 121 -1,
37 121 122 -1,
37 36 121 -1,
38 122 123 -1,
38 37 122 -1,
39 123 124 -1,
39 38 123 -1,
40 124 125 -1,
40 39 124 -1,
41 125 126 -1,
41 40 125 -1,
42 126 127 -1,
42 127 128 -1,
42 41 126 -1,
43 42 128 -1,
44 128 129 -1,
44 43 128 -1,
45 129 130 -1,
45 44 129 -1,
46 130 131 -1,
46 45 130 -1,
47 131 132 -1,
47 46 131 -1,
48 132 133 -1,
48 133 134 -1,
48 47 132 -1,
49 48 134 -1,
50 134 135 -1,
50 49 134 -1,
51 135 136 -1,
51 50 135 -1,
52 136 137 -1,
52 137 138 -1,
52 51 136 -1,
53 138 139 -1,
53 52 138 -1,
54 53 139 -1,
55 139 140 -1,
55 54 139 -1,
56 140 141 -1,
56 55 140 -1,
57 141 142 -1,
57 56 141 -1,
58 57 142 -1,
58 142 143 -1,
58 143 144 -1,
59 58 144 -1,
60 59 144 -1,
60 144 145 -1,
61 60 145 -1,
61 145 146 -1,
61 146 147 -1,
62 61 147 -1,
63 62 147 -1,
63 147 148 -1,
63 148 149 -1,
64 63 149 -1,
65 64 149 -1,
65 149 150 -1,
66 65 150 -1,
66 150 151 -1,
66 151 152 -1,
67 66 152 -1,
68 67 152 -1,
68 152 153 -1,
69 68 153 -1,
69 153 154 -1,
70 69 154 -1,
70 154 155 -1,
71 70 155 -1,
71 155 156 -1,
71 156 157 -1,
72 71 157 -1,
72 157 158 -1,
73 158 159 -1,
73 72 158 -1,
74 73 159 -1,
75 159 160 -1,
75 74 159 -1,
76 160 161 -1,
76 75 160 -1,
77 161 162 -1,
77 76 161 -1,
78 162 163 -1,
78 163 164 -1,
78 77 162 -1,
79 78 164 -1,
80 164 165 -1,
80 165 166 -1,
80 79 164 -1,
81 80 166 -1,
82 166 167 -1,
82 81 166 -1,
83 82 167 -1,
83 167 168 -1,
84 83 168 -1,
84 168 169 -1,
306 222 223 -1,
306 223 307 -1,
308 223 224 -1,
308 307 223 -1,
305 220 221 -1,
305 221 222 -1,
305 222 306 -1,
309 308 224 -1,
309 224 225 -1,
304 220 305 -1,
310 309 225 -1,
310 225 226 -1,
303 220 304 -1,
303 219 220 -1,
311 226 227 -1,
311 310 226 -1,
302 219 303 -1,
302 218 219 -1,
312 227 228 -1,
312 311 227 -1,
301 218 302 -1,
301 217 218 -1,
313 312 228 -1,
313 228 229 -1,
300 217 301 -1,
300 216 217 -1,
314 229 230 -1,
314 230 231 -1,
314 313 229 -1,
299 215 216 -1,
299 216 300 -1,
315 314 231 -1,
298 215 299 -1,
298 213 214 -1,
298 214 215 -1,
316 231 232 -1,
316 315 231 -1,
297 213 298 -1,
317 316 232 -1,
317 232 233 -1,
296 212 213 -1,
296 213 297 -1,
318 233 234 -1,
318 317 233 -1,
295 211 212 -1,
295 212 296 -1,
319 318 234 -1,
319 234 235 -1,
294 210 211 -1,
294 211 295 -1,
320 319 235 -1,
320 235 236 -1,
293 208 209 -1,
293 209 210 -1,
293 210 294 -1,
321 320 236 -1,
321 236 237 -1,
292 208 293 -1,
291 206 207 -1,
291 207 208 -1,
291 208 292 -1,
322 237 238 -1,
322 321 237 -1,
290 206 291 -1,
323 322 238 -1,
323 238 239 -1,
323 239 240 -1,
289 206 290 -1,
289 204 205 -1,
289 205 206 -1,
324 323 240 -1,
288 204 289 -1,
325 240 241 -1,
325 324 240 -1,
287 204 288 -1,
287 203 204 -1,
326 325 241 -1,
326 241 242 -1,
286 203 287 -1,
286 202 203 -1,
327 326 242 -1,
327 242 243 -1,
328 327 243 -1,
201 286 285 -1,
201 202 286 -1,
244 328 243 -1,
284 201 285 -1,
200 201 284 -1,
245 328 244 -1,
245 329 328 -1,
199 284 283 -1,
199 200 284 -1,
246 329 245 -1,
246 330 329 -1,
246 331 330 -1,
198 282 281 -1,
198 283 282 -1,
198 199 283 -1,
247 331 246 -1,
197 198 281 -1,
248 331 247 -1,
248 332 331 -1,
196 281 280 -1,
196 197 281 -1,
249 333 332 -1,
249 332 248 -1,
195 279 278 -1,
195 280 279 -1,
195 196 280 -1,
250 334 333 -1,
250 333 249 -1,
194 195 278 -1,
251 335 334 -1,
251 334 250 -1,
193 278 277 -1,
193 194 278 -1,
252 336 335 -1,
252 335 251 -1,
192 277 276 -1,
192 193 277 -1,
253 336 252 -1,
253 337 336 -1,
170 337 253 -1,
170 254 337 -1,
191 276 275 -1,
191 192 276 -1,
190 274 273 -1,
190 275 274 -1,
190 191 275 -1,
171 254 170 -1,
171 255 254 -1,
172 255 171 -1,
172 256 255 -1,
189 190 273 -1,
173 256 172 -1,
173 257 256 -1,
188 273 272 -1,
188 189 273 -1,
174 257 173 -1,
174 258 257 -1,
187 272 271 -1,
187 188 272 -1,
175 258 174 -1,
175 259 258 -1,
175 260 259 -1,
186 271 270 -1,
186 187 271 -1,
186 270 269 -1,
176 260 175 -1,
185 186 269 -1,
177 260 176 -1,
177 261 260 -1,
184 185 269 -1,
184 269 268 -1,
178 261 177 -1,
178 262 261 -1,
183 184 268 -1,
183 268 267 -1,
182 183 267 -1,
182 267 266 -1,
179 262 178 -1,
179 263 262 -1,
179 264 263 -1,
180 264 179 -1,
181 264 180 -1,
181 265 264 -1,
181 266 265 -1,
181 182 266 -1,
474 391 390 -1,
474 475 391 -1,
476 392 391 -1,
476 391 475 -1,
473 389 388 -1,
473 390 389 -1,
473 474 390 -1,
477 392 476 -1,
477 393 392 -1,
472 473 388 -1,
478 393 477 -1,
478 394 393 -1,
471 472 388 -1,
471 388 387 -1,
479 395 394 -1,
479 394 478 -1,
470 471 387 -1,
470 387 386 -1,
480 396 395 -1,
480 395 479 -1,
469 470 386 -1,
469 386 385 -1,
481 396 480 -1,
481 397 396 -1,
468 469 385 -1,
468 385 384 -1,
482 398 397 -1,
482 399 398 -1,
482 397 481 -1,
467 384 383 -1,
467 468 384 -1,
483 399 482 -1,
466 467 383 -1,
466 382 381 -1,
466 383 382 -1,
484 400 399 -1,
484 399 483 -1,
465 466 381 -1,
485 400 484 -1,
485 401 400 -1,
464 381 380 -1,
464 465 381 -1,
486 402 401 -1,
486 401 485 -1,
463 380 379 -1,
463 464 380 -1,
487 402 486 -1,
487 403 402 -1,
462 379 378 -1,
462 463 379 -1,
488 403 487 -1,
488 404 403 -1,
461 377 376 -1,
461 378 377 -1,
461 462 378 -1,
489 404 488 -1,
489 405 404 -1,
460 461 376 -1,
459 375 374 -1,
459 376 375 -1,
459 460 376 -1,
490 406 405 -1,
490 405 489 -1,
458 459 374 -1,
491 406 490 -1,
491 407 406 -1,
491 408 407 -1,
457 458 374 -1,
457 373 372 -1,
457 374 373 -1,
492 408 491 -1,
456 457 372 -1,
493 409 408 -1,
493 408 492 -1,
455 456 372 -1,
455 372 371 -1,
494 409 493 -1,
494 410 409 -1,
454 455 371 -1,
454 371 370 -1,
495 410 494 -1,
495 411 410 -1,
496 411 495 -1,
369 453 454 -1,
369 454 370 -1,
412 411 496 -1,
452 453 369 -1,
368 452 369 -1,
413 412 496 -1,
413 496 497 -1,
367 451 452 -1,
367 452 368 -1,
414 413 497 -1,
414 497 498 -1,
414 498 499 -1,
366 449 450 -1,
366 450 451 -1,
366 451 367 -1,
415 414 499 -1,
365 449 366 -1,
416 415 499 -1,
416 499 500 -1,
364 448 449 -1,
364 449 365 -1,
417 500 501 -1,
417 416 500 -1,
363 446 447 -1,
363 447 448 -1,
363 448 364 -1,
418 501 502 -1,
418 417 501 -1,
362 446 363 -1,
419 502 503 -1,
419 418 502 -1,
361 445 446 -1,
361 446 362 -1,
420 503 504 -1,
420 419 503 -1,
360 444 445 -1,
360 445 361 -1,
421 420 504 -1,
421 504 505 -1,
338 421 505 -1,
338 505 422 -1,
359 443 444 -1,
359 444 360 -1,
358 441 442 -1,
358 442 443 -1,
358 443 359 -1,
339 338 422 -1,
339 422 423 -1,
340 339 423 -1,
340 423 424 -1,
357 441 358 -1,
341 340 424 -1,
341 424 425 -1,
356 440 441 -1,
356 441 357 -1,
342 341 425 -1,
342 425 426 -1,
355 439 440 -1,
355 440 356 -1,
343 342 426 -1,
343 426 427 -1,
343 427 428 -1,
354 438 439 -1,
354 439 355 -1,
354 437 438 -1,
344 343 428 -1,
353 437 354 -1,
345 344 428 -1,
345 428 429 -1,
352 437 353 -1,
352 436 437 -1,
346 345 429 -1,
346 429 430 -1,
351 436 352 -1,
351 435 436 -1,
350 435 351 -1,
350 434 435 -1,
347 346 430 -1,
347 430 431 -1,
347 431 432 -1,
348 347 432 -1,
349 348 432 -1,
349 432 433 -1,
349 433 434 -1,
349 434 350 -1,
507 591 506 -1,
507 592 591 -1,
508 592 507 -1,
508 593 592 -1,
509 594 593 -1,
509 593 508 -1,
510 595 594 -1,
510 594 509 -1,
511 596 595 -1,
511 595 510 -1,
512 597 596 -1,
512 596 511 -1,
513 598 597 -1,
513 597 512 -1,
514 598 513 -1,
514 599 598 -1,
515 599 514 -1,
515 600 599 -1,
516 600 515 -1,
516 601 600 -1,
517 601 516 -1,
517 602 601 -1,
518 602 517 -1,
518 603 602 -1,
518 604 603 -1,
519 604 518 -1,
520 604 519 -1,
520 605 604 -1,
521 605 520 -1,
521 606 605 -1,
522 607 606 -1,
522 606 521 -1,
523 608 607 -1,
523 607 522 -1,
524 609 608 -1,
524 608 523 -1,
525 610 609 -1,
525 609 524 -1,
526 611 610 -1,
526 612 611 -1,
526 610 525 -1,
527 612 526 -1,
528 613 612 -1,
528 612 527 -1,
529 614 613 -1,
529 613 528 -1,
530 615 614 -1,
530 614 529 -1,
531 616 615 -1,
531 615 530 -1,
532 617 616 -1,
532 616 531 -1,
533 618 617 -1,
533 617 532 -1,
534 619 618 -1,
534 620 619 -1,
534 618 533 -1,
535 620 534 -1,
536 621 620 -1,
536 620 535 -1,
537 622 621 -1,
537 621 536 -1,
538 622 537 -1,
538 623 622 -1,
538 624 623 -1,
539 624 538 -1,
540 624 539 -1,
540 625 624 -1,
541 625 540 -1,
541 626 625 -1,
541 627 626 -1,
542 627 541 -1,
543 628 627 -1,
543 627 542 -1,
544 629 628 -1,
544 628 543 -1,
545 630 629 -1,
545 629 544 -1,
546 631 630 -1,
546 630 545 -1,
547 632 631 -1,
547 631 546 -1,
548 633 632 -1,
548 634 633 -1,
548 632 547 -1,
549 634 548 -1,
550 635 634 -1,
550 634 549 -1,
551 636 635 -1,
551 635 550 -1,
552 637 636 -1,
552 636 551 -1,
553 638 637 -1,
553 637 552 -1,
554 639 638 -1,
554 640 639 -1,
554 638 553 -1,
555 640 554 -1,
556 641 640 -1,
556 640 555 -1,
557 642 641 -1,
557 641 556 -1,
558 643 642 -1,
558 644 643 -1,
558 642 557 -1,
559 645 644 -1,
559 644 558 -1,
560 645 559 -1,
561 646 645 -1,
561 645 560 -1,
562 647 646 -1,
562 646 561 -1,
563 648 647 -1,
563 647 562 -1,
564 648 563 -1,
564 649 648 -1,
564 650 649 -1,
565 650 564 -1,
566 650 565 -1,
566 651 650 -1,
567 651 566 -1,
567 652 651 -1,
567 653 652 -1,
568 653 567 -1,
569 653 568 -1,
569 654 653 -1,
569 655 654 -1,
570 655 569 -1,
571 655 570 -1,
571 656 655 -1,
572 656 571 -1,
572 657 656 -1,
572 658 657 -1,
573 658 572 -1,
574 658 573 -1,
574 659 658 -1,
575 659 574 -1,
575 660 659 -1,
576 660 575 -1,
576 661 660 -1,
577 661 576 -1,
577 662 661 -1,
577 663 662 -1,
578 663 577 -1,
578 664 663 -1,
579 665 664 -1,
579 664 578 -1,
580 665 579 -1,
581 666 665 -1,
581 665 580 -1,
582 667 666 -1,
582 666 581 -1,
583 668 667 -1,
583 667 582 -1,
584 669 668 -1,
584 670 669 -1,
584 668 583 -1,
585 670 584 -1,
586 671 670 -1,
586 672 671 -1,
586 670 585 -1,
587 672 586 -1,
588 673 672 -1,
588 672 587 -1,
589 673 588 -1,
589 674 673 -1,
590 674 589 -1,
590 675 674 -1 ] solid TRUE creaseAngle 0.5 } }
# SMA_thread_depiction_2
Shape { appearance Appearance { material Material { diffuseColor 0.78 0.58 0.16 } } geometry IndexedFaceSet { coord Coordinate { point [ -1.819469 3.562500 7.958661,
-1.819469 3.464674 7.955001,
-1.819469 3.367395 7.944040,
-1.819469 3.271208 7.925841,
-1.819469 3.176649 7.900504,
-1.819469 3.084248 7.868171,
-1.819469 2.994522 7.829024,
-1.819469 2.907972 7.783281,
-1.819469 2.825083 7.731198,
-1.819469 2.746317 7.673067,
-1.819469 2.672116 7.609212,
-1.819469 2.602895 7.539990,
-1.819469 2.539039 7.465789,
-1.819469 2.480908 7.387023,
-1.819469 2.428825 7.304134,
-1.819469 2.383082 7.217584,
-1.819469 2.343935 7.127858,
-1.819469 2.311603 7.035457,
-1.819469 2.286266 6.940898,
-1.819469 2.268066 6.844711,
-1.819469 2.257105 6.747432,
-1.819469 2.253445 6.649606,
-1.819469 2.257105 6.551780,
-1.819469 2.268066 6.454502,
-1.819469 2.286266 6.358314,
-1.819469 2.311603 6.263756,
-1.819469 2.343935 6.171355,
-1.819469 2.383082 6.081629,
-1.819469 2.428825 5.995079,
-1.819469 2.480908 5.912189,
-1.819469 2.539039 5.833424,
-1.819469 2.602895 5.759223,
-1.819469 2.672116 5.690001,
-1.819469 2.746317 5.626146,
-1.819469 2.825083 5.568014,
-1.819469 2.907972 5.515931,
-1.819469 2.994522 5.470188,
-1.819469 3.084248 5.431041,
-1.819469 3.176649 5.398709,
-1.819469 3.271208 5.373372,
-1.819469 3.367395 5.355172,
-1.819469 3.464674 5.344212,
-1.819469 3.562500 5.340551,
-1.819469 3.660326 5.344212,
-1.819469 3.757605 5.355172,
-1.819469 3.853792 5.373372,
-1.819469 3.948351 5.398709,
-1.819469 4.040752 5.431041,
-1.819469 4.130478 5.470188,
-1.819469 4.217028 5.515931,
-1.819469 4.299917 5.568014,
-1.819469 4.378683 5.626146,
-1.819469 4.452884 5.690001,
-1.819469 4.522105 5.759223,
-1.819469 4.585961 5.833424,
-1.819469 4.644092 5.912189,
-1.819469 4.696175 5.995079,
-1.819469 4.741918 6.081629,
-1.819469 4.781065 6.171355,
-1.819469 4.813397 6.263756,
-1.819469 4.838734 6.358314,
-1.819469 4.856934 6.454502,
-1.819469 4.867895 6.551780,
-1.819469 4.871555 6.649606,
-1.819469 4.867895 6.747432,
-1.819469 4.856934 6.844711,
-1.819469 4.838734 6.940898,
-1.819469 4.813397 7.035457,
-1.819469 4.781065 7.127858,
-1.819469 4.741918 7.217584,
-1.819469 4.696175 7.304134,
-1.819469 4.644092 7.387023,
-1.819469 4.585961 7.465789,
-1.819469 4.522105 7.539990,
-1.819469 4.452884 7.609212,
-1.819469 4.378683 7.673067,
-1.819469 4.299917 7.731198,
-1.819469 4.217028 7.783281,
-1.819469 4.130478 7.829024,
-1.819469 4.040752 7.868171,
-1.819469 3.948351 7.900504,
-1.819469 3.853792 7.925841,
-1.819469 3.757605 7.944040,
-1.819469 3.660326 7.955001,
-1.819469 3.562500 7.958661,
-1.917894 3.562500 7.958661,
-1.917894 3.464674 7.955001,
-1.917894 3.367395 7.944040,
-1.917894 3.271208 7.925841,
-1.917894 3.176649 7.900504,
-1.917894 3.084248 7.868171,
-1.917894 2.994522 7.829024,
-1.917894 2.907972 7.783281,
-1.917894 2.825083 7.731198,
-1.917894 2.746317 7.673067,
-1.917894 2.672116 7.609212,
-1.917894 2.602895 7.539990,
-1.917894 2.539039 7.465789,
-1.917894 2.480908 7.387023,
-1.917894 2.428825 7.304134,
-1.917894 2.383082 7.217584,
-1.917894 2.343935 7.127858,
-1.917894 2.311603 7.035457,
-1.917894 2.286266 6.940898,
-1.917894 2.268066 6.844711,
-1.917894 2.257105 6.747432,
-1.917894 2.253445 6.649606,
-1.917894 2.257105 6.551780,
-1.917894 2.268066 6.454502,
-1.917894 2.286266 6.358314,
-1.917894 2.311603 6.263756,
-1.917894 2.343935 6.171355,
-1.917894 2.383082 6.081629,
-1.917894 2.428825 5.995079,
-1.917894 2.480908 5.912189,
-1.917894 2.539039 5.833424,
-1.917894 2.602895 5.759223,
-1.917894 2.672116 5.690001,
-1.917894 2.746317 5.626146,
-1.917894 2.825083 5.568014,
-1.917894 2.907972 5.515931,
-1.917894 2.994522 5.470188,
-1.917894 3.084248 5.431041,
-1.917894 3.176649 5.398709,
-1.917894 3.271208 5.373372,
-1.917894 3.367395 5.355172,
-1.917894 3.464674 5.344212,
-1.917894 3.562500 5.340551,
-1.917894 3.660326 5.344212,
-1.917894 3.757605 5.355172,
-1.917894 3.853792 5.373372,
-1.917894 3.948351 5.398709,
-1.917894 4.040752 5.431041,
-1.917894 4.130478 5.470188,
-1.917894 4.217028 5.515931,
-1.917894 4.299917 5.568014,
-1.917894 4.378683 5.626146,
-1.917894 4.452884 5.690001,
-1.917894 4.522105 5.759223,
-1.917894 4.585961 5.833424,
-1.917894 4.644092 5.912189,
-1.917894 4.696175 5.995079,
-1.917894 4.741918 6.081629,
-1.917894 4.781065 6.171355,
-1.917894 4.813397 6.263756,
-1.917894 4.838734 6.358314,
-1.917894 4.856934 6.454502,
-1.917894 4.867895 6.551780,
-1.917894 4.871555 6.649606,
-1.917894 4.867895 6.747432,
-1.917894 4.856934 6.844711,
-1.917894 4.838734 6.940898,
-1.917894 4.813397 7.035457,
-1.917894 4.781065 7.127858,
-1.917894 4.741918 7.217584,
-1.917894 4.696175 7.304134,
-1.917894 4.644092 7.387023,
-1.917894 4.585961 7.465789,
-1.917894 4.522105 7.539990,
-1.917894 4.452884 7.609212,
-1.917894 4.378683 7.673067,
-1.917894 4.299917 7.731198,
-1.917894 4.217028 7.783281,
-1.917894 4.130478 7.829024,
-1.917894 4.040752 7.868171,
-1.917894 3.948351 7.900504,
-1.917894 3.853792 7.925841,
-1.917894 3.757605 7.944040,
-1.917894 3.660326 7.955001,
-1.917894 3.562500 7.958661,
-1.819469 3.562500 7.958661,
-1.819469 3.464674 7.955001,
-1.819469 3.367395 7.944040,
-1.819469 3.271208 7.925841,
-1.819469 3.176649 7.900504,
-1.819469 3.084248 7.868171,
-1.819469 2.994522 7.829024,
-1.819469 2.907972 7.783281,
-1.819469 2.825083 7.731198,
-1.819469 2.746317 7.673067,
-1.819469 2.672116 7.609212,
-1.819469 2.602895 7.539990,
-1.819469 2.539039 7.465789,
-1.819469 2.480908 7.387023,
-1.819469 2.428825 7.304134,
-1.819469 2.383082 7.217584,
-1.819469 2.343935 7.127858,
-1.819469 2.311603 7.035457,
-1.819469 2.286266 6.940898,
-1.819469 2.268066 6.844711,
-1.819469 2.257105 6.747432,
-1.819469 2.253445 6.649606,
-1.819469 2.257105 6.551780,
-1.819469 2.268066 6.454502,
-1.819469 2.286266 6.358314,
-1.819469 2.311603 6.263756,
-1.819469 2.343935 6.171355,
-1.819469 2.383082 6.081629,
-1.819469 2.428825 5.995079,
-1.819469 2.480908 5.912189,
-1.819469 2.539039 5.833424,
-1.819469 2.602895 5.759223,
-1.819469 2.672116 5.690001,
-1.819469 2.746317 5.626146,
-1.819469 2.825083 5.568014,
-1.819469 2.907972 5.515931,
-1.819469 2.994522 5.470188,
-1.819469 3.084248 5.431041,
-1.819469 3.176649 5.398709,
-1.819469 3.271208 5.373372,
-1.819469 3.367395 5.355172,
-1.819469 3.464674 5.344212,
-1.819469 3.562500 5.340551,
-1.819469 3.660326 5.344212,
-1.819469 3.757605 5.355172,
-1.819469 3.853792 5.373372,
-1.819469 3.948351 5.398709,
-1.819469 4.040752 5.431041,
-1.819469 4.130478 5.470188,
-1.819469 4.217028 5.515931,
-1.819469 4.299917 5.568014,
-1.819469 4.378683 5.626146,
-1.819469 4.452884 5.690001,
-1.819469 4.522105 5.759223,
-1.819469 4.585961 5.833424,
-1.819469 4.644092 5.912189,
-1.819469 4.696175 5.995079,
-1.819469 4.741918 6.081629,
-1.819469 4.781065 6.171355,
-1.819469 4.813397 6.263756,
-1.819469 4.838734 6.358314,
-1.819469 4.856934 6.454502,
-1.819469 4.867895 6.551780,
-1.819469 4.871555 6.649606,
-1.819469 4.867895 6.747432,
-1.819469 4.856934 6.844711,
-1.819469 4.838734 6.940898,
-1.819469 4.813397 7.035457,
-1.819469 4.781065 7.127858,
-1.819469 4.741918 7.217584,
-1.819469 4.696175 7.304134,
-1.819469 4.644092 7.387023,
-1.819469 4.585961 7.465789,
-1.819469 4.522105 7.539990,
-1.819469 4.452884 7.609212,
-1.819469 4.378683 7.673067,
-1.819469 4.299917 7.731198,
-1.819469 4.217028 7.783281,
-1.819469 4.130478 7.829024,
-1.819469 4.040752 7.868171,
-1.819469 3.948351 7.900504,
-1.819469 3.853792 7.925841,
-1.819469 3.757605 7.944040,
-1.819469 3.660326 7.955001,
-1.819469 3.562500 7.496063,
-1.819469 3.499244 7.493696,
-1.819469 3.436342 7.486609,
-1.819469 3.374146 7.474841,
-1.819469 3.313003 7.458457,
-1.819469 3.253255 7.437551,
-1.819469 3.195236 7.412237,
-1.819469 3.139272 7.382659,
-1.819469 3.085674 7.348982,
-1.819469 3.034743 7.311393,
-1.819469 2.986763 7.270103,
-1.819469 2.942003 7.225343,
-1.819469 2.900714 7.177363,
-1.819469 2.863125 7.126432,
-1.819469 2.829447 7.072835,
-1.819469 2.799869 7.016870,
-1.819469 2.774556 6.958852,
-1.819469 2.753649 6.899104,
-1.819469 2.737266 6.837961,
-1.819469 2.725498 6.775764,
-1.819469 2.718410 6.712862,
-1.819469 2.716043 6.649606,
-1.819469 2.718410 6.586351,
-1.819469 2.725498 6.523448,
-1.819469 2.737266 6.461252,
-1.819469 2.753649 6.400109,
-1.819469 2.774556 6.340361,
-1.819469 2.799869 6.282343,
-1.819469 2.829447 6.226378,
-1.819469 2.863125 6.172780,
-1.819469 2.900714 6.121849,
-1.819469 2.942003 6.073870,
-1.819469 2.986763 6.029110,
-1.819469 3.034743 5.987820,
-1.819469 3.085674 5.950231,
-1.819469 3.139272 5.916553,
-1.819469 3.195236 5.886975,
-1.819469 3.253255 5.861662,
-1.819469 3.313003 5.840755,
-1.819469 3.374146 5.824372,
-1.819469 3.436342 5.812604,
-1.819469 3.499244 5.805516,
-1.819469 3.562500 5.803150,
-1.819469 3.625756 5.805516,
-1.819469 3.688658 5.812604,
-1.819469 3.750854 5.824372,
-1.819469 3.811997 5.840755,
-1.819469 3.871745 5.861662,
-1.819469 3.929764 5.886975,
-1.819469 3.985728 5.916553,
-1.819469 4.039326 5.950231,
-1.819469 4.090257 5.987820,
-1.819469 4.138237 6.029110,
-1.819469 4.182997 6.073870,
-1.819469 4.224286 6.121849,
-1.819469 4.261875 6.172780,
-1.819469 4.295553 6.226378,
-1.819469 4.325131 6.282343,
-1.819469 4.350444 6.340361,
-1.819469 4.371351 6.400109,
-1.819469 4.387734 6.461252,
-1.819469 4.399502 6.523448,
-1.819469 4.406590 6.586351,
-1.819469 4.408957 6.649606,
-1.819469 4.406590 6.712862,
-1.819469 4.399502 6.775764,
-1.819469 4.387734 6.837961,
-1.819469 4.371351 6.899104,
-1.819469 4.350444 6.958852,
-1.819469 4.325131 7.016870,
-1.819469 4.295553 7.072835,
-1.819469 4.261875 7.126432,
-1.819469 4.224286 7.177363,
-1.819469 4.182997 7.225343,
-1.819469 4.138237 7.270103,
-1.819469 4.090257 7.311393,
-1.819469 4.039326 7.348982,
-1.819469 3.985728 7.382659,
-1.819469 3.929764 7.412237,
-1.819469 3.871745 7.437551,
-1.819469 3.811997 7.458457,
-1.819469 3.750854 7.474841,
-1.819469 3.688658 7.486609,
-1.819469 3.625756 7.493696,
-1.917894 3.562500 7.958661,
-1.917894 3.464674 7.955001,
-1.917894 3.367395 7.944040,
-1.917894 3.271208 7.925841,
-1.917894 3.176649 7.900504,
-1.917894 3.084248 7.868171,
-1.917894 2.994522 7.829024,
-1.917894 2.907972 7.783281,
-1.917894 2.825083 7.731198,
-1.917894 2.746317 7.673067,
-1.917894 2.672116 7.609212,
-1.917894 2.602895 7.539990,
-1.917894 2.539039 7.465789,
-1.917894 2.480908 7.387023,
-1.917894 2.428825 7.304134,
-1.917894 2.383082 7.217584,
-1.917894 2.343935 7.127858,
-1.917894 2.311603 7.035457,
-1.917894 2.286266 6.940898,
-1.917894 2.268066 6.844711,
-1.917894 2.257105 6.747432,
-1.917894 2.253445 6.649606,
-1.917894 2.257105 6.551780,
-1.917894 2.268066 6.454502,
-1.917894 2.286266 6.358314,
-1.917894 2.311603 6.263756,
-1.917894 2.343935 6.171355,
-1.917894 2.383082 6.081629,
-1.917894 2.428825 5.995079,
-1.917894 2.480908 5.912189,
-1.917894 2.539039 5.833424,
-1.917894 2.602895 5.759223,
-1.917894 2.672116 5.690001,
-1.917894 2.746317 5.626146,
-1.917894 2.825083 5.568014,
-1.917894 2.907972 5.515931,
-1.917894 2.994522 5.470188,
-1.917894 3.084248 5.431041,
-1.917894 3.176649 5.398709,
-1.917894 3.271208 5.373372,
-1.917894 3.367395 5.355172,
-1.917894 3.464674 5.344212,
-1.917894 3.562500 5.340551,
-1.917894 3.660326 5.344212,
-1.917894 3.757605 5.355172,
-1.917894 3.853792 5.373372,
-1.917894 3.948351 5.398709,
-1.917894 4.040752 5.431041,
-1.917894 4.130478 5.470188,
-1.917894 4.217028 5.515931,
-1.917894 4.299917 5.568014,
-1.917894 4.378683 5.626146,
-1.917894 4.452884 5.690001,
-1.917894 4.522105 5.759223,
-1.917894 4.585961 5.833424,
-1.917894 4.644092 5.912189,
-1.917894 4.696175 5.995079,
-1.917894 4.741918 6.081629,
-1.917894 4.781065 6.171355,
-1.917894 4.813397 6.263756,
-1.917894 4.838734 6.358314,
-1.917894 4.856934 6.454502,
-1.917894 4.867895 6.551780,
-1.917894 4.871555 6.649606,
-1.917894 4.867895 6.747432,
-1.917894 4.856934 6.844711,
-1.917894 4.838734 6.940898,
-1.917894 4.813397 7.035457,
-1.917894 4.781065 7.127858,
-1.917894 4.741918 7.217584,
-1.917894 4.696175 7.304134,
-1.917894 4.644092 7.387023,
-1.917894 4.585961 7.465789,
-1.917894 4.522105 7.539990,
-1.917894 4.452884 7.609212,
-1.917894 4.378683 7.673067,
-1.917894 4.299917 7.731198,
-1.917894 4.217028 7.783281,
-1.917894 4.130478 7.829024,
-1.917894 4.040752 7.868171,
-1.917894 3.948351 7.900504,
-1.917894 3.853792 7.925841,
-1.917894 3.757605 7.944040,
-1.917894 3.660326 7.955001,
-1.917894 3.562500 7.496063,
-1.917894 3.499244 7.493696,
-1.917894 3.436342 7.486609,
-1.917894 3.374146 7.474841,
-1.917894 3.313003 7.458457,
-1.917894 3.253255 7.437551,
-1.917894 3.195236 7.412237,
-1.917894 3.139272 7.382659,
-1.917894 3.085674 7.348982,
-1.917894 3.034743 7.311393,
-1.917894 2.986763 7.270103,
-1.917894 2.942003 7.225343,
-1.917894 2.900714 7.177363,
-1.917894 2.863125 7.126432,
-1.917894 2.829447 7.072835,
-1.917894 2.799869 7.016870,
-1.917894 2.774556 6.958852,
-1.917894 2.753649 6.899104,
-1.917894 2.737266 6.837961,
-1.917894 2.725498 6.775764,
-1.917894 2.718410 6.712862,
-1.917894 2.716043 6.649606,
-1.917894 2.718410 6.586351,
-1.917894 2.725498 6.523448,
-1.917894 2.737266 6.461252,
-1.917894 2.753649 6.400109,
-1.917894 2.774556 6.340361,
-1.917894 2.799869 6.282343,
-1.917894 2.829447 6.226378,
-1.917894 2.863125 6.172780,
-1.917894 2.900714 6.121849,
-1.917894 2.942003 6.073870,
-1.917894 2.986763 6.029110,
-1.917894 3.034743 5.987820,
-1.917894 3.085674 5.950231,
-1.917894 3.139272 5.916553,
-1.917894 3.195236 5.886975,
-1.917894 3.253255 5.861662,
-1.917894 3.313003 5.840755,
-1.917894 3.374146 5.824372,
-1.917894 3.436342 5.812604,
-1.917894 3.499244 5.805516,
-1.917894 3.562500 5.803150,
-1.917894 3.625756 5.805516,
-1.917894 3.688658 5.812604,
-1.917894 3.750854 5.824372,
-1.917894 3.811997 5.840755,
-1.917894 3.871745 5.861662,
-1.917894 3.929764 5.886975,
-1.917894 3.985728 5.916553,
-1.917894 4.039326 5.950231,
-1.917894 4.090257 5.987820,
-1.917894 4.138237 6.029110,
-1.917894 4.182997 6.073870,
-1.917894 4.224286 6.121849,
-1.917894 4.261875 6.172780,
-1.917894 4.295553 6.226378,
-1.917894 4.325131 6.282343,
-1.917894 4.350444 6.340361,
-1.917894 4.371351 6.400109,
-1.917894 4.387734 6.461252,
-1.917894 4.399502 6.523448,
-1.917894 4.406590 6.586351,
-1.917894 4.408957 6.649606,
-1.917894 4.406590 6.712862,
-1.917894 4.399502 6.775764,
-1.917894 4.387734 6.837961,
-1.917894 4.371351 6.899104,
-1.917894 4.350444 6.958852,
-1.917894 4.325131 7.016870,
-1.917894 4.295553 7.072835,
-1.917894 4.261875 7.126432,
-1.917894 4.224286 7.177363,
-1.917894 4.182997 7.225343,
-1.917894 4.138237 7.270103,
-1.917894 4.090257 7.311393,
-1.917894 4.039326 7.348982,
-1.917894 3.985728 7.382659,
-1.917894 3.929764 7.412237,
-1.917894 3.871745 7.437551,
-1.917894 3.811997 7.458457,
-1.917894 3.750854 7.474841,
-1.917894 3.688658 7.486609,
-1.917894 3.625756 7.493696,
-1.819469 3.562500 7.496063,
-1.819469 3.499244 7.493696,
-1.819469 3.436342 7.486609,
-1.819469 3.374146 7.474841,
-1.819469 3.313003 7.458457,
-1.819469 3.253255 7.437551,
-1.819469 3.195236 7.412237,
-1.819469 3.139272 7.382659,
-1.819469 3.085674 7.348982,
-1.819469 3.034743 7.311393,
-1.819469 2.986763 7.270103,
-1.819469 2.942003 7.225343,
-1.819469 2.900714 7.177363,
-1.819469 2.863125 7.126432,
-1.819469 2.829447 7.072835,
-1.819469 2.799869 7.016870,
-1.819469 2.774556 6.958852,
-1.819469 2.753649 6.899104,
-1.819469 2.737266 6.837961,
-1.819469 2.725498 6.775764,
-1.819469 2.718410 6.712862,
-1.819469 2.716043 6.649606,
-1.819469 2.718410 6.586351,
-1.819469 2.725498 6.523448,
-1.819469 2.737266 6.461252,
-1.819469 2.753649 6.400109,
-1.819469 2.774556 6.340361,
-1.819469 2.799869 6.282343,
-1.819469 2.829447 6.226378,
-1.819469 2.863125 6.172780,
-1.819469 2.900714 6.121849,
-1.819469 2.942003 6.073870,
-1.819469 2.986763 6.029110,
-1.819469 3.034743 5.987820,
-1.819469 3.085674 5.950231,
-1.819469 3.139272 5.916553,
-1.819469 3.195236 5.886975,
-1.819469 3.253255 5.861662,
-1.819469 3.313003 5.840755,
-1.819469 3.374146 5.824372,
-1.819469 3.436342 5.812604,
-1.819469 3.499244 5.805516,
-1.819469 3.562500 5.803150,
-1.819469 3.625756 5.805516,
-1.819469 3.688658 5.812604,
-1.819469 3.750854 5.824372,
-1.819469 3.811997 5.840755,
-1.819469 3.871745 5.861662,
-1.819469 3.929764 5.886975,
-1.819469 3.985728 5.916553,
-1.819469 4.039326 5.950231,
-1.819469 4.090257 5.987820,
-1.819469 4.138237 6.029110,
-1.819469 4.182997 6.073870,
-1.819469 4.224286 6.121849,
-1.819469 4.261875 6.172780,
-1.819469 4.295553 6.226378,
-1.819469 4.325131 6.282343,
-1.819469 4.350444 6.340361,
-1.819469 4.371351 6.400109,
-1.819469 4.387734 6.461252,
-1.819469 4.399502 6.523448,
-1.819469 4.406590 6.586351,
-1.819469 4.408957 6.649606,
-1.819469 4.406590 6.712862,
-1.819469 4.399502 6.775764,
-1.819469 4.387734 6.837961,
-1.819469 4.371351 6.899104,
-1.819469 4.350444 6.958852,
-1.819469 4.325131 7.016870,
-1.819469 4.295553 7.072835,
-1.819469 4.261875 7.126432,
-1.819469 4.224286 7.177363,
-1.819469 4.182997 7.225343,
-1.819469 4.138237 7.270103,
-1.819469 4.090257 7.311393,
-1.819469 4.039326 7.348982,
-1.819469 3.985728 7.382659,
-1.819469 3.929764 7.412237,
-1.819469 3.871745 7.437551,
-1.819469 3.811997 7.458457,
-1.819469 3.750854 7.474841,
-1.819469 3.688658 7.486609,
-1.819469 3.625756 7.493696,
-1.819469 3.562500 7.496063,
-1.917894 3.562500 7.496063,
-1.917894 3.499244 7.493696,
-1.917894 3.436342 7.486609,
-1.917894 3.374146 7.474841,
-1.917894 3.313003 7.458457,
-1.917894 3.253255 7.437551,
-1.917894 3.195236 7.412237,
-1.917894 3.139272 7.382659,
-1.917894 3.085674 7.348982,
-1.917894 3.034743 7.311393,
-1.917894 2.986763 7.270103,
-1.917894 2.942003 7.225343,
-1.917894 2.900714 7.177363,
-1.917894 2.863125 7.126432,
-1.917894 2.829447 7.072835,
-1.917894 2.799869 7.016870,
-1.917894 2.774556 6.958852,
-1.917894 2.753649 6.899104,
-1.917894 2.737266 6.837961,
-1.917894 2.725498 6.775764,
-1.917894 2.718410 6.712862,
-1.917894 2.716043 6.649606,
-1.917894 2.718410 6.586351,
-1.917894 2.725498 6.523448,
-1.917894 2.737266 6.461252,
-1.917894 2.753649 6.400109,
-1.917894 2.774556 6.340361,
-1.917894 2.799869 6.282343,
-1.917894 2.829447 6.226378,
-1.917894 2.863125 6.172780,
-1.917894 2.900714 6.121849,
-1.917894 2.942003 6.073870,
-1.917894 2.986763 6.029110,
-1.917894 3.034743 5.987820,
-1.917894 3.085674 5.950231,
-1.917894 3.139272 5.916553,
-1.917894 3.195236 5.886975,
-1.917894 3.253255 5.861662,
-1.917894 3.313003 5.840755,
-1.917894 3.374146 5.824372,
-1.917894 3.436342 5.812604,
-1.917894 3.499244 5.805516,
-1.917894 3.562500 5.803150,
-1.917894 3.625756 5.805516,
-1.917894 3.688658 5.812604,
-1.917894 3.750854 5.824372,
-1.917894 3.811997 5.840755,
-1.917894 3.871745 5.861662,
-1.917894 3.929764 5.886975,
-1.917894 3.985728 5.916553,
-1.917894 4.039326 5.950231,
-1.917894 4.090257 5.987820,
-1.917894 4.138237 6.029110,
-1.917894 4.182997 6.073870,
-1.917894 4.224286 6.121849,
-1.917894 4.261875 6.172780,
-1.917894 4.295553 6.226378,
-1.917894 4.325131 6.282343,
-1.917894 4.350444 6.340361,
-1.917894 4.371351 6.400109,
-1.917894 4.387734 6.461252,
-1.917894 4.399502 6.523448,
-1.917894 4.406590 6.586351,
-1.917894 4.408957 6.649606,
-1.917894 4.406590 6.712862,
-1.917894 4.399502 6.775764,
-1.917894 4.387734 6.837961,
-1.917894 4.371351 6.899104,
-1.917894 4.350444 6.958852,
-1.917894 4.325131 7.016870,
-1.917894 4.295553 7.072835,
-1.917894 4.261875 7.126432,
-1.917894 4.224286 7.177363,
-1.917894 4.182997 7.225343,
-1.917894 4.138237 7.270103,
-1.917894 4.090257 7.311393,
-1.917894 4.039326 7.348982,
-1.917894 3.985728 7.382659,
-1.917894 3.929764 7.412237,
-1.917894 3.871745 7.437551,
-1.917894 3.811997 7.458457,
-1.917894 3.750854 7.474841,
-1.917894 3.688658 7.486609,
-1.917894 3.625756 7.493696,
-1.917894 3.562500 7.496063 ] } coordIndex [ 1 0 85 -1,
1 85 86 -1,
2 1 86 -1,
2 86 87 -1,
3 87 88 -1,
3 2 87 -1,
4 88 89 -1,
4 3 88 -1,
5 89 90 -1,
5 4 89 -1,
6 90 91 -1,
6 5 90 -1,
7 91 92 -1,
7 6 91 -1,
8 7 92 -1,
8 92 93 -1,
9 8 93 -1,
9 93 94 -1,
10 9 94 -1,
10 94 95 -1,
11 10 95 -1,
11 95 96 -1,
12 11 96 -1,
12 96 97 -1,
12 97 98 -1,
13 12 98 -1,
14 13 98 -1,
14 98 99 -1,
15 14 99 -1,
15 99 100 -1,
16 100 101 -1,
16 15 100 -1,
17 101 102 -1,
17 16 101 -1,
18 102 103 -1,
18 17 102 -1,
19 103 104 -1,
19 18 103 -1,
20 104 105 -1,
20 105 106 -1,
20 19 104 -1,
21 20 106 -1,
22 106 107 -1,
22 21 106 -1,
23 107 108 -1,
23 22 107 -1,
24 108 109 -1,
24 23 108 -1,
25 109 110 -1,
25 24 109 -1,
26 110 111 -1,
26 25 110 -1,
27 111 112 -1,
27 26 111 -1,
28 112 113 -1,
28 113 114 -1,
28 27 112 -1,
29 28 114 -1,
30 114 115 -1,
30 29 114 -1,
31 115 116 -1,
31 30 115 -1,
32 31 116 -1,
32 116 117 -1,
32 117 118 -1,
33 32 118 -1,
34 33 118 -1,
34 118 119 -1,
35 34 119 -1,
35 119 120 -1,
35 120 121 -1,
36 35 121 -1,
37 121 122 -1,
37 36 121 -1,
38 122 123 -1,
38 37 122 -1,
39 123 124 -1,
39 38 123 -1,
40 124 125 -1,
40 39 124 -1,
41 125 126 -1,
41 40 125 -1,
42 126 127 -1,
42 127 128 -1,
42 41 126 -1,
43 42 128 -1,
44 128 129 -1,
44 43 128 -1,
45 129 130 -1,
45 44 129 -1,
46 130 131 -1,
46 45 130 -1,
47 131 132 -1,
47 46 131 -1,
48 132 133 -1,
48 133 134 -1,
48 47 132 -1,
49 48 134 -1,
50 134 135 -1,
50 49 134 -1,
51 135 136 -1,
51 50 135 -1,
52 136 137 -1,
52 137 138 -1,
52 51 136 -1,
53 138 139 -1,
53 52 138 -1,
54 53 139 -1,
55 139 140 -1,
55 54 139 -1,
56 140 141 -1,
56 55 140 -1,
57 141 142 -1,
57 56 141 -1,
58 57 142 -1,
58 142 143 -1,
58 143 144 -1,
59 58 144 -1,
60 59 144 -1,
60 144 145 -1,
61 60 145 -1,
61 145 146 -1,
61 146 147 -1,
62 61 147 -1,
63 62 147 -1,
63 147 148 -1,
63 148 149 -1,
64 63 149 -1,
65 64 149 -1,
65 149 150 -1,
66 65 150 -1,
66 150 151 -1,
66 151 152 -1,
67 66 152 -1,
68 67 152 -1,
68 152 153 -1,
69 68 153 -1,
69 153 154 -1,
70 69 154 -1,
70 154 155 -1,
71 70 155 -1,
71 155 156 -1,
71 156 157 -1,
72 71 157 -1,
72 157 158 -1,
73 158 159 -1,
73 72 158 -1,
74 73 159 -1,
75 159 160 -1,
75 74 159 -1,
76 160 161 -1,
76 75 160 -1,
77 161 162 -1,
77 76 161 -1,
78 162 163 -1,
78 163 164 -1,
78 77 162 -1,
79 78 164 -1,
80 164 165 -1,
80 165 166 -1,
80 79 164 -1,
81 80 166 -1,
82 166 167 -1,
82 81 166 -1,
83 82 167 -1,
83 167 168 -1,
84 83 168 -1,
84 168 169 -1,
306 222 223 -1,
306 223 307 -1,
308 223 224 -1,
308 307 223 -1,
305 220 221 -1,
305 221 222 -1,
305 222 306 -1,
309 308 224 -1,
309 224 225 -1,
304 220 305 -1,
310 309 225 -1,
310 225 226 -1,
303 220 304 -1,
303 219 220 -1,
311 226 227 -1,
311 310 226 -1,
302 219 303 -1,
302 218 219 -1,
312 227 228 -1,
312 311 227 -1,
301 218 302 -1,
301 217 218 -1,
313 312 228 -1,
313 228 229 -1,
300 217 301 -1,
300 216 217 -1,
314 229 230 -1,
314 230 231 -1,
314 313 229 -1,
299 215 216 -1,
299 216 300 -1,
315 314 231 -1,
298 215 299 -1,
298 213 214 -1,
298 214 215 -1,
316 231 232 -1,
316 315 231 -1,
297 213 298 -1,
317 316 232 -1,
317 232 233 -1,
296 212 213 -1,
296 213 297 -1,
318 233 234 -1,
318 317 233 -1,
295 211 212 -1,
295 212 296 -1,
319 318 234 -1,
319 234 235 -1,
294 210 211 -1,
294 211 295 -1,
320 319 235 -1,
320 235 236 -1,
293 208 209 -1,
293 209 210 -1,
293 210 294 -1,
321 320 236 -1,
321 236 237 -1,
292 208 293 -1,
291 206 207 -1,
291 207 208 -1,
291 208 292 -1,
322 237 238 -1,
322 321 237 -1,
290 206 291 -1,
323 322 238 -1,
323 238 239 -1,
323 239 240 -1,
289 206 290 -1,
289 204 205 -1,
289 205 206 -1,
324 323 240 -1,
288 204 289 -1,
325 240 241 -1,
325 324 240 -1,
287 204 288 -1,
287 203 204 -1,
326 325 241 -1,
326 241 242 -1,
286 203 287 -1,
286 202 203 -1,
327 326 242 -1,
327 242 243 -1,
328 327 243 -1,
201 286 285 -1,
201 202 286 -1,
244 328 243 -1,
284 201 285 -1,
200 201 284 -1,
245 328 244 -1,
245 329 328 -1,
199 284 283 -1,
199 200 284 -1,
246 329 245 -1,
246 330 329 -1,
246 331 330 -1,
198 282 281 -1,
198 283 282 -1,
198 199 283 -1,
247 331 246 -1,
197 198 281 -1,
248 331 247 -1,
248 332 331 -1,
196 281 280 -1,
196 197 281 -1,
249 333 332 -1,
249 332 248 -1,
195 279 278 -1,
195 280 279 -1,
195 196 280 -1,
250 334 333 -1,
250 333 249 -1,
194 195 278 -1,
251 335 334 -1,
251 334 250 -1,
193 278 277 -1,
193 194 278 -1,
252 336 335 -1,
252 335 251 -1,
192 277 276 -1,
192 193 277 -1,
253 336 252 -1,
253 337 336 -1,
170 337 253 -1,
170 254 337 -1,
191 276 275 -1,
191 192 276 -1,
190 274 273 -1,
190 275 274 -1,
190 191 275 -1,
171 254 170 -1,
171 255 254 -1,
172 255 171 -1,
172 256 255 -1,
189 190 273 -1,
173 256 172 -1,
173 257 256 -1,
188 273 272 -1,
188 189 273 -1,
174 257 173 -1,
174 258 257 -1,
187 272 271 -1,
187 188 272 -1,
175 258 174 -1,
175 259 258 -1,
175 260 259 -1,
186 271 270 -1,
186 187 271 -1,
186 270 269 -1,
176 260 175 -1,
185 186 269 -1,
177 260 176 -1,
177 261 260 -1,
184 185 269 -1,
184 269 268 -1,
178 261 177 -1,
178 262 261 -1,
183 184 268 -1,
183 268 267 -1,
182 183 267 -1,
182 267 266 -1,
179 262 178 -1,
179 263 262 -1,
179 264 263 -1,
180 264 179 -1,
181 264 180 -1,
181 265 264 -1,
181 266 265 -1,
181 182 266 -1,
474 391 390 -1,
474 475 391 -1,
476 392 391 -1,
476 391 475 -1,
473 389 388 -1,
473 390 389 -1,
473 474 390 -1,
477 392 476 -1,
477 393 392 -1,
472 473 388 -1,
478 393 477 -1,
478 394 393 -1,
471 472 388 -1,
471 388 387 -1,
479 395 394 -1,
479 394 478 -1,
470 471 387 -1,
470 387 386 -1,
480 396 395 -1,
480 395 479 -1,
469 470 386 -1,
469 386 385 -1,
481 396 480 -1,
481 397 396 -1,
468 469 385 -1,
468 385 384 -1,
482 398 397 -1,
482 399 398 -1,
482 397 481 -1,
467 384 383 -1,
467 468 384 -1,
483 399 482 -1,
466 467 383 -1,
466 382 381 -1,
466 383 382 -1,
484 400 399 -1,
484 399 483 -1,
465 466 381 -1,
485 400 484 -1,
485 401 400 -1,
464 381 380 -1,
464 465 381 -1,
486 402 401 -1,
486 401 485 -1,
463 380 379 -1,
463 464 380 -1,
487 402 486 -1,
487 403 402 -1,
462 379 378 -1,
462 463 379 -1,
488 403 487 -1,
488 404 403 -1,
461 377 376 -1,
461 378 377 -1,
461 462 378 -1,
489 404 488 -1,
489 405 404 -1,
460 461 376 -1,
459 375 374 -1,
459 376 375 -1,
459 460 376 -1,
490 406 405 -1,
490 405 489 -1,
458 459 374 -1,
491 406 490 -1,
491 407 406 -1,
491 408 407 -1,
457 458 374 -1,
457 373 372 -1,
457 374 373 -1,
492 408 491 -1,
456 457 372 -1,
493 409 408 -1,
493 408 492 -1,
455 456 372 -1,
455 372 371 -1,
494 409 493 -1,
494 410 409 -1,
454 455 371 -1,
454 371 370 -1,
495 410 494 -1,
495 411 410 -1,
496 411 495 -1,
369 453 454 -1,
369 454 370 -1,
412 411 496 -1,
452 453 369 -1,
368 452 369 -1,
413 412 496 -1,
413 496 497 -1,
367 451 452 -1,
367 452 368 -1,
414 413 497 -1,
414 497 498 -1,
414 498 499 -1,
366 449 450 -1,
366 450 451 -1,
366 451 367 -1,
415 414 499 -1,
365 449 366 -1,
416 415 499 -1,
416 499 500 -1,
364 448 449 -1,
364 449 365 -1,
417 500 501 -1,
417 416 500 -1,
363 446 447 -1,
363 447 448 -1,
363 448 364 -1,
418 501 502 -1,
418 417 501 -1,
362 446 363 -1,
419 502 503 -1,
419 418 502 -1,
361 445 446 -1,
361 446 362 -1,
420 503 504 -1,
420 419 503 -1,
360 444 445 -1,
360 445 361 -1,
421 420 504 -1,
421 504 505 -1,
338 421 505 -1,
338 505 422 -1,
359 443 444 -1,
359 444 360 -1,
358 441 442 -1,
358 442 443 -1,
358 443 359 -1,
339 338 422 -1,
339 422 423 -1,
340 339 423 -1,
340 423 424 -1,
357 441 358 -1,
341 340 424 -1,
341 424 425 -1,
356 440 441 -1,
356 441 357 -1,
342 341 425 -1,
342 425 426 -1,
355 439 440 -1,
355 440 356 -1,
343 342 426 -1,
343 426 427 -1,
343 427 428 -1,
354 438 439 -1,
354 439 355 -1,
354 437 438 -1,
344 343 428 -1,
353 437 354 -1,
345 344 428 -1,
345 428 429 -1,
352 437 353 -1,
352 436 437 -1,
346 345 429 -1,
346 429 430 -1,
351 436 352 -1,
351 435 436 -1,
350 435 351 -1,
350 434 435 -1,
347 346 430 -1,
347 430 431 -1,
347 431 432 -1,
348 347 432 -1,
349 348 432 -1,
349 432 433 -1,
349 433 434 -1,
349 434 350 -1,
507 591 506 -1,
507 592 591 -1,
508 592 507 -1,
508 593 592 -1,
509 594 593 -1,
509 593 508 -1,
510 595 594 -1,
510 594 509 -1,
511 596 595 -1,
511 595 510 -1,
512 597 596 -1,
512 596 511 -1,
513 598 597 -1,
513 597 512 -1,
514 598 513 -1,
514 599 598 -1,
515 599 514 -1,
515 600 599 -1,
516 600 515 -1,
516 601 600 -1,
517 601 516 -1,
517 602 601 -1,
518 602 517 -1,
518 603 602 -1,
518 604 603 -1,
519 604 518 -1,
520 604 519 -1,
520 605 604 -1,
521 605 520 -1,
521 606 605 -1,
522 607 606 -1,
522 606 521 -1,
523 608 607 -1,
523 607 522 -1,
524 609 608 -1,
524 608 523 -1,
525 610 609 -1,
525 609 524 -1,
526 611 610 -1,
526 612 611 -1,
526 610 525 -1,
527 612 526 -1,
528 613 612 -1,
528 612 527 -1,
529 614 613 -1,
529 613 528 -1,
530 615 614 -1,
530 614 529 -1,
531 616 615 -1,
531 615 530 -1,
532 617 616 -1,
532 616 531 -1,
533 618 617 -1,
533 617 532 -1,
534 619 618 -1,
534 620 619 -1,
534 618 533 -1,
535 620 534 -1,
536 621 620 -1,
536 620 535 -1,
537 622 621 -1,
537 621 536 -1,
538 622 537 -1,
538 623 622 -1,
538 624 623 -1,
539 624 538 -1,
540 624 539 -1,
540 625 624 -1,
541 625 540 -1,
541 626 625 -1,
541 627 626 -1,
542 627 541 -1,
543 628 627 -1,
543 627 542 -1,
544 629 628 -1,
544 628 543 -1,
545 630 629 -1,
545 629 544 -1,
546 631 630 -1,
546 630 545 -1,
547 632 631 -1,
547 631 546 -1,
548 633 632 -1,
548 634 633 -1,
548 632 547 -1,
549 634 548 -1,
550 635 634 -1,
550 634 549 -1,
551 636 635 -1,
551 635 550 -1,
552 637 636 -1,
552 636 551 -1,
553 638 637 -1,
553 637 552 -1,
554 639 638 -1,
554 640 639 -1,
554 638 553 -1,
555 640 554 -1,
556 641 640 -1,
556 640 555 -1,
557 642 641 -1,
557 641 556 -1,
558 643 642 -1,
558 644 643 -1,
558 642 557 -1,
559 645 644 -1,
559 644 558 -1,
560 645 559 -1,
561 646 645 -1,
561 645 560 -1,
562 647 646 -1,
562 646 561 -1,
563 648 647 -1,
563 647 562 -1,
564 648 563 -1,
564 649 648 -1,
564 650 649 -1,
565 650 564 -1,
566 650 565 -1,
566 651 650 -1,
567 651 566 -1,
567 652 651 -1,
567 653 652 -1,
568 653 567 -1,
569 653 568 -1,
569 654 653 -1,
569 655 654 -1,
570 655 569 -1,
571 655 570 -1,
571 656 655 -1,
572 656 571 -1,
572 657 656 -1,
572 658 657 -1,
573 658 572 -1,
574 658 573 -1,
574 659 658 -1,
575 659 574 -1,
575 660 659 -1,
576 660 575 -1,
576 661 660 -1,
577 661 576 -1,
577 662 661 -1,
577 663 662 -1,
578 663 577 -1,
578 664 663 -1,
579 665 664 -1,
579 664 578 -1,
580 665 579 -1,
581 666 665 -1,
581 665 580 -1,
582 667 666 -1,
582 666 581 -1,
583 668 667 -1,
583 667 582 -1,
584 669 668 -1,
584 670 669 -1,
584 668 583 -1,
585 670 584 -1,
586 671 670 -1,
586 672 671 -1,
586 670 585 -1,
587 672 586 -1,
588 673 672 -1,
588 672 587 -1,
589 673 588 -1,
589 674 673 -1,
590 674 589 -1,
590 675 674 -1 ] solid TRUE creaseAngle 0.5 } }
# SMA_thread_depiction_3
Shape { appearance Appearance { material Material { diffuseColor 0.78 0.58 0.16 } } geometry IndexedFaceSet { coord Coordinate { point [ -1.543878 3.562500 7.958661,
-1.543878 3.464674 7.955001,
-1.543878 3.367395 7.944040,
-1.543878 3.271208 7.925841,
-1.543878 3.176649 7.900504,
-1.543878 3.084248 7.868171,
-1.543878 2.994522 7.829024,
-1.543878 2.907972 7.783281,
-1.543878 2.825083 7.731198,
-1.543878 2.746317 7.673067,
-1.543878 2.672116 7.609212,
-1.543878 2.602895 7.539990,
-1.543878 2.539039 7.465789,
-1.543878 2.480908 7.387023,
-1.543878 2.428825 7.304134,
-1.543878 2.383082 7.217584,
-1.543878 2.343935 7.127858,
-1.543878 2.311603 7.035457,
-1.543878 2.286266 6.940898,
-1.543878 2.268066 6.844711,
-1.543878 2.257105 6.747432,
-1.543878 2.253445 6.649606,
-1.543878 2.257105 6.551780,
-1.543878 2.268066 6.454502,
-1.543878 2.286266 6.358314,
-1.543878 2.311603 6.263756,
-1.543878 2.343935 6.171355,
-1.543878 2.383082 6.081629,
-1.543878 2.428825 5.995079,
-1.543878 2.480908 5.912189,
-1.543878 2.539039 5.833424,
-1.543878 2.602895 5.759223,
-1.543878 2.672116 5.690001,
-1.543878 2.746317 5.626146,
-1.543878 2.825083 5.568014,
-1.543878 2.907972 5.515931,
-1.543878 2.994522 5.470188,
-1.543878 3.084248 5.431041,
-1.543878 3.176649 5.398709,
-1.543878 3.271208 5.373372,
-1.543878 3.367395 5.355172,
-1.543878 3.464674 5.344212,
-1.543878 3.562500 5.340551,
-1.543878 3.660326 5.344212,
-1.543878 3.757605 5.355172,
-1.543878 3.853792 5.373372,
-1.543878 3.948351 5.398709,
-1.543878 4.040752 5.431041,
-1.543878 4.130478 5.470188,
-1.543878 4.217028 5.515931,
-1.543878 4.299917 5.568014,
-1.543878 4.378683 5.626146,
-1.543878 4.452884 5.690001,
-1.543878 4.522105 5.759223,
-1.543878 4.585961 5.833424,
-1.543878 4.644092 5.912189,
-1.543878 4.696175 5.995079,
-1.543878 4.741918 6.081629,
-1.543878 4.781065 6.171355,
-1.543878 4.813397 6.263756,
-1.543878 4.838734 6.358314,
-1.543878 4.856934 6.454502,
-1.543878 4.867895 6.551780,
-1.543878 4.871555 6.649606,
-1.543878 4.867895 6.747432,
-1.543878 4.856934 6.844711,
-1.543878 4.838734 6.940898,
-1.543878 4.813397 7.035457,
-1.543878 4.781065 7.127858,
-1.543878 4.741918 7.217584,
-1.543878 4.696175 7.304134,
-1.543878 4.644092 7.387023,
-1.543878 4.585961 7.465789,
-1.543878 4.522105 7.539990,
-1.543878 4.452884 7.609212,
-1.543878 4.378683 7.673067,
-1.543878 4.299917 7.731198,
-1.543878 4.217028 7.783281,
-1.543878 4.130478 7.829024,
-1.543878 4.040752 7.868171,
-1.543878 3.948351 7.900504,
-1.543878 3.853792 7.925841,
-1.543878 3.757605 7.944040,
-1.543878 3.660326 7.955001,
-1.543878 3.562500 7.958661,
-1.642303 3.562500 7.958661,
-1.642303 3.464674 7.955001,
-1.642303 3.367395 7.944040,
-1.642303 3.271208 7.925841,
-1.642303 3.176649 7.900504,
-1.642303 3.084248 7.868171,
-1.642303 2.994522 7.829024,
-1.642303 2.907972 7.783281,
-1.642303 2.825083 7.731198,
-1.642303 2.746317 7.673067,
-1.642303 2.672116 7.609212,
-1.642303 2.602895 7.539990,
-1.642303 2.539039 7.465789,
-1.642303 2.480908 7.387023,
-1.642303 2.428825 7.304134,
-1.642303 2.383082 7.217584,
-1.642303 2.343935 7.127858,
-1.642303 2.311603 7.035457,
-1.642303 2.286266 6.940898,
-1.642303 2.268066 6.844711,
-1.642303 2.257105 6.747432,
-1.642303 2.253445 6.649606,
-1.642303 2.257105 6.551780,
-1.642303 2.268066 6.454502,
-1.642303 2.286266 6.358314,
-1.642303 2.311603 6.263756,
-1.642303 2.343935 6.171355,
-1.642303 2.383082 6.081629,
-1.642303 2.428825 5.995079,
-1.642303 2.480908 5.912189,
-1.642303 2.539039 5.833424,
-1.642303 2.602895 5.759223,
-1.642303 2.672116 5.690001,
-1.642303 2.746317 5.626146,
-1.642303 2.825083 5.568014,
-1.642303 2.907972 5.515931,
-1.642303 2.994522 5.470188,
-1.642303 3.084248 5.431041,
-1.642303 3.176649 5.398709,
-1.642303 3.271208 5.373372,
-1.642303 3.367395 5.355172,
-1.642303 3.464674 5.344212,
-1.642303 3.562500 5.340551,
-1.642303 3.660326 5.344212,
-1.642303 3.757605 5.355172,
-1.642303 3.853792 5.373372,
-1.642303 3.948351 5.398709,
-1.642303 4.040752 5.431041,
-1.642303 4.130478 5.470188,
-1.642303 4.217028 5.515931,
-1.642303 4.299917 5.568014,
-1.642303 4.378683 5.626146,
-1.642303 4.452884 5.690001,
-1.642303 4.522105 5.759223,
-1.642303 4.585961 5.833424,
-1.642303 4.644092 5.912189,
-1.642303 4.696175 5.995079,
-1.642303 4.741918 6.081629,
-1.642303 4.781065 6.171355,
-1.642303 4.813397 6.263756,
-1.642303 4.838734 6.358314,
-1.642303 4.856934 6.454502,
-1.642303 4.867895 6.551780,
-1.642303 4.871555 6.649606,
-1.642303 4.867895 6.747432,
-1.642303 4.856934 6.844711,
-1.642303 4.838734 6.940898,
-1.642303 4.813397 7.035457,
-1.642303 4.781065 7.127858,
-1.642303 4.741918 7.217584,
-1.642303 4.696175 7.304134,
-1.642303 4.644092 7.387023,
-1.642303 4.585961 7.465789,
-1.642303 4.522105 7.539990,
-1.642303 4.452884 7.609212,
-1.642303 4.378683 7.673067,
-1.642303 4.299917 7.731198,
-1.642303 4.217028 7.783281,
-1.642303 4.130478 7.829024,
-1.642303 4.040752 7.868171,
-1.642303 3.948351 7.900504,
-1.642303 3.853792 7.925841,
-1.642303 3.757605 7.944040,
-1.642303 3.660326 7.955001,
-1.642303 3.562500 7.958661,
-1.543878 3.562500 7.958661,
-1.543878 3.464674 7.955001,
-1.543878 3.367395 7.944040,
-1.543878 3.271208 7.925841,
-1.543878 3.176649 7.900504,
-1.543878 3.084248 7.868171,
-1.543878 2.994522 7.829024,
-1.543878 2.907972 7.783281,
-1.543878 2.825083 7.731198,
-1.543878 2.746317 7.673067,
-1.543878 2.672116 7.609212,
-1.543878 2.602895 7.539990,
-1.543878 2.539039 7.465789,
-1.543878 2.480908 7.387023,
-1.543878 2.428825 7.304134,
-1.543878 2.383082 7.217584,
-1.543878 2.343935 7.127858,
-1.543878 2.311603 7.035457,
-1.543878 2.286266 6.940898,
-1.543878 2.268066 6.844711,
-1.543878 2.257105 6.747432,
-1.543878 2.253445 6.649606,
-1.543878 2.257105 6.551780,
-1.543878 2.268066 6.454502,
-1.543878 2.286266 6.358314,
-1.543878 2.311603 6.263756,
-1.543878 2.343935 6.171355,
-1.543878 2.383082 6.081629,
-1.543878 2.428825 5.995079,
-1.543878 2.480908 5.912189,
-1.543878 2.539039 5.833424,
-1.543878 2.602895 5.759223,
-1.543878 2.672116 5.690001,
-1.543878 2.746317 5.626146,
-1.543878 2.825083 5.568014,
-1.543878 2.907972 5.515931,
-1.543878 2.994522 5.470188,
-1.543878 3.084248 5.431041,
-1.543878 3.176649 5.398709,
-1.543878 3.271208 5.373372,
-1.543878 3.367395 5.355172,
-1.543878 3.464674 5.344212,
-1.543878 3.562500 5.340551,
-1.543878 3.660326 5.344212,
-1.543878 3.757605 5.355172,
-1.543878 3.853792 5.373372,
-1.543878 3.948351 5.398709,
-1.543878 4.040752 5.431041,
-1.543878 4.130478 5.470188,
-1.543878 4.217028 5.515931,
-1.543878 4.299917 5.568014,
-1.543878 4.378683 5.626146,
-1.543878 4.452884 5.690001,
-1.543878 4.522105 5.759223,
-1.543878 4.585961 5.833424,
-1.543878 4.644092 5.912189,
-1.543878 4.696175 5.995079,
-1.543878 4.741918 6.081629,
-1.543878 4.781065 6.171355,
-1.543878 4.813397 6.263756,
-1.543878 4.838734 6.358314,
-1.543878 4.856934 6.454502,
-1.543878 4.867895 6.551780,
-1.543878 4.871555 6.649606,
-1.543878 4.867895 6.747432,
-1.543878 4.856934 6.844711,
-1.543878 4.838734 6.940898,
-1.543878 4.813397 7.035457,
-1.543878 4.781065 7.127858,
-1.543878 4.741918 7.217584,
-1.543878 4.696175 7.304134,
-1.543878 4.644092 7.387023,
-1.543878 4.585961 7.465789,
-1.543878 4.522105 7.539990,
-1.543878 4.452884 7.609212,
-1.543878 4.378683 7.673067,
-1.543878 4.299917 7.731198,
-1.543878 4.217028 7.783281,
-1.543878 4.130478 7.829024,
-1.543878 4.040752 7.868171,
-1.543878 3.948351 7.900504,
-1.543878 3.853792 7.925841,
-1.543878 3.757605 7.944040,
-1.543878 3.660326 7.955001,
-1.543878 3.562500 7.496063,
-1.543878 3.499244 7.493696,
-1.543878 3.436342 7.486609,
-1.543878 3.374146 7.474841,
-1.543878 3.313003 7.458457,
-1.543878 3.253255 7.437551,
-1.543878 3.195236 7.412237,
-1.543878 3.139272 7.382659,
-1.543878 3.085674 7.348982,
-1.543878 3.034743 7.311393,
-1.543878 2.986763 7.270103,
-1.543878 2.942003 7.225343,
-1.543878 2.900714 7.177363,
-1.543878 2.863125 7.126432,
-1.543878 2.829447 7.072835,
-1.543878 2.799869 7.016870,
-1.543878 2.774556 6.958852,
-1.543878 2.753649 6.899104,
-1.543878 2.737266 6.837961,
-1.543878 2.725498 6.775764,
-1.543878 2.718410 6.712862,
-1.543878 2.716043 6.649606,
-1.543878 2.718410 6.586351,
-1.543878 2.725498 6.523448,
-1.543878 2.737266 6.461252,
-1.543878 2.753649 6.400109,
-1.543878 2.774556 6.340361,
-1.543878 2.799869 6.282343,
-1.543878 2.829447 6.226378,
-1.543878 2.863125 6.172780,
-1.543878 2.900714 6.121849,
-1.543878 2.942003 6.073870,
-1.543878 2.986763 6.029110,
-1.543878 3.034743 5.987820,
-1.543878 3.085674 5.950231,
-1.543878 3.139272 5.916553,
-1.543878 3.195236 5.886975,
-1.543878 3.253255 5.861662,
-1.543878 3.313003 5.840755,
-1.543878 3.374146 5.824372,
-1.543878 3.436342 5.812604,
-1.543878 3.499244 5.805516,
-1.543878 3.562500 5.803150,
-1.543878 3.625756 5.805516,
-1.543878 3.688658 5.812604,
-1.543878 3.750854 5.824372,
-1.543878 3.811997 5.840755,
-1.543878 3.871745 5.861662,
-1.543878 3.929764 5.886975,
-1.543878 3.985728 5.916553,
-1.543878 4.039326 5.950231,
-1.543878 4.090257 5.987820,
-1.543878 4.138237 6.029110,
-1.543878 4.182997 6.073870,
-1.543878 4.224286 6.121849,
-1.543878 4.261875 6.172780,
-1.543878 4.295553 6.226378,
-1.543878 4.325131 6.282343,
-1.543878 4.350444 6.340361,
-1.543878 4.371351 6.400109,
-1.543878 4.387734 6.461252,
-1.543878 4.399502 6.523448,
-1.543878 4.406590 6.586351,
-1.543878 4.408957 6.649606,
-1.543878 4.406590 6.712862,
-1.543878 4.399502 6.775764,
-1.543878 4.387734 6.837961,
-1.543878 4.371351 6.899104,
-1.543878 4.350444 6.958852,
-1.543878 4.325131 7.016870,
-1.543878 4.295553 7.072835,
-1.543878 4.261875 7.126432,
-1.543878 4.224286 7.177363,
-1.543878 4.182997 7.225343,
-1.543878 4.138237 7.270103,
-1.543878 4.090257 7.311393,
-1.543878 4.039326 7.348982,
-1.543878 3.985728 7.382659,
-1.543878 3.929764 7.412237,
-1.543878 3.871745 7.437551,
-1.543878 3.811997 7.458457,
-1.543878 3.750854 7.474841,
-1.543878 3.688658 7.486609,
-1.543878 3.625756 7.493696,
-1.642303 3.562500 7.958661,
-1.642303 3.464674 7.955001,
-1.642303 3.367395 7.944040,
-1.642303 3.271208 7.925841,
-1.642303 3.176649 7.900504,
-1.642303 3.084248 7.868171,
-1.642303 2.994522 7.829024,
-1.642303 2.907972 7.783281,
-1.642303 2.825083 7.731198,
-1.642303 2.746317 7.673067,
-1.642303 2.672116 7.609212,
-1.642303 2.602895 7.539990,
-1.642303 2.539039 7.465789,
-1.642303 2.480908 7.387023,
-1.642303 2.428825 7.304134,
-1.642303 2.383082 7.217584,
-1.642303 2.343935 7.127858,
-1.642303 2.311603 7.035457,
-1.642303 2.286266 6.940898,
-1.642303 2.268066 6.844711,
-1.642303 2.257105 6.747432,
-1.642303 2.253445 6.649606,
-1.642303 2.257105 6.551780,
-1.642303 2.268066 6.454502,
-1.642303 2.286266 6.358314,
-1.642303 2.311603 6.263756,
-1.642303 2.343935 6.171355,
-1.642303 2.383082 6.081629,
-1.642303 2.428825 5.995079,
-1.642303 2.480908 5.912189,
-1.642303 2.539039 5.833424,
-1.642303 2.602895 5.759223,
-1.642303 2.672116 5.690001,
-1.642303 2.746317 5.626146,
-1.642303 2.825083 5.568014,
-1.642303 2.907972 5.515931,
-1.642303 2.994522 5.470188,
-1.642303 3.084248 5.431041,
-1.642303 3.176649 5.398709,
-1.642303 3.271208 5.373372,
-1.642303 3.367395 5.355172,
-1.642303 3.464674 5.344212,
-1.642303 3.562500 5.340551,
-1.642303 3.660326 5.344212,
-1.642303 3.757605 5.355172,
-1.642303 3.853792 5.373372,
-1.642303 3.948351 5.398709,
-1.642303 4.040752 5.431041,
-1.642303 4.130478 5.470188,
-1.642303 4.217028 5.515931,
-1.642303 4.299917 5.568014,
-1.642303 4.378683 5.626146,
-1.642303 4.452884 5.690001,
-1.642303 4.522105 5.759223,
-1.642303 4.585961 5.833424,
-1.642303 4.644092 5.912189,
-1.642303 4.696175 5.995079,
-1.642303 4.741918 6.081629,
-1.642303 4.781065 6.171355,
-1.642303 4.813397 6.263756,
-1.642303 4.838734 6.358314,
-1.642303 4.856934 6.454502,
-1.642303 4.867895 6.551780,
-1.642303 4.871555 6.649606,
-1.642303 4.867895 6.747432,
-1.642303 4.856934 6.844711,
-1.642303 4.838734 6.940898,
-1.642303 4.813397 7.035457,
-1.642303 4.781065 7.127858,
-1.642303 4.741918 7.217584,
-1.642303 4.696175 7.304134,
-1.642303 4.644092 7.387023,
-1.642303 4.585961 7.465789,
-1.642303 4.522105 7.539990,
-1.642303 4.452884 7.609212,
-1.642303 4.378683 7.673067,
-1.642303 4.299917 7.731198,
-1.642303 4.217028 7.783281,
-1.642303 4.130478 7.829024,
-1.642303 4.040752 7.868171,
-1.642303 3.948351 7.900504,
-1.642303 3.853792 7.925841,
-1.642303 3.757605 7.944040,
-1.642303 3.660326 7.955001,
-1.642303 3.562500 7.496063,
-1.642303 3.499244 7.493696,
-1.642303 3.436342 7.486609,
-1.642303 3.374146 7.474841,
-1.642303 3.313003 7.458457,
-1.642303 3.253255 7.437551,
-1.642303 3.195236 7.412237,
-1.642303 3.139272 7.382659,
-1.642303 3.085674 7.348982,
-1.642303 3.034743 7.311393,
-1.642303 2.986763 7.270103,
-1.642303 2.942003 7.225343,
-1.642303 2.900714 7.177363,
-1.642303 2.863125 7.126432,
-1.642303 2.829447 7.072835,
-1.642303 2.799869 7.016870,
-1.642303 2.774556 6.958852,
-1.642303 2.753649 6.899104,
-1.642303 2.737266 6.837961,
-1.642303 2.725498 6.775764,
-1.642303 2.718410 6.712862,
-1.642303 2.716043 6.649606,
-1.642303 2.718410 6.586351,
-1.642303 2.725498 6.523448,
-1.642303 2.737266 6.461252,
-1.642303 2.753649 6.400109,
-1.642303 2.774556 6.340361,
-1.642303 2.799869 6.282343,
-1.642303 2.829447 6.226378,
-1.642303 2.863125 6.172780,
-1.642303 2.900714 6.121849,
-1.642303 2.942003 6.073870,
-1.642303 2.986763 6.029110,
-1.642303 3.034743 5.987820,
-1.642303 3.085674 5.950231,
-1.642303 3.139272 5.916553,
-1.642303 3.195236 5.886975,
-1.642303 3.253255 5.861662,
-1.642303 3.313003 5.840755,
-1.642303 3.374146 5.824372,
-1.642303 3.436342 5.812604,
-1.642303 3.499244 5.805516,
-1.642303 3.562500 5.803150,
-1.642303 3.625756 5.805516,
-1.642303 3.688658 5.812604,
-1.642303 3.750854 5.824372,
-1.642303 3.811997 5.840755,
-1.642303 3.871745 5.861662,
-1.642303 3.929764 5.886975,
-1.642303 3.985728 5.916553,
-1.642303 4.039326 5.950231,
-1.642303 4.090257 5.987820,
-1.642303 4.138237 6.029110,
-1.642303 4.182997 6.073870,
-1.642303 4.224286 6.121849,
-1.642303 4.261875 6.172780,
-1.642303 4.295553 6.226378,
-1.642303 4.325131 6.282343,
-1.642303 4.350444 6.340361,
-1.642303 4.371351 6.400109,
-1.642303 4.387734 6.461252,
-1.642303 4.399502 6.523448,
-1.642303 4.406590 6.586351,
-1.642303 4.408957 6.649606,
-1.642303 4.406590 6.712862,
-1.642303 4.399502 6.775764,
-1.642303 4.387734 6.837961,
-1.642303 4.371351 6.899104,
-1.642303 4.350444 6.958852,
-1.642303 4.325131 7.016870,
-1.642303 4.295553 7.072835,
-1.642303 4.261875 7.126432,
-1.642303 4.224286 7.177363,
-1.642303 4.182997 7.225343,
-1.642303 4.138237 7.270103,
-1.642303 4.090257 7.311393,
-1.642303 4.039326 7.348982,
-1.642303 3.985728 7.382659,
-1.642303 3.929764 7.412237,
-1.642303 3.871745 7.437551,
-1.642303 3.811997 7.458457,
-1.642303 3.750854 7.474841,
-1.642303 3.688658 7.486609,
-1.642303 3.625756 7.493696,
-1.543878 3.562500 7.496063,
-1.543878 3.499244 7.493696,
-1.543878 3.436342 7.486609,
-1.543878 3.374146 7.474841,
-1.543878 3.313003 7.458457,
-1.543878 3.253255 7.437551,
-1.543878 3.195236 7.412237,
-1.543878 3.139272 7.382659,
-1.543878 3.085674 7.348982,
-1.543878 3.034743 7.311393,
-1.543878 2.986763 7.270103,
-1.543878 2.942003 7.225343,
-1.543878 2.900714 7.177363,
-1.543878 2.863125 7.126432,
-1.543878 2.829447 7.072835,
-1.543878 2.799869 7.016870,
-1.543878 2.774556 6.958852,
-1.543878 2.753649 6.899104,
-1.543878 2.737266 6.837961,
-1.543878 2.725498 6.775764,
-1.543878 2.718410 6.712862,
-1.543878 2.716043 6.649606,
-1.543878 2.718410 6.586351,
-1.543878 2.725498 6.523448,
-1.543878 2.737266 6.461252,
-1.543878 2.753649 6.400109,
-1.543878 2.774556 6.340361,
-1.543878 2.799869 6.282343,
-1.543878 2.829447 6.226378,
-1.543878 2.863125 6.172780,
-1.543878 2.900714 6.121849,
-1.543878 2.942003 6.073870,
-1.543878 2.986763 6.029110,
-1.543878 3.034743 5.987820,
-1.543878 3.085674 5.950231,
-1.543878 3.139272 5.916553,
-1.543878 3.195236 5.886975,
-1.543878 3.253255 5.861662,
-1.543878 3.313003 5.840755,
-1.543878 3.374146 5.824372,
-1.543878 3.436342 5.812604,
-1.543878 3.499244 5.805516,
-1.543878 3.562500 5.803150,
-1.543878 3.625756 5.805516,
-1.543878 3.688658 5.812604,
-1.543878 3.750854 5.824372,
-1.543878 3.811997 5.840755,
-1.543878 3.871745 5.861662,
-1.543878 3.929764 5.886975,
-1.543878 3.985728 5.916553,
-1.543878 4.039326 5.950231,
-1.543878 4.090257 5.987820,
-1.543878 4.138237 6.029110,
-1.543878 4.182997 6.073870,
-1.543878 4.224286 6.121849,
-1.543878 4.261875 6.172780,
-1.543878 4.295553 6.226378,
-1.543878 4.325131 6.282343,
-1.543878 4.350444 6.340361,
-1.543878 4.371351 6.400109,
-1.543878 4.387734 6.461252,
-1.543878 4.399502 6.523448,
-1.543878 4.406590 6.586351,
-1.543878 4.408957 6.649606,
-1.543878 4.406590 6.712862,
-1.543878 4.399502 6.775764,
-1.543878 4.387734 6.837961,
-1.543878 4.371351 6.899104,
-1.543878 4.350444 6.958852,
-1.543878 4.325131 7.016870,
-1.543878 4.295553 7.072835,
-1.543878 4.261875 7.126432,
-1.543878 4.224286 7.177363,
-1.543878 4.182997 7.225343,
-1.543878 4.138237 7.270103,
-1.543878 4.090257 7.311393,
-1.543878 4.039326 7.348982,
-1.543878 3.985728 7.382659,
-1.543878 3.929764 7.412237,
-1.543878 3.871745 7.437551,
-1.543878 3.811997 7.458457,
-1.543878 3.750854 7.474841,
-1.543878 3.688658 7.486609,
-1.543878 3.625756 7.493696,
-1.543878 3.562500 7.496063,
-1.642303 3.562500 7.496063,
-1.642303 3.499244 7.493696,
-1.642303 3.436342 7.486609,
-1.642303 3.374146 7.474841,
-1.642303 3.313003 7.458457,
-1.642303 3.253255 7.437551,
-1.642303 3.195236 7.412237,
-1.642303 3.139272 7.382659,
-1.642303 3.085674 7.348982,
-1.642303 3.034743 7.311393,
-1.642303 2.986763 7.270103,
-1.642303 2.942003 7.225343,
-1.642303 2.900714 7.177363,
-1.642303 2.863125 7.126432,
-1.642303 2.829447 7.072835,
-1.642303 2.799869 7.016870,
-1.642303 2.774556 6.958852,
-1.642303 2.753649 6.899104,
-1.642303 2.737266 6.837961,
-1.642303 2.725498 6.775764,
-1.642303 2.718410 6.712862,
-1.642303 2.716043 6.649606,
-1.642303 2.718410 6.586351,
-1.642303 2.725498 6.523448,
-1.642303 2.737266 6.461252,
-1.642303 2.753649 6.400109,
-1.642303 2.774556 6.340361,
-1.642303 2.799869 6.282343,
-1.642303 2.829447 6.226378,
-1.642303 2.863125 6.172780,
-1.642303 2.900714 6.121849,
-1.642303 2.942003 6.073870,
-1.642303 2.986763 6.029110,
-1.642303 3.034743 5.987820,
-1.642303 3.085674 5.950231,
-1.642303 3.139272 5.916553,
-1.642303 3.195236 5.886975,
-1.642303 3.253255 5.861662,
-1.642303 3.313003 5.840755,
-1.642303 3.374146 5.824372,
-1.642303 3.436342 5.812604,
-1.642303 3.499244 5.805516,
-1.642303 3.562500 5.803150,
-1.642303 3.625756 5.805516,
-1.642303 3.688658 5.812604,
-1.642303 3.750854 5.824372,
-1.642303 3.811997 5.840755,
-1.642303 3.871745 5.861662,
-1.642303 3.929764 5.886975,
-1.642303 3.985728 5.916553,
-1.642303 4.039326 5.950231,
-1.642303 4.090257 5.987820,
-1.642303 4.138237 6.029110,
-1.642303 4.182997 6.073870,
-1.642303 4.224286 6.121849,
-1.642303 4.261875 6.172780,
-1.642303 4.295553 6.226378,
-1.642303 4.325131 6.282343,
-1.642303 4.350444 6.340361,
-1.642303 4.371351 6.400109,
-1.642303 4.387734 6.461252,
-1.642303 4.399502 6.523448,
-1.642303 4.406590 6.586351,
-1.642303 4.408957 6.649606,
-1.642303 4.406590 6.712862,
-1.642303 4.399502 6.775764,
-1.642303 4.387734 6.837961,
-1.642303 4.371351 6.899104,
-1.642303 4.350444 6.958852,
-1.642303 4.325131 7.016870,
-1.642303 4.295553 7.072835,
-1.642303 4.261875 7.126432,
-1.642303 4.224286 7.177363,
-1.642303 4.182997 7.225343,
-1.642303 4.138237 7.270103,
-1.642303 4.090257 7.311393,
-1.642303 4.039326 7.348982,
-1.642303 3.985728 7.382659,
-1.642303 3.929764 7.412237,
-1.642303 3.871745 7.437551,
-1.642303 3.811997 7.458457,
-1.642303 3.750854 7.474841,
-1.642303 3.688658 7.486609,
-1.642303 3.625756 7.493696,
-1.642303 3.562500 7.496063 ] } coordIndex [ 1 0 85 -1,
1 85 86 -1,
2 1 86 -1,
2 86 87 -1,
3 87 88 -1,
3 2 87 -1,
4 88 89 -1,
4 3 88 -1,
5 89 90 -1,
5 4 89 -1,
6 90 91 -1,
6 5 90 -1,
7 91 92 -1,
7 6 91 -1,
8 7 92 -1,
8 92 93 -1,
9 8 93 -1,
9 93 94 -1,
10 9 94 -1,
10 94 95 -1,
11 10 95 -1,
11 95 96 -1,
12 11 96 -1,
12 96 97 -1,
12 97 98 -1,
13 12 98 -1,
14 13 98 -1,
14 98 99 -1,
15 14 99 -1,
15 99 100 -1,
16 100 101 -1,
16 15 100 -1,
17 101 102 -1,
17 16 101 -1,
18 102 103 -1,
18 17 102 -1,
19 103 104 -1,
19 18 103 -1,
20 104 105 -1,
20 105 106 -1,
20 19 104 -1,
21 20 106 -1,
22 106 107 -1,
22 21 106 -1,
23 107 108 -1,
23 22 107 -1,
24 108 109 -1,
24 23 108 -1,
25 109 110 -1,
25 24 109 -1,
26 110 111 -1,
26 25 110 -1,
27 111 112 -1,
27 26 111 -1,
28 112 113 -1,
28 113 114 -1,
28 27 112 -1,
29 28 114 -1,
30 114 115 -1,
30 29 114 -1,
31 115 116 -1,
31 30 115 -1,
32 31 116 -1,
32 116 117 -1,
32 117 118 -1,
33 32 118 -1,
34 33 118 -1,
34 118 119 -1,
35 34 119 -1,
35 119 120 -1,
35 120 121 -1,
36 35 121 -1,
37 121 122 -1,
37 36 121 -1,
38 122 123 -1,
38 37 122 -1,
39 123 124 -1,
39 38 123 -1,
40 124 125 -1,
40 39 124 -1,
41 125 126 -1,
41 40 125 -1,
42 126 127 -1,
42 127 128 -1,
42 41 126 -1,
43 42 128 -1,
44 128 129 -1,
44 43 128 -1,
45 129 130 -1,
45 44 129 -1,
46 130 131 -1,
46 45 130 -1,
47 131 132 -1,
47 46 131 -1,
48 132 133 -1,
48 133 134 -1,
48 47 132 -1,
49 48 134 -1,
50 134 135 -1,
50 49 134 -1,
51 135 136 -1,
51 50 135 -1,
52 136 137 -1,
52 137 138 -1,
52 51 136 -1,
53 138 139 -1,
53 52 138 -1,
54 53 139 -1,
55 139 140 -1,
55 54 139 -1,
56 140 141 -1,
56 55 140 -1,
57 141 142 -1,
57 56 141 -1,
58 57 142 -1,
58 142 143 -1,
58 143 144 -1,
59 58 144 -1,
60 59 144 -1,
60 144 145 -1,
61 60 145 -1,
61 145 146 -1,
61 146 147 -1,
62 61 147 -1,
63 62 147 -1,
63 147 148 -1,
63 148 149 -1,
64 63 149 -1,
65 64 149 -1,
65 149 150 -1,
66 65 150 -1,
66 150 151 -1,
66 151 152 -1,
67 66 152 -1,
68 67 152 -1,
68 152 153 -1,
69 68 153 -1,
69 153 154 -1,
70 69 154 -1,
70 154 155 -1,
71 70 155 -1,
71 155 156 -1,
71 156 157 -1,
72 71 157 -1,
72 157 158 -1,
73 158 159 -1,
73 72 158 -1,
74 73 159 -1,
75 159 160 -1,
75 74 159 -1,
76 160 161 -1,
76 75 160 -1,
77 161 162 -1,
77 76 161 -1,
78 162 163 -1,
78 163 164 -1,
78 77 162 -1,
79 78 164 -1,
80 164 165 -1,
80 165 166 -1,
80 79 164 -1,
81 80 166 -1,
82 166 167 -1,
82 81 166 -1,
83 82 167 -1,
83 167 168 -1,
84 83 168 -1,
84 168 169 -1,
306 222 223 -1,
306 223 307 -1,
308 223 224 -1,
308 307 223 -1,
305 220 221 -1,
305 221 222 -1,
305 222 306 -1,
309 308 224 -1,
309 224 225 -1,
304 220 305 -1,
310 309 225 -1,
310 225 226 -1,
303 220 304 -1,
303 219 220 -1,
311 226 227 -1,
311 310 226 -1,
302 219 303 -1,
302 218 219 -1,
312 227 228 -1,
312 311 227 -1,
301 218 302 -1,
301 217 218 -1,
313 312 228 -1,
313 228 229 -1,
300 217 301 -1,
300 216 217 -1,
314 229 230 -1,
314 230 231 -1,
314 313 229 -1,
299 215 216 -1,
299 216 300 -1,
315 314 231 -1,
298 215 299 -1,
298 213 214 -1,
298 214 215 -1,
316 231 232 -1,
316 315 231 -1,
297 213 298 -1,
317 316 232 -1,
317 232 233 -1,
296 212 213 -1,
296 213 297 -1,
318 233 234 -1,
318 317 233 -1,
295 211 212 -1,
295 212 296 -1,
319 318 234 -1,
319 234 235 -1,
294 210 211 -1,
294 211 295 -1,
320 319 235 -1,
320 235 236 -1,
293 208 209 -1,
293 209 210 -1,
293 210 294 -1,
321 320 236 -1,
321 236 237 -1,
292 208 293 -1,
291 206 207 -1,
291 207 208 -1,
291 208 292 -1,
322 237 238 -1,
322 321 237 -1,
290 206 291 -1,
323 322 238 -1,
323 238 239 -1,
323 239 240 -1,
289 206 290 -1,
289 204 205 -1,
289 205 206 -1,
324 323 240 -1,
288 204 289 -1,
325 240 241 -1,
325 324 240 -1,
287 204 288 -1,
287 203 204 -1,
326 325 241 -1,
326 241 242 -1,
286 203 287 -1,
286 202 203 -1,
327 326 242 -1,
327 242 243 -1,
328 327 243 -1,
201 286 285 -1,
201 202 286 -1,
244 328 243 -1,
284 201 285 -1,
200 201 284 -1,
245 328 244 -1,
245 329 328 -1,
199 284 283 -1,
199 200 284 -1,
246 329 245 -1,
246 330 329 -1,
246 331 330 -1,
198 282 281 -1,
198 283 282 -1,
198 199 283 -1,
247 331 246 -1,
197 198 281 -1,
248 331 247 -1,
248 332 331 -1,
196 281 280 -1,
196 197 281 -1,
249 333 332 -1,
249 332 248 -1,
195 279 278 -1,
195 280 279 -1,
195 196 280 -1,
250 334 333 -1,
250 333 249 -1,
194 195 278 -1,
251 335 334 -1,
251 334 250 -1,
193 278 277 -1,
193 194 278 -1,
252 336 335 -1,
252 335 251 -1,
192 277 276 -1,
192 193 277 -1,
253 336 252 -1,
253 337 336 -1,
170 337 253 -1,
170 254 337 -1,
191 276 275 -1,
191 192 276 -1,
190 274 273 -1,
190 275 274 -1,
190 191 275 -1,
171 254 170 -1,
171 255 254 -1,
172 255 171 -1,
172 256 255 -1,
189 190 273 -1,
173 256 172 -1,
173 257 256 -1,
188 273 272 -1,
188 189 273 -1,
174 257 173 -1,
174 258 257 -1,
187 272 271 -1,
187 188 272 -1,
175 258 174 -1,
175 259 258 -1,
175 260 259 -1,
186 271 270 -1,
186 187 271 -1,
186 270 269 -1,
176 260 175 -1,
185 186 269 -1,
177 260 176 -1,
177 261 260 -1,
184 185 269 -1,
184 269 268 -1,
178 261 177 -1,
178 262 261 -1,
183 184 268 -1,
183 268 267 -1,
182 183 267 -1,
182 267 266 -1,
179 262 178 -1,
179 263 262 -1,
179 264 263 -1,
180 264 179 -1,
181 264 180 -1,
181 265 264 -1,
181 266 265 -1,
181 182 266 -1,
474 391 390 -1,
474 475 391 -1,
476 392 391 -1,
476 391 475 -1,
473 389 388 -1,
473 390 389 -1,
473 474 390 -1,
477 392 476 -1,
477 393 392 -1,
472 473 388 -1,
478 393 477 -1,
478 394 393 -1,
471 472 388 -1,
471 388 387 -1,
479 395 394 -1,
479 394 478 -1,
470 471 387 -1,
470 387 386 -1,
480 396 395 -1,
480 395 479 -1,
469 470 386 -1,
469 386 385 -1,
481 396 480 -1,
481 397 396 -1,
468 469 385 -1,
468 385 384 -1,
482 398 397 -1,
482 399 398 -1,
482 397 481 -1,
467 384 383 -1,
467 468 384 -1,
483 399 482 -1,
466 467 383 -1,
466 382 381 -1,
466 383 382 -1,
484 400 399 -1,
484 399 483 -1,
465 466 381 -1,
485 400 484 -1,
485 401 400 -1,
464 381 380 -1,
464 465 381 -1,
486 402 401 -1,
486 401 485 -1,
463 380 379 -1,
463 464 380 -1,
487 402 486 -1,
487 403 402 -1,
462 379 378 -1,
462 463 379 -1,
488 403 487 -1,
488 404 403 -1,
461 377 376 -1,
461 378 377 -1,
461 462 378 -1,
489 404 488 -1,
489 405 404 -1,
460 461 376 -1,
459 375 374 -1,
459 376 375 -1,
459 460 376 -1,
490 406 405 -1,
490 405 489 -1,
458 459 374 -1,
491 406 490 -1,
491 407 406 -1,
491 408 407 -1,
457 458 374 -1,
457 373 372 -1,
457 374 373 -1,
492 408 491 -1,
456 457 372 -1,
493 409 408 -1,
493 408 492 -1,
455 456 372 -1,
455 372 371 -1,
494 409 493 -1,
494 410 409 -1,
454 455 371 -1,
454 371 370 -1,
495 410 494 -1,
495 411 410 -1,
496 411 495 -1,
369 453 454 -1,
369 454 370 -1,
412 411 496 -1,
452 453 369 -1,
368 452 369 -1,
413 412 496 -1,
413 496 497 -1,
367 451 452 -1,
367 452 368 -1,
414 413 497 -1,
414 497 498 -1,
414 498 499 -1,
366 449 450 -1,
366 450 451 -1,
366 451 367 -1,
415 414 499 -1,
365 449 366 -1,
416 415 499 -1,
416 499 500 -1,
364 448 449 -1,
364 449 365 -1,
417 500 501 -1,
417 416 500 -1,
363 446 447 -1,
363 447 448 -1,
363 448 364 -1,
418 501 502 -1,
418 417 501 -1,
362 446 363 -1,
419 502 503 -1,
419 418 502 -1,
361 445 446 -1,
361 446 362 -1,
420 503 504 -1,
420 419 503 -1,
360 444 445 -1,
360 445 361 -1,
421 420 504 -1,
421 504 505 -1,
338 421 505 -1,
338 505 422 -1,
359 443 444 -1,
359 444 360 -1,
358 441 442 -1,
358 442 443 -1,
358 443 359 -1,
339 338 422 -1,
339 422 423 -1,
340 339 423 -1,
340 423 424 -1,
357 441 358 -1,
341 340 424 -1,
341 424 425 -1,
356 440 441 -1,
356 441 357 -1,
342 341 425 -1,
342 425 426 -1,
355 439 440 -1,
355 440 356 -1,
343 342 426 -1,
343 426 427 -1,
343 427 428 -1,
354 438 439 -1,
354 439 355 -1,
354 437 438 -1,
344 343 428 -1,
353 437 354 -1,
345 344 428 -1,
345 428 429 -1,
352 437 353 -1,
352 436 437 -1,
346 345 429 -1,
346 429 430 -1,
351 436 352 -1,
351 435 436 -1,
350 435 351 -1,
350 434 435 -1,
347 346 430 -1,
347 430 431 -1,
347 431 432 -1,
348 347 432 -1,
349 348 432 -1,
349 432 433 -1,
349 433 434 -1,
349 434 350 -1,
507 591 506 -1,
507 592 591 -1,
508 592 507 -1,
508 593 592 -1,
509 594 593 -1,
509 593 508 -1,
510 595 594 -1,
510 594 509 -1,
511 596 595 -1,
511 595 510 -1,
512 597 596 -1,
512 596 511 -1,
513 598 597 -1,
513 597 512 -1,
514 598 513 -1,
514 599 598 -1,
515 599 514 -1,
515 600 599 -1,
516 600 515 -1,
516 601 600 -1,
517 601 516 -1,
517 602 601 -1,
518 602 517 -1,
518 603 602 -1,
518 604 603 -1,
519 604 518 -1,
520 604 519 -1,
520 605 604 -1,
521 605 520 -1,
521 606 605 -1,
522 607 606 -1,
522 606 521 -1,
523 608 607 -1,
523 607 522 -1,
524 609 608 -1,
524 608 523 -1,
525 610 609 -1,
525 609 524 -1,
526 611 610 -1,
526 612 611 -1,
526 610 525 -1,
527 612 526 -1,
528 613 612 -1,
528 612 527 -1,
529 614 613 -1,
529 613 528 -1,
530 615 614 -1,
530 614 529 -1,
531 616 615 -1,
531 615 530 -1,
532 617 616 -1,
532 616 531 -1,
533 618 617 -1,
533 617 532 -1,
534 619 618 -1,
534 620 619 -1,
534 618 533 -1,
535 620 534 -1,
536 621 620 -1,
536 620 535 -1,
537 622 621 -1,
537 621 536 -1,
538 622 537 -1,
538 623 622 -1,
538 624 623 -1,
539 624 538 -1,
540 624 539 -1,
540 625 624 -1,
541 625 540 -1,
541 626 625 -1,
541 627 626 -1,
542 627 541 -1,
543 628 627 -1,
543 627 542 -1,
544 629 628 -1,
544 628 543 -1,
545 630 629 -1,
545 629 544 -1,
546 631 630 -1,
546 630 545 -1,
547 632 631 -1,
547 631 546 -1,
548 633 632 -1,
548 634 633 -1,
548 632 547 -1,
549 634 548 -1,
550 635 634 -1,
550 634 549 -1,
551 636 635 -1,
551 635 550 -1,
552 637 636 -1,
552 636 551 -1,
553 638 637 -1,
553 637 552 -1,
554 639 638 -1,
554 640 639 -1,
554 638 553 -1,
555 640 554 -1,
556 641 640 -1,
556 640 555 -1,
557 642 641 -1,
557 641 556 -1,
558 643 642 -1,
558 644 643 -1,
558 642 557 -1,
559 645 644 -1,
559 644 558 -1,
560 645 559 -1,
561 646 645 -1,
561 645 560 -1,
562 647 646 -1,
562 646 561 -1,
563 648 647 -1,
563 647 562 -1,
564 648 563 -1,
564 649 648 -1,
564 650 649 -1,
565 650 564 -1,
566 650 565 -1,
566 651 650 -1,
567 651 566 -1,
567 652 651 -1,
567 653 652 -1,
568 653 567 -1,
569 653 568 -1,
569 654 653 -1,
569 655 654 -1,
570 655 569 -1,
571 655 570 -1,
571 656 655 -1,
572 656 571 -1,
572 657 656 -1,
572 658 657 -1,
573 658 572 -1,
574 658 573 -1,
574 659 658 -1,
575 659 574 -1,
575 660 659 -1,
576 660 575 -1,
576 661 660 -1,
577 661 576 -1,
577 662 661 -1,
577 663 662 -1,
578 663 577 -1,
578 664 663 -1,
579 665 664 -1,
579 664 578 -1,
580 665 579 -1,
581 666 665 -1,
581 665 580 -1,
582 667 666 -1,
582 666 581 -1,
583 668 667 -1,
583 667 582 -1,
584 669 668 -1,
584 670 669 -1,
584 668 583 -1,
585 670 584 -1,
586 671 670 -1,
586 672 671 -1,
586 670 585 -1,
587 672 586 -1,
588 673 672 -1,
588 672 587 -1,
589 673 588 -1,
589 674 673 -1,
590 674 589 -1,
590 675 674 -1 ] solid TRUE creaseAngle 0.5 } }
